"Crash ID","City","Crash Date","Crash Death Count","Weather Condition","Vehicle Make","Vehicle Model Name","Vehicle Model Year","Person Death Count","Person Helmet"
"19312381","WACO","2023-01-01","0","1 - CLEAR","NISSAN","TITAN (NISSAN)","2005","0","97 - NOT APPLICABLE"
"19312381","WACO","2023-01-01","0","1 - CLEAR","POLARIS","SLINGSHOT (POLARIS)","2022","0","1 - NOT WORN"
"19312381","WACO","2023-01-01","0","1 - CLEAR","POLARIS","SLINGSHOT (POLARIS)","2022","0","1 - NOT WORN"
"19312477","MINERAL WELLS","2023-01-01","0","1 - CLEAR","HONDA","CMX250 (HONDA)","2006","0","4 - WORN, UNK DAMAGE"
"19312477","MINERAL WELLS","2023-01-01","0","1 - CLEAR","CHEVROLET","CRUZE (CHEVROLET)","2015","0","97 - NOT APPLICABLE"
"19312477","MINERAL WELLS","2023-01-01","0","1 - CLEAR","CHEVROLET","CRUZE (CHEVROLET)","2015","0","97 - NOT APPLICABLE"
"19313464","TYLER","2023-01-01","0","1 - CLEAR","HARLEY-DAVIDSON","UNKNOWN (HARLEY-DAVIDSON)","2016","0","2 - WORN, DAMAGED"
"19315648","EULESS","2023-01-01","0","1 - CLEAR","DODGE","DART (DODGE)","2016","0","97 - NOT APPLICABLE"
"19315648","EULESS","2023-01-01","0","1 - CLEAR","DODGE","DART (DODGE)","2016","0","97 - NOT APPLICABLE"
"19315648","EULESS","2023-01-01","0","1 - CLEAR","YAMAHA","UNKNOWN (YAMAHA)","2021","0","99 - UNKNOWN IF WORN"
"19318190","OUTSIDE CITY LIMITS","2023-01-01","0","1 - CLEAR","HARLEY-DAVIDSON","FLHRXS (HARLEY-DAVIDSON)","2021","0","3 - WORN, NOT DAMAGED"
"19319952","WEBBERVILLE","2023-01-01","1","1 - CLEAR","HARLEY-DAVIDSON","FLHTCUI (HARLEY-DAVIDSON)","2001","1","1 - NOT WORN"
"19320011","DENTON","2023-01-01","1","1 - CLEAR","SUZUKI","GSX-R750 (SUZUKI)","2002","1","2 - WORN, DAMAGED"
"19320011","DENTON","2023-01-01","1","1 - CLEAR","MERCURY","SABLE (MERCURY)","2008","0","97 - NOT APPLICABLE"
"19320011","DENTON","2023-01-01","1","1 - CLEAR","MERCURY","SABLE (MERCURY)","2008","0","97 - NOT APPLICABLE"
"19320391","OUTSIDE CITY LIMITS","2023-01-01","0","2 - CLOUDY","HARLEY-DAVIDSON","FLHX (HARLEY-DAVIDSON)","2017","0","2 - WORN, DAMAGED"
"19320391","OUTSIDE CITY LIMITS","2023-01-01","0","2 - CLOUDY","HARLEY-DAVIDSON","FLHX (HARLEY-DAVIDSON)","2017","0","2 - WORN, DAMAGED"
"19320460","OUTSIDE CITY LIMITS","2023-01-01","0","1 - CLEAR","TRIUMPH MOTORCYCLE","T509 (TRIUMPH MOTORCYCLE)","2006","0","2 - WORN, DAMAGED"
"19321334","SULPHUR SPRINGS","2023-01-01","0","1 - CLEAR","TOYOTA","RAV4 (TOYOTA)","2007","0","97 - NOT APPLICABLE"
"19321334","SULPHUR SPRINGS","2023-01-01","0","1 - CLEAR","TOYOTA","RAV4 (TOYOTA)","2007","0","97 - NOT APPLICABLE"
"19321334","SULPHUR SPRINGS","2023-01-01","0","1 - CLEAR","HARLEY-DAVIDSON","FLH (HARLEY-DAVIDSON)","2012","0","1 - NOT WORN"
"19321334","SULPHUR SPRINGS","2023-01-01","0","1 - CLEAR","HARLEY-DAVIDSON","FLH (HARLEY-DAVIDSON)","2012","0","1 - NOT WORN"
"19332776","LEAGUE CITY","2023-01-01","0","6 - FOG","HONDA","CBR300 (HONDA)","2016","0","2 - WORN, DAMAGED"
"19335316","DALLAS","2023-01-01","0","1 - CLEAR","No Data","No Data","No Data","0","97 - NOT APPLICABLE"
"19335316","DALLAS","2023-01-01","0","1 - CLEAR","YAMAHA","UNKNOWN (YAMAHA)","2016","0","4 - WORN, UNK DAMAGE"
"19343838","OUTSIDE CITY LIMITS","2023-01-01","0","1 - CLEAR","HONDA","ATC350 (HONDA)","2019","0","2 - WORN, DAMAGED"
"19347928","BAYTOWN","2023-01-01","1","6 - FOG","FORD","MUSTANG (FORD)","2014","0","97 - NOT APPLICABLE"
"19347928","BAYTOWN","2023-01-01","1","6 - FOG","FORD","MUSTANG (FORD)","2014","0","97 - NOT APPLICABLE"
"19347928","BAYTOWN","2023-01-01","1","6 - FOG","KAWASAKI","EX300 (KAWASAKI)","2014","1","2 - WORN, DAMAGED"
"19347928","BAYTOWN","2023-01-01","1","6 - FOG","INFINITI","G37 (INFINITI)","2009","0","97 - NOT APPLICABLE"
"19315941","HOUSTON","2023-01-02","0","3 - RAIN","HONDA","UNKNOWN (HONDA)","2002","0","99 - UNKNOWN IF WORN"
"19324653","SAN MARCOS","2023-01-02","0","1 - CLEAR","KIA","SOUL (KIA)","2011","0","97 - NOT APPLICABLE"
"19324653","SAN MARCOS","2023-01-02","0","1 - CLEAR","YAMAHA","YZFR3 (YAMAHA)","2016","0","2 - WORN, DAMAGED"
"19330882","MCALLEN","2023-01-02","0","1 - CLEAR","CHEVROLET","SILVERADO (CHEVROLET)","2008","0","97 - NOT APPLICABLE"
"19330882","MCALLEN","2023-01-02","0","1 - CLEAR","YAMAHA","XVS65 (YAMAHA)","2007","0","3 - WORN, NOT DAMAGED"
"19335553","OUTSIDE CITY LIMITS","2023-01-02","0","1 - CLEAR","UNKNOWN","UNKNOWN (UNKNOWN)","2021","0","1 - NOT WORN"
"19335553","OUTSIDE CITY LIMITS","2023-01-02","0","1 - CLEAR","JAGUAR","XJ (JAGUAR)","2016","0","97 - NOT APPLICABLE"
"19316393","PASADENA","2023-01-03","0","1 - CLEAR","No Data","No Data","No Data","0","97 - NOT APPLICABLE"
"19316393","PASADENA","2023-01-03","0","1 - CLEAR","KAWASAKI","NINJA ZX (KAWASAKI)","2023","0","2 - WORN, DAMAGED"
"19316849","DALLAS","2023-01-03","0","1 - CLEAR","FORD","ESCAPE (FORD)","2019","0","97 - NOT APPLICABLE"
"19316849","DALLAS","2023-01-03","0","1 - CLEAR","SUZUKI","SV650 (SUZUKI)","2017","0","3 - WORN, NOT DAMAGED"
"19317303","DALLAS","2023-01-03","0","1 - CLEAR","SUBARU","LEGACY (SUBARU)","2018","0","97 - NOT APPLICABLE"
"19317303","DALLAS","2023-01-03","0","1 - CLEAR","HONDA","UNKNOWN (HONDA)","2005","0","99 - UNKNOWN IF WORN"
"19329200","GARLAND","2023-01-03","0","1 - CLEAR","FORD","FOCUS (FORD)","2016","0","97 - NOT APPLICABLE"
"19329200","GARLAND","2023-01-03","0","1 - CLEAR","HONDA","CROSSTOUR (HONDA)","2002","0","1 - NOT WORN"
"19358200","ADDISON","2023-01-03","0","1 - CLEAR","NISSAN","TITAN (NISSAN)","2014","0","97 - NOT APPLICABLE"
"19358200","ADDISON","2023-01-03","0","1 - CLEAR","HONDA","CBR600 (HONDA)","2012","0","2 - WORN, DAMAGED"
"19318895","BROWNSVILLE","2023-01-04","0","1 - CLEAR","HONDA","UNKNOWN (HONDA)","2018","0","3 - WORN, NOT DAMAGED"
"19318895","BROWNSVILLE","2023-01-04","0","1 - CLEAR","CHEVROLET","TAHOE (CHEVROLET)","2012","0","97 - NOT APPLICABLE"
"19318895","BROWNSVILLE","2023-01-04","0","1 - CLEAR","CHEVROLET","TAHOE (CHEVROLET)","2012","0","97 - NOT APPLICABLE"
"19318895","BROWNSVILLE","2023-01-04","0","1 - CLEAR","CHEVROLET","TAHOE (CHEVROLET)","2012","0","97 - NOT APPLICABLE"
"19319664","OUTSIDE CITY LIMITS","2023-01-04","1","1 - CLEAR","HARLEY-DAVIDSON","UNKNOWN (HARLEY-DAVIDSON)","2016","1","1 - NOT WORN"
"19326904","OUTSIDE CITY LIMITS","2023-01-04","0","1 - CLEAR","SUZUKI","M109R / VZR1800 (SUZUKI)","2017","0","2 - WORN, DAMAGED"
"19326904","OUTSIDE CITY LIMITS","2023-01-04","0","1 - CLEAR","CHEVROLET","UNKNOWN (CHEVROLET)","2021","0","97 - NOT APPLICABLE"
"19329324","GARLAND","2023-01-04","0","1 - CLEAR","TRIUMPH MOTORCYCLE","SPEED (TRIUMPH MOTORCYCLE)","2020","0","2 - WORN, DAMAGED"
"19329324","GARLAND","2023-01-04","0","1 - CLEAR","MAZDA","MAZDA3 (MAZDA)","2012","0","97 - NOT APPLICABLE"
"19329324","GARLAND","2023-01-04","0","1 - CLEAR","MAZDA","MAZDA3 (MAZDA)","2012","0","97 - NOT APPLICABLE"
"19331114","SLATON","2023-01-04","0","1 - CLEAR","CADILLAC","DEVILLE (CADILLAC)","2002","0","97 - NOT APPLICABLE"
"19331114","SLATON","2023-01-04","0","1 - CLEAR","HONDA","VT750 (HONDA)","2011","0","1 - NOT WORN"
"19338648","OUTSIDE CITY LIMITS","2023-01-04","0","1 - CLEAR","HARLEY-DAVIDSON","FLH (HARLEY-DAVIDSON)","2018","0","2 - WORN, DAMAGED"
"19349755","OUTSIDE CITY LIMITS","2023-01-04","0","1 - CLEAR","FORD","MUSTANG (FORD)","2019","0","97 - NOT APPLICABLE"
"19349755","OUTSIDE CITY LIMITS","2023-01-04","0","1 - CLEAR","TOYOTA","CAMRY (TOYOTA)","2017","0","97 - NOT APPLICABLE"
"19349755","OUTSIDE CITY LIMITS","2023-01-04","0","1 - CLEAR","HONDA","CBR1000 (HONDA)","2014","0","1 - NOT WORN"
"19320787","AUSTIN","2023-01-05","0","1 - CLEAR","HONDA","CBR600 (HONDA)","2001","0","1 - NOT WORN"
"19325792","OUTSIDE CITY LIMITS","2023-01-05","0","1 - CLEAR","BUICK","ENCORE (BUICK)","2016","0","97 - NOT APPLICABLE"
"19325792","OUTSIDE CITY LIMITS","2023-01-05","0","1 - CLEAR","KAWASAKI","UNKNOWN (KAWASAKI)","2018","0","4 - WORN, UNK DAMAGE"
"19327186","OUTSIDE CITY LIMITS","2023-01-05","0","1 - CLEAR","SUZUKI","GSX-R750 (SUZUKI)","2007","0","4 - WORN, UNK DAMAGE"
"19327186","OUTSIDE CITY LIMITS","2023-01-05","0","1 - CLEAR","NISSAN","TITAN (NISSAN)","2005","0","97 - NOT APPLICABLE"
"19353244","OUTSIDE CITY LIMITS","2023-01-05","0","1 - CLEAR","HARLEY-DAVIDSON","ELW (HARLEY-DAVIDSON)","2004","0","1 - NOT WORN"
"19322648","ABILENE","2023-01-06","0","1 - CLEAR","HARLEY-DAVIDSON","XLS (HARLEY-DAVIDSON)","2005","0","1 - NOT WORN"
"19322648","ABILENE","2023-01-06","0","1 - CLEAR","CHEVROLET","C1500 SUBURBAN (CHEVROLET)","2007","0","97 - NOT APPLICABLE"
"19322648","ABILENE","2023-01-06","0","1 - CLEAR","CHEVROLET","C1500 SUBURBAN (CHEVROLET)","2007","0","97 - NOT APPLICABLE"
"19322668","BUDA","2023-01-06","0","2 - CLOUDY","SUZUKI","GSX (SUZUKI)","2006","0","4 - WORN, UNK DAMAGE"
"19322782","HOUSTON","2023-01-06","1","1 - CLEAR","HONDA","CBR1000 (HONDA)","2008","1","2 - WORN, DAMAGED"
"19322782","HOUSTON","2023-01-06","1","1 - CLEAR","UNKNOWN","UNKNOWN (UNKNOWN)","No Data","0","97 - NOT APPLICABLE"
"19322782","HOUSTON","2023-01-06","1","1 - CLEAR","FREIGHTLINER","UNKNOWN (FREIGHTLINER)","2021","0","97 - NOT APPLICABLE"
"19327248","OUTSIDE CITY LIMITS","2023-01-06","0","1 - CLEAR","YAMAHA","UNKNOWN (YAMAHA)","2005","0","1 - NOT WORN"
"19328805","CORSICANA","2023-01-06","0","2 - CLOUDY","SUZUKI","GSX1300 (SUZUKI)","2012","0","1 - NOT WORN"
"19328805","CORSICANA","2023-01-06","0","2 - CLOUDY","RAM","3500 (RAM)","2019","0","97 - NOT APPLICABLE"
"19330148","HOUSTON","2023-01-06","0","1 - CLEAR","INDIAN MOTORCYCLE CO.","UNKNOWN (INDIAN MOTORCYCLE CO.)","2016","0","2 - WORN, DAMAGED"
"19330148","HOUSTON","2023-01-06","0","1 - CLEAR","CHEVROLET","SILVERADO (CHEVROLET)","2010","0","97 - NOT APPLICABLE"
"19331304","GARLAND","2023-01-06","0","1 - CLEAR","HONDA","CIVIC (HONDA)","2000","0","97 - NOT APPLICABLE"
"19331304","GARLAND","2023-01-06","0","1 - CLEAR","HONDA","CIVIC (HONDA)","2000","0","97 - NOT APPLICABLE"
"19331304","GARLAND","2023-01-06","0","1 - CLEAR","KAWASAKI","KLX140 (KAWASAKI)","2013","0","3 - WORN, NOT DAMAGED"
"19337560","FLOWER MOUND","2023-01-06","1","1 - CLEAR","KAWASAKI","UNKNOWN (KAWASAKI)","2005","1","2 - WORN, DAMAGED"
"19339834","DALLAS","2023-01-06","0","1 - CLEAR","ACURA","ILX (ACURA)","2016","0","97 - NOT APPLICABLE"
"19339834","DALLAS","2023-01-06","0","1 - CLEAR","HONDA","VT1100 (HONDA)","2010","0","1 - NOT WORN"
"19340766","KILLEEN","2023-01-06","0","2 - CLOUDY","SATURN","SC2 (SATURN)","2001","0","97 - NOT APPLICABLE"
"19340766","KILLEEN","2023-01-06","0","2 - CLOUDY","SATURN","SC2 (SATURN)","2001","0","97 - NOT APPLICABLE"
"19340766","KILLEEN","2023-01-06","0","2 - CLOUDY","HARLEY-DAVIDSON","FLD (HARLEY-DAVIDSON)","2007","0","1 - NOT WORN"
"19341751","DALLAS","2023-01-06","0","1 - CLEAR","HONDA","CBR1000 (HONDA)","2004","0","2 - WORN, DAMAGED"
"19341751","DALLAS","2023-01-06","0","1 - CLEAR","NISSAN","ALTIMA (NISSAN)","2018","0","97 - NOT APPLICABLE"
"19341751","DALLAS","2023-01-06","0","1 - CLEAR","NISSAN","ALTIMA (NISSAN)","2018","0","97 - NOT APPLICABLE"
"19347732","OUTSIDE CITY LIMITS","2023-01-06","0","1 - CLEAR","VICTORIA IRON & METAL","NOT APPLICABLE (VICTORIA IRON & METAL)","2005","0","4 - WORN, UNK DAMAGE"
"19323234","OUTSIDE CITY LIMITS","2023-01-07","0","1 - CLEAR","FORD","F350 (FORD)","1999","0","97 - NOT APPLICABLE"
"19323234","OUTSIDE CITY LIMITS","2023-01-07","0","1 - CLEAR","HARLEY-DAVIDSON","FLD (HARLEY-DAVIDSON)","2007","0","1 - NOT WORN"
"19323507","OUTSIDE CITY LIMITS","2023-01-07","0","1 - CLEAR","HARLEY-DAVIDSON","FLHTCUTG (HARLEY-DAVIDSON)","2020","0","4 - WORN, UNK DAMAGE"
"19323628","ROBINSON","2023-01-07","0","3 - RAIN","HARLEY-DAVIDSON","FLHCS (HARLEY-DAVIDSON)","2008","0","1 - NOT WORN"
"19324641","KAUFMAN","2023-01-07","0","2 - CLOUDY","HARLEY-DAVIDSON","FLH (HARLEY-DAVIDSON)","2018","0","1 - NOT WORN"
"19324641","KAUFMAN","2023-01-07","0","2 - CLOUDY","LINCOLN","MKX (LINCOLN)","2016","0","97 - NOT APPLICABLE"
"19324641","KAUFMAN","2023-01-07","0","2 - CLOUDY","LINCOLN","MKX (LINCOLN)","2016","0","97 - NOT APPLICABLE"
"19325046","AUSTIN","2023-01-07","0","2 - CLOUDY","MOTO GUZZI","UNKNOWN (MOTO GUZZI)","2012","0","2 - WORN, DAMAGED"
"19338734","LITTLE ELM","2023-01-07","0","1 - CLEAR","HARLEY-DAVIDSON","FLH (HARLEY-DAVIDSON)","2019","0","1 - NOT WORN"
"19338734","LITTLE ELM","2023-01-07","0","1 - CLEAR","KENWORTH","UNKNOWN (KENWORTH)","2016","0","97 - NOT APPLICABLE"
"19338865","FORT WORTH","2023-01-07","1","1 - CLEAR","HARLEY-DAVIDSON","FXS (HARLEY-DAVIDSON)","2015","1","1 - NOT WORN"
"19339926","OUTSIDE CITY LIMITS","2023-01-07","0","2 - CLOUDY","KAWASAKI","ZX636 (KAWASAKI)","2006","0","2 - WORN, DAMAGED"
"19340140","DALLAS","2023-01-07","0","1 - CLEAR","YAMAHA","YFZ350 (YAMAHA)","2019","0","3 - WORN, NOT DAMAGED"
"19343787","OUTSIDE CITY LIMITS","2023-01-07","0","2 - CLOUDY","NISSAN","FRONTIER (NISSAN)","2019","0","97 - NOT APPLICABLE"
"19343787","OUTSIDE CITY LIMITS","2023-01-07","0","2 - CLOUDY","HONDA","CBR250 (HONDA)","2013","0","4 - WORN, UNK DAMAGE"
"19345031","OUTSIDE CITY LIMITS","2023-01-07","1","1 - CLEAR","SUZUKI","GSX-R1000 (SUZUKI)","2008","1","3 - WORN, NOT DAMAGED"
"19345031","OUTSIDE CITY LIMITS","2023-01-07","1","1 - CLEAR","CHEVROLET","3500HD (CHEVROLET)","2021","0","97 - NOT APPLICABLE"
"19345031","OUTSIDE CITY LIMITS","2023-01-07","1","1 - CLEAR","CHEVROLET","3500HD (CHEVROLET)","2021","0","97 - NOT APPLICABLE"
"19324346","BEAUMONT","2023-01-08","0","1 - CLEAR","HARLEY-DAVIDSON","FLH (HARLEY-DAVIDSON)","2017","0","2 - WORN, DAMAGED"
"19324346","BEAUMONT","2023-01-08","0","1 - CLEAR","CHEVROLET","SILVERADO (CHEVROLET)","2016","0","97 - NOT APPLICABLE"
"19324423","GLADEWATER","2023-01-08","0","1 - CLEAR","SUZUKI","GSX-R600 (SUZUKI)","2015","0","1 - NOT WORN"
"19324629","VICTORIA","2023-01-08","0","1 - CLEAR","HARLEY-DAVIDSON","FXDBP (HARLEY-DAVIDSON)","2007","0","4 - WORN, UNK DAMAGE"
"19324631","MESQUITE","2023-01-08","0","1 - CLEAR","HARLEY-DAVIDSON","UNKNOWN (HARLEY-DAVIDSON)","2014","0","1 - NOT WORN"
"19328057","OUTSIDE CITY LIMITS","2023-01-08","0","1 - CLEAR","TOYOTA","COROLLA (TOYOTA)","2016","0","97 - NOT APPLICABLE"
"19328057","OUTSIDE CITY LIMITS","2023-01-08","0","1 - CLEAR","TOYOTA","COROLLA (TOYOTA)","2016","0","97 - NOT APPLICABLE"
"19328057","OUTSIDE CITY LIMITS","2023-01-08","0","1 - CLEAR","HARLEY-DAVIDSON","FLSTC (HARLEY-DAVIDSON)","2016","0","2 - WORN, DAMAGED"
"19329629","LIVE OAK","2023-01-08","0","1 - CLEAR","GMC","C1500 (GMC)","2002","0","97 - NOT APPLICABLE"
"19329629","LIVE OAK","2023-01-08","0","1 - CLEAR","GMC","C1500 (GMC)","2002","0","97 - NOT APPLICABLE"
"19329629","LIVE OAK","2023-01-08","0","1 - CLEAR","KTM","380 (KTM)","2018","0","2 - WORN, DAMAGED"
"19329629","LIVE OAK","2023-01-08","0","1 - CLEAR","DODGE","RAM 1500 (DODGE)","2019","0","97 - NOT APPLICABLE"
"19329629","LIVE OAK","2023-01-08","0","1 - CLEAR","DODGE","RAM 1500 (DODGE)","2019","0","97 - NOT APPLICABLE"
"19329629","LIVE OAK","2023-01-08","0","1 - CLEAR","DODGE","RAM 1500 (DODGE)","2019","0","97 - NOT APPLICABLE"
"19335239","OUTSIDE CITY LIMITS","2023-01-08","0","1 - CLEAR","SUZUKI","GSX-S750 (SUZUKI)","2020","0","2 - WORN, DAMAGED"
"19338677","OUTSIDE CITY LIMITS","2023-01-08","0","1 - CLEAR","HONDA","UNKNOWN (HONDA)","2003","0","4 - WORN, UNK DAMAGE"
"19342958","HOUSTON","2023-01-08","1","1 - CLEAR","HARLEY-DAVIDSON","FLHC (HARLEY-DAVIDSON)","2010","1","1 - NOT WORN"
"19342958","HOUSTON","2023-01-08","1","1 - CLEAR","CHRYSLER","300 (CHRYSLER)","2010","0","97 - NOT APPLICABLE"
"19342958","HOUSTON","2023-01-08","1","1 - CLEAR","DODGE","CHARGER (DODGE)","2018","0","97 - NOT APPLICABLE"
"19356047","OUTSIDE CITY LIMITS","2023-01-08","0","1 - CLEAR","CAN-AM","SPYDER ROADSTER (CAN-AM)","2012","0","4 - WORN, UNK DAMAGE"
"19382792","HOUSTON","2023-01-08","2","1 - CLEAR","HONDA","GL1200 (HONDA)","2009","1","1 - NOT WORN"
"19382792","HOUSTON","2023-01-08","2","1 - CLEAR","No Data","No Data","No Data","1","1 - NOT WORN"
"19329630","HOUSTON","2023-01-09","0","1 - CLEAR","KAWASAKI","UNKNOWN (KAWASAKI)","2006","0","4 - WORN, UNK DAMAGE"
"19329630","HOUSTON","2023-01-09","0","1 - CLEAR","TOYOTA","CAMRY (TOYOTA)","2008","0","97 - NOT APPLICABLE"
"19330192","LAKE WORTH","2023-01-09","0","1 - CLEAR","SUZUKI","GSX (SUZUKI)","2020","0","4 - WORN, UNK DAMAGE"
"19330192","LAKE WORTH","2023-01-09","0","1 - CLEAR","JEEP","WAGONEER (JEEP)","2022","0","97 - NOT APPLICABLE"
"19333154","OUTSIDE CITY LIMITS","2023-01-09","0","1 - CLEAR","HARLEY-DAVIDSON","FLHTKSE (HARLEY-DAVIDSON)","2020","0","1 - NOT WORN"
"19327049","MISSOURI CITY","2023-01-10","0","6 - FOG","GMC","SIERRA (GMC)","2017","0","97 - NOT APPLICABLE"
"19327049","MISSOURI CITY","2023-01-10","0","6 - FOG","KAWASAKI","KZ650 (KAWASAKI)","2017","0","2 - WORN, DAMAGED"
"19330267","HURST","2023-01-10","0","2 - CLOUDY","DODGE","CHALLENGER (DODGE)","2017","0","97 - NOT APPLICABLE"
"19330267","HURST","2023-01-10","0","2 - CLOUDY","KAWASAKI","VN1600 (KAWASAKI)","2007","0","4 - WORN, UNK DAMAGE"
"19332026","DALLAS","2023-01-10","0","1 - CLEAR","HYUNDAI","ELANTRA (HYUNDAI)","2013","0","97 - NOT APPLICABLE"
"19332026","DALLAS","2023-01-10","0","1 - CLEAR","HONDA","CB500 (HONDA)","2017","0","2 - WORN, DAMAGED"
"19333400","OUTSIDE CITY LIMITS","2023-01-10","0","1 - CLEAR","HARLEY-DAVIDSON","UNKNOWN (HARLEY-DAVIDSON)","2006","0","1 - NOT WORN"
"19333400","OUTSIDE CITY LIMITS","2023-01-10","0","1 - CLEAR","TOYOTA","CAMRY (TOYOTA)","2007","0","97 - NOT APPLICABLE"
"19333400","OUTSIDE CITY LIMITS","2023-01-10","0","1 - CLEAR","TOYOTA","CAMRY (TOYOTA)","2007","0","97 - NOT APPLICABLE"
"19336775","OUTSIDE CITY LIMITS","2023-01-10","0","1 - CLEAR","SUZUKI","LT-Z250 (SUZUKI)","2005","0","1 - NOT WORN"
"19337035","GIDDINGS","2023-01-10","0","1 - CLEAR","MAZDA","CX-5 (MAZDA)","2020","0","97 - NOT APPLICABLE"
"19337035","GIDDINGS","2023-01-10","0","1 - CLEAR","HONDA","GL1800 (HONDA)","2006","0","2 - WORN, DAMAGED"
"19344438","OUTSIDE CITY LIMITS","2023-01-10","0","1 - CLEAR","FORD","F150 (FORD)","2018","0","97 - NOT APPLICABLE"
"19344438","OUTSIDE CITY LIMITS","2023-01-10","0","1 - CLEAR","FORD","F150 (FORD)","2018","0","97 - NOT APPLICABLE"
"19344438","OUTSIDE CITY LIMITS","2023-01-10","0","1 - CLEAR","HARLEY-DAVIDSON","FLT (HARLEY-DAVIDSON)","2011","0","2 - WORN, DAMAGED"
"19345306","OUTSIDE CITY LIMITS","2023-01-10","0","1 - CLEAR","OTHER (EXPLAIN IN NARRATIVE)","OTHER (EXPLAIN IN NARRATIVE) (OTHER (EXPLAIN IN NARRATIVE))","2020","0","1 - NOT WORN"
"19329538","SAN ANGELO","2023-01-11","1","1 - CLEAR","SUZUKI","UH200 (SUZUKI)","2019","1","3 - WORN, NOT DAMAGED"
"19329538","SAN ANGELO","2023-01-11","1","1 - CLEAR","FORD","MAVERICK (FORD)","2022","0","97 - NOT APPLICABLE"
"19329558","AUSTIN","2023-01-11","0","2 - CLOUDY","KALYN CO","NOT APPLICABLE (KALYN CO)","2015","0","3 - WORN, NOT DAMAGED"
"19329558","AUSTIN","2023-01-11","0","2 - CLOUDY","KALYN CO","NOT APPLICABLE (KALYN CO)","2015","0","1 - NOT WORN"
"19329558","AUSTIN","2023-01-11","0","2 - CLOUDY","CHEVROLET","C2500 (CHEVROLET)","2021","0","97 - NOT APPLICABLE"
"19329558","AUSTIN","2023-01-11","0","2 - CLOUDY","CHEVROLET","C2500 (CHEVROLET)","2021","0","97 - NOT APPLICABLE"
"19329558","AUSTIN","2023-01-11","0","2 - CLOUDY","CHEVROLET","C2500 (CHEVROLET)","2021","0","97 - NOT APPLICABLE"
"19329558","AUSTIN","2023-01-11","0","2 - CLOUDY","CHEVROLET","C2500 (CHEVROLET)","2021","0","97 - NOT APPLICABLE"
"19331340","VIDOR","2023-01-11","0","1 - CLEAR","TOYOTA","RAV4 (TOYOTA)","2021","0","97 - NOT APPLICABLE"
"19331340","VIDOR","2023-01-11","0","1 - CLEAR","HARLEY-DAVIDSON","FLH (HARLEY-DAVIDSON)","2008","0","1 - NOT WORN"
"19332691","DECATUR","2023-01-11","0","1 - CLEAR","HARLEY-DAVIDSON","FLHX (HARLEY-DAVIDSON)","2006","0","1 - NOT WORN"
"19333021","OUTSIDE CITY LIMITS","2023-01-11","0","1 - CLEAR","RAM","PROMASTER 3500 (RAM)","2021","0","97 - NOT APPLICABLE"
"19333021","OUTSIDE CITY LIMITS","2023-01-11","0","1 - CLEAR","KAWASAKI","VN900 (KAWASAKI)","2016","0","1 - NOT WORN"
"19343621","SAN ANTONIO","2023-01-11","0","6 - FOG","HONDA","CBR600 (HONDA)","2011","0","2 - WORN, DAMAGED"
"19343621","SAN ANTONIO","2023-01-11","0","6 - FOG","FREIGHTLINER","CONVENTIONAL (FREIGHTLINER)","2019","0","97 - NOT APPLICABLE"
"19348284","OUTSIDE CITY LIMITS","2023-01-11","1","2 - CLOUDY","HONDA","VTX1300 (HONDA)","2007","1","1 - NOT WORN"
"19352639","FORT WORTH","2023-01-11","0","1 - CLEAR","FORD","F150 (FORD)","2006","0","97 - NOT APPLICABLE"
"19352639","FORT WORTH","2023-01-11","0","1 - CLEAR","FORD","F150 (FORD)","2006","0","97 - NOT APPLICABLE"
"19352639","FORT WORTH","2023-01-11","0","1 - CLEAR","FORD","F150 (FORD)","2006","0","97 - NOT APPLICABLE"
"19352639","FORT WORTH","2023-01-11","0","1 - CLEAR","SUZUKI","M50 (SUZUKI)","2008","0","99 - UNKNOWN IF WORN"
"19354784","SAN MARCOS","2023-01-11","0","1 - CLEAR","HONDA","CBR1000 (HONDA)","2007","0","1 - NOT WORN"
"19354784","SAN MARCOS","2023-01-11","0","1 - CLEAR","TOYOTA","COROLLA (TOYOTA)","2022","0","97 - NOT APPLICABLE"
"19332193","MIDLOTHIAN","2023-01-12","0","1 - CLEAR","PONTIAC","LEMANS (PONTIAC)","1972","0","97 - NOT APPLICABLE"
"19332193","MIDLOTHIAN","2023-01-12","0","1 - CLEAR","PONTIAC","LEMANS (PONTIAC)","1972","0","97 - NOT APPLICABLE"
"19332193","MIDLOTHIAN","2023-01-12","0","1 - CLEAR","HARLEY-DAVIDSON","ELW (HARLEY-DAVIDSON)","2005","0","99 - UNKNOWN IF WORN"
"19353607","RICHARDSON","2023-01-12","1","1 - CLEAR","VICTORY MOTORCYCLES","GUNNER (VICTORY MOTORCYCLES)","2015","1","1 - NOT WORN"
"19380518","DALLAS","2023-01-12","1","1 - CLEAR","LEXUS","RX 350 (LEXUS)","2010","0","97 - NOT APPLICABLE"
"19380518","DALLAS","2023-01-12","1","1 - CLEAR","LEXUS","RX 350 (LEXUS)","2010","0","97 - NOT APPLICABLE"
"19380518","DALLAS","2023-01-12","1","1 - CLEAR","SUZUKI","VL800 (SUZUKI)","2005","1","2 - WORN, DAMAGED"
"19336766","OUTSIDE CITY LIMITS","2023-01-13","0","1 - CLEAR","SUZUKI","SX4 (SUZUKI)","2007","0","97 - NOT APPLICABLE"
"19336766","OUTSIDE CITY LIMITS","2023-01-13","0","1 - CLEAR","YAMAHA","YZF600 (YAMAHA)","2000","0","2 - WORN, DAMAGED"
"19337306","EL PASO","2023-01-13","1","1 - CLEAR","GMC","SIERRA C1500 (GMC)","2016","0","97 - NOT APPLICABLE"
"19337306","EL PASO","2023-01-13","1","1 - CLEAR","GMC","SIERRA C1500 (GMC)","2016","0","97 - NOT APPLICABLE"
"19337306","EL PASO","2023-01-13","1","1 - CLEAR","HONDA","CBR600 (HONDA)","2006","1","2 - WORN, DAMAGED"
"19339192","OUTSIDE CITY LIMITS","2023-01-13","0","1 - CLEAR","KAWASAKI","KZ650 (KAWASAKI)","2022","0","1 - NOT WORN"
"19339192","OUTSIDE CITY LIMITS","2023-01-13","0","1 - CLEAR","FORD","TRANSIT (FORD)","2019","0","97 - NOT APPLICABLE"
"19339192","OUTSIDE CITY LIMITS","2023-01-13","0","1 - CLEAR","JEEP","GRAND CHEROKEE (JEEP)","2015","0","97 - NOT APPLICABLE"
"19339192","OUTSIDE CITY LIMITS","2023-01-13","0","1 - CLEAR","JEEP","GRAND CHEROKEE (JEEP)","2015","0","97 - NOT APPLICABLE"
"19340751","OUTSIDE CITY LIMITS","2023-01-13","0","1 - CLEAR","FORD","F150 (FORD)","2022","0","97 - NOT APPLICABLE"
"19340751","OUTSIDE CITY LIMITS","2023-01-13","0","1 - CLEAR","FORD","F150 (FORD)","2022","0","97 - NOT APPLICABLE"
"19340751","OUTSIDE CITY LIMITS","2023-01-13","0","1 - CLEAR","HARLEY-DAVIDSON","FXS (HARLEY-DAVIDSON)","2007","0","2 - WORN, DAMAGED"
"19347411","OUTSIDE CITY LIMITS","2023-01-13","0","1 - CLEAR","HARLEY-DAVIDSON","FLD (HARLEY-DAVIDSON)","1990","0","1 - NOT WORN"
"19347411","OUTSIDE CITY LIMITS","2023-01-13","0","1 - CLEAR","No Data","No Data","No Data","0","97 - NOT APPLICABLE"
"19351553","OUTSIDE CITY LIMITS","2023-01-13","0","1 - CLEAR","CHRYSLER","TOWN & COUNTRY (CHRYSLER)","2005","0","97 - NOT APPLICABLE"
"19351553","OUTSIDE CITY LIMITS","2023-01-13","0","1 - CLEAR","CHRYSLER","TOWN & COUNTRY (CHRYSLER)","2005","0","97 - NOT APPLICABLE"
"19351553","OUTSIDE CITY LIMITS","2023-01-13","0","1 - CLEAR","SUZUKI","DR650 (SUZUKI)","2014","0","1 - NOT WORN"
"19351553","OUTSIDE CITY LIMITS","2023-01-13","0","1 - CLEAR","SUZUKI","DR650 (SUZUKI)","2014","0","1 - NOT WORN"
"19355065","CORPUS CHRISTI","2023-01-13","1","1 - CLEAR","MITSUBISHI","LANCER (MITSUBISHI)","2015","0","97 - NOT APPLICABLE"
"19355065","CORPUS CHRISTI","2023-01-13","1","1 - CLEAR","MITSUBISHI","LANCER (MITSUBISHI)","2015","0","97 - NOT APPLICABLE"
"19355065","CORPUS CHRISTI","2023-01-13","1","1 - CLEAR","YAMAHA","YZFR1 (YAMAHA)","2006","1","2 - WORN, DAMAGED"
"19334601","GATESVILLE","2023-01-14","0","1 - CLEAR","HARLEY-DAVIDSON","XG750 (HARLEY-DAVIDSON)","1979","0","1 - NOT WORN"
"19334601","GATESVILLE","2023-01-14","0","1 - CLEAR","No Data","No Data","No Data","0","97 - NOT APPLICABLE"
"19334771","EL PASO","2023-01-14","0","1 - CLEAR","CHEVROLET","UNKNOWN (CHEVROLET)","2007","0","97 - NOT APPLICABLE"
"19334771","EL PASO","2023-01-14","0","1 - CLEAR","HARLEY-DAVIDSON","UNKNOWN (HARLEY-DAVIDSON)","2013","0","1 - NOT WORN"
"19335351","SAN ANTONIO","2023-01-14","0","1 - CLEAR","FORD","F150 (FORD)","2018","0","97 - NOT APPLICABLE"
"19335351","SAN ANTONIO","2023-01-14","0","1 - CLEAR","KAWASAKI","ZR900 (KAWASAKI)","2022","0","2 - WORN, DAMAGED"
"19336915","BEAUMONT","2023-01-14","0","1 - CLEAR","KAWASAKI","ZX1400 (KAWASAKI)","2019","0","2 - WORN, DAMAGED"
"19337665","OUTSIDE CITY LIMITS","2023-01-14","0","1 - CLEAR","HONDA","SH150 (HONDA)","2001","0","1 - NOT WORN"
"19337665","OUTSIDE CITY LIMITS","2023-01-14","0","1 - CLEAR","CHEVROLET","3500HD (CHEVROLET)","2018","0","97 - NOT APPLICABLE"
"19338003","EARLY","2023-01-14","0","1 - CLEAR","HARLEY-DAVIDSON","FLS (HARLEY-DAVIDSON)","2014","0","1 - NOT WORN"
"19338003","EARLY","2023-01-14","0","1 - CLEAR","HARLEY-DAVIDSON","FLS (HARLEY-DAVIDSON)","2014","0","1 - NOT WORN"
"19340343","RICHARDSON","2023-01-14","0","1 - CLEAR","CADILLAC","ESCALADE (CADILLAC)","2017","0","97 - NOT APPLICABLE"
"19340343","RICHARDSON","2023-01-14","0","1 - CLEAR","CADILLAC","ESCALADE (CADILLAC)","2017","0","97 - NOT APPLICABLE"
"19340343","RICHARDSON","2023-01-14","0","1 - CLEAR","CADILLAC","ESCALADE (CADILLAC)","2017","0","97 - NOT APPLICABLE"
"19340343","RICHARDSON","2023-01-14","0","1 - CLEAR","CADILLAC","ESCALADE (CADILLAC)","2017","0","97 - NOT APPLICABLE"
"19340343","RICHARDSON","2023-01-14","0","1 - CLEAR","BMW","UNKNOWN (BMW)","2010","0","2 - WORN, DAMAGED"
"19340759","OUTSIDE CITY LIMITS","2023-01-14","1","1 - CLEAR","HONDA","TRX450 (HONDA)","2003","1","1 - NOT WORN"
"19341319","NAVASOTA","2023-01-14","0","1 - CLEAR","HARLEY-DAVIDSON","FLTRXS (HARLEY-DAVIDSON)","No Data","0","1 - NOT WORN"
"19341365","BEDFORD","2023-01-14","1","1 - CLEAR","SUZUKI","GSX (SUZUKI)","2018","1","2 - WORN, DAMAGED"
"19341365","BEDFORD","2023-01-14","1","1 - CLEAR","DODGE","DART (DODGE)","2015","0","97 - NOT APPLICABLE"
"19342708","OUTSIDE CITY LIMITS","2023-01-14","0","1 - CLEAR","HARLEY-DAVIDSON","FLH (HARLEY-DAVIDSON)","2008","0","3 - WORN, NOT DAMAGED"
"19342708","OUTSIDE CITY LIMITS","2023-01-14","0","1 - CLEAR","HARLEY-DAVIDSON","FLH (HARLEY-DAVIDSON)","2008","0","4 - WORN, UNK DAMAGE"
"19345702","DALLAS","2023-01-14","0","1 - CLEAR","TRIUMPH MOTORCYCLE","TIGER (TRIUMPH MOTORCYCLE)","2005","0","3 - WORN, NOT DAMAGED"
"19360485","DALLAS","2023-01-14","0","1 - CLEAR","DODGE","RAM 1500 (DODGE)","2022","0","97 - NOT APPLICABLE"
"19360485","DALLAS","2023-01-14","0","1 - CLEAR","DODGE","RAM 1500 (DODGE)","2022","0","97 - NOT APPLICABLE"
"19360485","DALLAS","2023-01-14","0","1 - CLEAR","DODGE","RAM 1500 (DODGE)","2022","0","97 - NOT APPLICABLE"
"19360485","DALLAS","2023-01-14","0","1 - CLEAR","KAWASAKI","VN800 (KAWASAKI)","2000","0","1 - NOT WORN"
"19360485","DALLAS","2023-01-14","0","1 - CLEAR","KAWASAKI","VN800 (KAWASAKI)","2000","0","4 - WORN, UNK DAMAGE"
"19365221","OUTSIDE CITY LIMITS","2023-01-14","0","2 - CLOUDY","NISSAN","VERSA (NISSAN)","2021","0","97 - NOT APPLICABLE"
"19365221","OUTSIDE CITY LIMITS","2023-01-14","0","2 - CLOUDY","HARLEY-DAVIDSON","FLH (HARLEY-DAVIDSON)","2019","0","99 - UNKNOWN IF WORN"
"19383880","OUTSIDE CITY LIMITS","2023-01-14","0","1 - CLEAR","HONDA","GL1200 (HONDA)","2010","0","2 - WORN, DAMAGED"
"19383880","OUTSIDE CITY LIMITS","2023-01-14","0","1 - CLEAR","HONDA","GL1200 (HONDA)","2010","0","2 - WORN, DAMAGED"
"19389339","CUT AND SHOOT","2023-01-14","1","1 - CLEAR","KAWASAKI","ZX600 (KAWASAKI)","2020","1","2 - WORN, DAMAGED"
"19389339","CUT AND SHOOT","2023-01-14","1","1 - CLEAR","FORD","F150 (FORD)","1984","0","97 - NOT APPLICABLE"
"19336248","KILLEEN","2023-01-15","0","1 - CLEAR","No Data","No Data","No Data","0","97 - NOT APPLICABLE"
"19336248","KILLEEN","2023-01-15","0","1 - CLEAR","HARLEY-DAVIDSON","FXS (HARLEY-DAVIDSON)","2021","0","3 - WORN, NOT DAMAGED"
"19337968","OUTSIDE CITY LIMITS","2023-01-15","0","2 - CLOUDY","HARLEY-DAVIDSON","FLH (HARLEY-DAVIDSON)","2018","0","2 - WORN, DAMAGED"
"19338045","TEXARKANA","2023-01-15","0","1 - CLEAR","TOYOTA","SIENNA (TOYOTA)","2015","0","97 - NOT APPLICABLE"
"19338045","TEXARKANA","2023-01-15","0","1 - CLEAR","TOYOTA","SIENNA (TOYOTA)","2015","0","97 - NOT APPLICABLE"
"19338045","TEXARKANA","2023-01-15","0","1 - CLEAR","TOYOTA","SIENNA (TOYOTA)","2015","0","97 - NOT APPLICABLE"
"19338045","TEXARKANA","2023-01-15","0","1 - CLEAR","TOYOTA","SIENNA (TOYOTA)","2015","0","97 - NOT APPLICABLE"
"19338045","TEXARKANA","2023-01-15","0","1 - CLEAR","TOYOTA","SIENNA (TOYOTA)","2015","0","97 - NOT APPLICABLE"
"19338045","TEXARKANA","2023-01-15","0","1 - CLEAR","HONDA","CTX1300 (HONDA)","2006","0","1 - NOT WORN"
"19338304","SEGUIN","2023-01-15","0","1 - CLEAR","HARLEY-DAVIDSON","FXCW (HARLEY-DAVIDSON)","2021","0","1 - NOT WORN"
"19338304","SEGUIN","2023-01-15","0","1 - CLEAR","PETERBILT","520 (PETERBILT)","2003","0","97 - NOT APPLICABLE"
"19338767","DICKINSON","2023-01-15","0","1 - CLEAR","ALL OTHER MAKES","UNKNOWN (ALL OTHER MAKES)","2022","0","1 - NOT WORN"
"19340396","OUTSIDE CITY LIMITS","2023-01-15","0","1 - CLEAR","HARLEY-DAVIDSON","FLTRXS (HARLEY-DAVIDSON)","2016","0","3 - WORN, NOT DAMAGED"
"19340396","OUTSIDE CITY LIMITS","2023-01-15","0","1 - CLEAR","FORD","F150 (FORD)","2019","0","97 - NOT APPLICABLE"
"19340396","OUTSIDE CITY LIMITS","2023-01-15","0","1 - CLEAR","FORD","F150 (FORD)","2019","0","97 - NOT APPLICABLE"
"19340396","OUTSIDE CITY LIMITS","2023-01-15","0","1 - CLEAR","FORD","F150 (FORD)","2019","0","97 - NOT APPLICABLE"
"19344567","AUSTIN","2023-01-15","0","1 - CLEAR","GENUINE SCOOTER CO.","BUDDY (GENUINE SCOOTER CO.)","2015","0","2 - WORN, DAMAGED"
"19349199","MISSOURI CITY","2023-01-15","0","1 - CLEAR","FORD","F150 (FORD)","2015","0","97 - NOT APPLICABLE"
"19349199","MISSOURI CITY","2023-01-15","0","1 - CLEAR","HARLEY-DAVIDSON","FLFB (HARLEY-DAVIDSON)","2020","0","1 - NOT WORN"
"19351302","OUTSIDE CITY LIMITS","2023-01-15","1","1 - CLEAR","SUZUKI","DR750 (SUZUKI)","2022","1","2 - WORN, DAMAGED"
"19354832","OUTSIDE CITY LIMITS","2023-01-15","0","1 - CLEAR","HARLEY-DAVIDSON","FLHTCU (HARLEY-DAVIDSON)","2008","0","1 - NOT WORN"
"19356843","OUTSIDE CITY LIMITS","2023-01-15","1","1 - CLEAR","INDIAN MOTORCYCLE CO.","SCOUT (INDIAN MOTORCYCLE CO.)","2022","1","2 - WORN, DAMAGED"
"19356843","OUTSIDE CITY LIMITS","2023-01-15","1","1 - CLEAR","SUZUKI","GSX1300 (SUZUKI)","2008","0","2 - WORN, DAMAGED"
"19382507","LAKEWAY","2023-01-15","0","1 - CLEAR","HARLEY-DAVIDSON","ELW (HARLEY-DAVIDSON)","2003","0","2 - WORN, DAMAGED"
"19336665","FORT WORTH","2023-01-16","1","1 - CLEAR","HARLEY-DAVIDSON","FLHC (HARLEY-DAVIDSON)","2020","1","2 - WORN, DAMAGED"
"19336665","FORT WORTH","2023-01-16","1","1 - CLEAR","GMC","SIERRA (GMC)","2017","0","97 - NOT APPLICABLE"
"19338675","OUTSIDE CITY LIMITS","2023-01-16","0","2 - CLOUDY","HARLEY-DAVIDSON","UNKNOWN (HARLEY-DAVIDSON)","2006","0","2 - WORN, DAMAGED"
"19340460","AUSTIN","2023-01-16","0","1 - CLEAR","CAN-AM","UNKNOWN (CAN-AM)","2022","0","1 - NOT WORN"
"19340460","AUSTIN","2023-01-16","0","1 - CLEAR","FORD","F150 (FORD)","2015","0","97 - NOT APPLICABLE"
"19340460","AUSTIN","2023-01-16","0","1 - CLEAR","TOYOTA","PRIUS (TOYOTA)","2020","0","97 - NOT APPLICABLE"
"19340714","OUTSIDE CITY LIMITS","2023-01-16","0","1 - CLEAR","KAWASAKI","ZX600 (KAWASAKI)","2007","0","99 - UNKNOWN IF WORN"
"19342612","LIVE OAK","2023-01-16","1","1 - CLEAR","ALL OTHER MAKES","UNKNOWN (ALL OTHER MAKES)","2023","1","1 - NOT WORN"
"19342612","LIVE OAK","2023-01-16","1","1 - CLEAR","ALL OTHER MAKES","UNKNOWN (ALL OTHER MAKES)","2023","0","1 - NOT WORN"
"19352718","CORPUS CHRISTI","2023-01-16","0","1 - CLEAR","CHEVROLET","IMPALA (CHEVROLET)","2016","0","97 - NOT APPLICABLE"
"19352718","CORPUS CHRISTI","2023-01-16","0","1 - CLEAR","MOTO GUZZI","BREVA (MOTO GUZZI)","2006","0","3 - WORN, NOT DAMAGED"
"19362556","HUTTO","2023-01-16","0","1 - CLEAR","HARLEY-DAVIDSON","FLSTFI (HARLEY-DAVIDSON)","2004","0","2 - WORN, DAMAGED"
"19362556","HUTTO","2023-01-16","0","1 - CLEAR","HARLEY-DAVIDSON","FLSTFI (HARLEY-DAVIDSON)","2004","0","2 - WORN, DAMAGED"
"19388273","SEVEN POINTS","2023-01-16","0","1 - CLEAR","HARLEY-DAVIDSON","XLH1200 (HARLEY-DAVIDSON)","2007","0","1 - NOT WORN"
"19342676","CROWLEY","2023-01-17","0","1 - CLEAR","INDIAN MOTORCYCLE CO.","SCOUT (INDIAN MOTORCYCLE CO.)","2016","0","1 - NOT WORN"
"19342987","DESOTO","2023-01-17","1","1 - CLEAR","KIA","OPTIMA (KIA)","2018","0","97 - NOT APPLICABLE"
"19342987","DESOTO","2023-01-17","1","1 - CLEAR","KIA","OPTIMA (KIA)","2018","0","97 - NOT APPLICABLE"
"19342987","DESOTO","2023-01-17","1","1 - CLEAR","KIA","OPTIMA (KIA)","2018","0","97 - NOT APPLICABLE"
"19342987","DESOTO","2023-01-17","1","1 - CLEAR","HARLEY-DAVIDSON","FLHC (HARLEY-DAVIDSON)","2019","1","4 - WORN, UNK DAMAGE"
"19342987","DESOTO","2023-01-17","1","1 - CLEAR","HONDA","PILOT (HONDA)","2020","0","97 - NOT APPLICABLE"
"19349408","OUTSIDE CITY LIMITS","2023-01-17","0","1 - CLEAR","YAMAHA","XV1700 (YAMAHA)","2007","0","1 - NOT WORN"
"19349408","OUTSIDE CITY LIMITS","2023-01-17","0","1 - CLEAR","VOLVO","XC90 (VOLVO)","2018","0","97 - NOT APPLICABLE"
"19349408","OUTSIDE CITY LIMITS","2023-01-17","0","1 - CLEAR","VOLVO","XC90 (VOLVO)","2018","0","97 - NOT APPLICABLE"
"19349408","OUTSIDE CITY LIMITS","2023-01-17","0","1 - CLEAR","VOLVO","XC90 (VOLVO)","2018","0","97 - NOT APPLICABLE"
"19349408","OUTSIDE CITY LIMITS","2023-01-17","0","1 - CLEAR","VOLVO","XC90 (VOLVO)","2018","0","97 - NOT APPLICABLE"
"19351689","HALTOM CITY","2023-01-17","0","1 - CLEAR","FORD","EXPLORER (FORD)","2021","0","97 - NOT APPLICABLE"
"19351689","HALTOM CITY","2023-01-17","0","1 - CLEAR","YAMAHA","MT09 (YAMAHA)","2020","0","99 - UNKNOWN IF WORN"
"19358341","OUTSIDE CITY LIMITS","2023-01-17","0","1 - CLEAR","HARLEY-DAVIDSON","XL883 (HARLEY-DAVIDSON)","2012","0","2 - WORN, DAMAGED"
"19362057","OUTSIDE CITY LIMITS","2023-01-17","1","1 - CLEAR","BUICK","ENCLAVE (BUICK)","2016","0","97 - NOT APPLICABLE"
"19362057","OUTSIDE CITY LIMITS","2023-01-17","1","1 - CLEAR","BUICK","ENCLAVE (BUICK)","2016","0","97 - NOT APPLICABLE"
"19362057","OUTSIDE CITY LIMITS","2023-01-17","1","1 - CLEAR","BUICK","ENCLAVE (BUICK)","2016","0","97 - NOT APPLICABLE"
"19362057","OUTSIDE CITY LIMITS","2023-01-17","1","1 - CLEAR","YAMAHA","YZF1000 (YAMAHA)","2015","1","2 - WORN, DAMAGED"
"19375148","BALCONES HEIGHTS","2023-01-17","0","1 - CLEAR","YAMAHA","MXT850 (YAMAHA)","2020","0","2 - WORN, DAMAGED"
"19346881","SAN ANTONIO","2023-01-18","0","1 - CLEAR","SUZUKI","UNKNOWN (SUZUKI)","2005","0","4 - WORN, UNK DAMAGE"
"19346881","SAN ANTONIO","2023-01-18","0","1 - CLEAR","DODGE","RAM 2500 (DODGE)","2015","0","97 - NOT APPLICABLE"
"19355460","OUTSIDE CITY LIMITS","2023-01-18","1","1 - CLEAR","YAMAHA","UNKNOWN (YAMAHA)","2004","1","1 - NOT WORN"
"19355460","OUTSIDE CITY LIMITS","2023-01-18","1","1 - CLEAR","GMC","SIERRA C1500 (GMC)","2005","0","97 - NOT APPLICABLE"
"19344112","OUTSIDE CITY LIMITS","2023-01-19","0","1 - CLEAR","YAMAHA","XVS650 (YAMAHA)","2007","0","99 - UNKNOWN IF WORN"
"19344112","OUTSIDE CITY LIMITS","2023-01-19","0","1 - CLEAR","TOYOTA","COROLLA (TOYOTA)","2013","0","97 - NOT APPLICABLE"
"19348212","ROUND ROCK","2023-01-19","0","2 - CLOUDY","HARLEY-DAVIDSON","FLHX (HARLEY-DAVIDSON)","2014","0","3 - WORN, NOT DAMAGED"
"19365061","OUTSIDE CITY LIMITS","2023-01-19","0","1 - CLEAR","NISSAN","JUKE (NISSAN)","2013","0","97 - NOT APPLICABLE"
"19365061","OUTSIDE CITY LIMITS","2023-01-19","0","1 - CLEAR","SUZUKI","GZ250 (SUZUKI)","2016","0","4 - WORN, UNK DAMAGE"
"19377236","OUTSIDE CITY LIMITS","2023-01-19","1","1 - CLEAR","SUZUKI","GSX1300 (SUZUKI)","2005","1","2 - WORN, DAMAGED"
"19377236","OUTSIDE CITY LIMITS","2023-01-19","1","1 - CLEAR","CHEVROLET","SILVERADO C2500 (CHEVROLET)","2007","0","97 - NOT APPLICABLE"
"19377236","OUTSIDE CITY LIMITS","2023-01-19","1","1 - CLEAR","CHEVROLET","SILVERADO C2500 (CHEVROLET)","2007","0","97 - NOT APPLICABLE"
"19348467","OUTSIDE CITY LIMITS","2023-01-20","0","1 - CLEAR","KAWASAKI","NINJA ZX (KAWASAKI)","2022","0","2 - WORN, DAMAGED"
"19349922","OUTSIDE CITY LIMITS","2023-01-20","0","1 - CLEAR","YAMAHA","XVS650 (YAMAHA)","2006","0","2 - WORN, DAMAGED"
"19355815","OUTSIDE CITY LIMITS","2023-01-20","1","1 - CLEAR","YAMAHA","UNKNOWN (YAMAHA)","2003","1","1 - NOT WORN"
"19355815","OUTSIDE CITY LIMITS","2023-01-20","1","1 - CLEAR","JEEP","LIBERTY (JEEP)","2010","0","97 - NOT APPLICABLE"
"19355815","OUTSIDE CITY LIMITS","2023-01-20","1","1 - CLEAR","JEEP","LIBERTY (JEEP)","2010","0","97 - NOT APPLICABLE"
"19346618","DALLAS","2023-01-21","0","1 - CLEAR","HARLEY-DAVIDSON","UNKNOWN (HARLEY-DAVIDSON)","2022","0","2 - WORN, DAMAGED"
"19346618","DALLAS","2023-01-21","0","1 - CLEAR","HARLEY-DAVIDSON","UNKNOWN (HARLEY-DAVIDSON)","2022","0","2 - WORN, DAMAGED"
"19346618","DALLAS","2023-01-21","0","1 - CLEAR","No Data","No Data","No Data","0","97 - NOT APPLICABLE"
"19348087","BEAUMONT","2023-01-21","0","3 - RAIN","ALL OTHER MAKES","UNKNOWN (ALL OTHER MAKES)","2018","0","4 - WORN, UNK DAMAGE"
"19348959","KERRVILLE","2023-01-21","0","1 - CLEAR","KAWASAKI","EJ650 (KAWASAKI)","2022","0","1 - NOT WORN"
"19347250","LEWISVILLE","2023-01-22","0","1 - CLEAR","HONDA","HR-V (HONDA)","2019","0","97 - NOT APPLICABLE"
"19347250","LEWISVILLE","2023-01-22","0","1 - CLEAR","INDIAN MOTORCYCLE CO.","CHALLENGER (INDIAN MOTORCYCLE CO.)","2022","0","1 - NOT WORN"
"19347897","OUTSIDE CITY LIMITS","2023-01-22","0","1 - CLEAR","HARLEY-DAVIDSON","FXB (HARLEY-DAVIDSON)","2020","0","2 - WORN, DAMAGED"
"19347897","OUTSIDE CITY LIMITS","2023-01-22","0","1 - CLEAR","HARLEY-DAVIDSON","FLH (HARLEY-DAVIDSON)","2020","0","3 - WORN, NOT DAMAGED"
"19347897","OUTSIDE CITY LIMITS","2023-01-22","0","1 - CLEAR","HARLEY-DAVIDSON","FLH (HARLEY-DAVIDSON)","2020","0","3 - WORN, NOT DAMAGED"
"19349868","OUTSIDE CITY LIMITS","2023-01-22","1","1 - CLEAR","HARLEY-DAVIDSON","FLTRXS (HARLEY-DAVIDSON)","2020","1","2 - WORN, DAMAGED"
"19349868","OUTSIDE CITY LIMITS","2023-01-22","1","1 - CLEAR","HARLEY-DAVIDSON","FLTRXS (HARLEY-DAVIDSON)","2020","0","2 - WORN, DAMAGED"
"19349868","OUTSIDE CITY LIMITS","2023-01-22","1","1 - CLEAR","FORD","EXPEDITION (FORD)","2020","0","97 - NOT APPLICABLE"
"19349868","OUTSIDE CITY LIMITS","2023-01-22","1","1 - CLEAR","FORD","EXPEDITION (FORD)","2020","0","97 - NOT APPLICABLE"
"19349868","OUTSIDE CITY LIMITS","2023-01-22","1","1 - CLEAR","FORD","EXPEDITION (FORD)","2020","0","97 - NOT APPLICABLE"
"19349868","OUTSIDE CITY LIMITS","2023-01-22","1","1 - CLEAR","FORD","EXPEDITION (FORD)","2020","0","97 - NOT APPLICABLE"
"19351118","OUTSIDE CITY LIMITS","2023-01-22","0","1 - CLEAR","HONDA","VFR800 (HONDA)","2014","0","1 - NOT WORN"
"19351118","OUTSIDE CITY LIMITS","2023-01-22","0","1 - CLEAR","BMW","320I (BMW)","2016","0","97 - NOT APPLICABLE"
"19364666","ROUND ROCK","2023-01-22","0","1 - CLEAR","CHEVROLET","TRAVERSE (CHEVROLET)","2022","0","97 - NOT APPLICABLE"
"19364666","ROUND ROCK","2023-01-22","0","1 - CLEAR","HONDA","CBR600 (HONDA)","2003","0","4 - WORN, UNK DAMAGE"
"19384002","BAYTOWN","2023-01-22","0","1 - CLEAR","HARLEY-DAVIDSON","FLTRXS (HARLEY-DAVIDSON)","2005","0","2 - WORN, DAMAGED"
"19384002","BAYTOWN","2023-01-22","0","1 - CLEAR","HARLEY-DAVIDSON","FLTRXS (HARLEY-DAVIDSON)","2018","0","3 - WORN, NOT DAMAGED"
"19384002","BAYTOWN","2023-01-22","0","1 - CLEAR","HARLEY-DAVIDSON","FLTRXS (HARLEY-DAVIDSON)","2018","0","3 - WORN, NOT DAMAGED"
"19384002","BAYTOWN","2023-01-22","0","1 - CLEAR","HARLEY-DAVIDSON","UNKNOWN (HARLEY-DAVIDSON)","2019","0","3 - WORN, NOT DAMAGED"
"19351407","CONROE","2023-01-23","0","1 - CLEAR","HONDA","CBR500 (HONDA)","2019","0","2 - WORN, DAMAGED"
"19351407","CONROE","2023-01-23","0","1 - CLEAR","GMC","ACADIA (GMC)","2018","0","97 - NOT APPLICABLE"
"19376263","OUTSIDE CITY LIMITS","2023-01-23","0","1 - CLEAR","SUZUKI","GSX (SUZUKI)","2007","0","1 - NOT WORN"
"19400494","OUTSIDE CITY LIMITS","2023-01-23","0","1 - CLEAR","HONDA","GROM (HONDA)","2022","0","1 - NOT WORN"
"19354938","CONROE","2023-01-25","0","1 - CLEAR","INDIAN MOTORCYCLE CO.","UNKNOWN (INDIAN MOTORCYCLE CO.)","2016","0","99 - UNKNOWN IF WORN"
"19354938","CONROE","2023-01-25","0","1 - CLEAR","FREIGHTLINER","UNKNOWN (FREIGHTLINER)","2022","0","97 - NOT APPLICABLE"
"19356632","HUMBLE","2023-01-25","0","2 - CLOUDY","FORD","EXPEDITION (FORD)","2008","0","97 - NOT APPLICABLE"
"19356632","HUMBLE","2023-01-25","0","2 - CLOUDY","SUZUKI","GSX (SUZUKI)","2004","0","3 - WORN, NOT DAMAGED"
"19367149","SAN ANTONIO","2023-01-25","0","1 - CLEAR","HONDA","RIDGELINE (HONDA)","2007","0","97 - NOT APPLICABLE"
"19367149","SAN ANTONIO","2023-01-25","0","1 - CLEAR","HONDA","RIDGELINE (HONDA)","2007","0","97 - NOT APPLICABLE"
"19367149","SAN ANTONIO","2023-01-25","0","1 - CLEAR","HONDA","RIDGELINE (HONDA)","2007","0","97 - NOT APPLICABLE"
"19367149","SAN ANTONIO","2023-01-25","0","1 - CLEAR","SUZUKI","UNKNOWN (SUZUKI)","2012","0","2 - WORN, DAMAGED"
"19357524","PLANO","2023-01-26","0","1 - CLEAR","INFINITI","Q50 (INFINITI)","2015","0","97 - NOT APPLICABLE"
"19357524","PLANO","2023-01-26","0","1 - CLEAR","HARLEY-DAVIDSON","XG750 (HARLEY-DAVIDSON)","2015","0","2 - WORN, DAMAGED"
"19363007","HOUSTON","2023-01-26","1","1 - CLEAR","KAWASAKI","UNKNOWN (KAWASAKI)","2015","1","2 - WORN, DAMAGED"
"19356283","EULESS","2023-01-27","0","1 - CLEAR","HONDA","RC1000VS (HONDA)","2008","0","2 - WORN, DAMAGED"
"19358289","RICHARDSON","2023-01-27","0","1 - CLEAR","LEXUS","RX 330 (LEXUS)","2004","0","97 - NOT APPLICABLE"
"19358289","RICHARDSON","2023-01-27","0","1 - CLEAR","YAMAHA","UNKNOWN (YAMAHA)","2022","0","2 - WORN, DAMAGED"
"19369504","GRAND PRAIRIE","2023-01-27","0","1 - CLEAR","UNKNOWN","UNKNOWN (UNKNOWN)","2022","0","99 - UNKNOWN IF WORN"
"19369504","GRAND PRAIRIE","2023-01-27","0","1 - CLEAR","UNKNOWN","UNKNOWN (UNKNOWN)","2022","0","99 - UNKNOWN IF WORN"
"19378116","OUTSIDE CITY LIMITS","2023-01-27","0","1 - CLEAR","HARLEY-DAVIDSON","FLT (HARLEY-DAVIDSON)","2020","0","1 - NOT WORN"
"19360253","LEWISVILLE","2023-01-28","0","1 - CLEAR","HARLEY-DAVIDSON","FLH (HARLEY-DAVIDSON)","2007","0","1 - NOT WORN"
"19360253","LEWISVILLE","2023-01-28","0","1 - CLEAR","TOYOTA","COROLLA (TOYOTA)","2019","0","97 - NOT APPLICABLE"
"19360942","BIG SPRING","2023-01-28","0","1 - CLEAR","VOLKSWAGEN","JETTA (VOLKSWAGEN)","2019","0","97 - NOT APPLICABLE"
"19360942","BIG SPRING","2023-01-28","0","1 - CLEAR","YAMAHA","FZR600 (YAMAHA)","2004","0","2 - WORN, DAMAGED"
"19361411","PLANO","2023-01-28","0","1 - CLEAR","MOTO GUZZI","1000 (MOTO GUZZI)","2022","0","2 - WORN, DAMAGED"
"19361411","PLANO","2023-01-28","0","1 - CLEAR","FORD","F150 (FORD)","2001","0","97 - NOT APPLICABLE"
"19361411","PLANO","2023-01-28","0","1 - CLEAR","FORD","F150 (FORD)","2001","0","97 - NOT APPLICABLE"
"19361820","OAK RIDGE NORTH","2023-01-28","0","2 - CLOUDY","HONDA","CBR1000 (HONDA)","2022","0","2 - WORN, DAMAGED"
"19368384","OUTSIDE CITY LIMITS","2023-01-28","0","2 - CLOUDY","KAWASAKI","KVF360 (KAWASAKI)","2005","0","1 - NOT WORN"
"19368384","OUTSIDE CITY LIMITS","2023-01-28","0","2 - CLOUDY","KAWASAKI","KVF360 (KAWASAKI)","2005","0","1 - NOT WORN"
"19368384","OUTSIDE CITY LIMITS","2023-01-28","0","2 - CLOUDY","KAWASAKI","KVF360 (KAWASAKI)","2005","0","1 - NOT WORN"
"19368384","OUTSIDE CITY LIMITS","2023-01-28","0","2 - CLOUDY","CHEVROLET","SILVERADO C1500 (CHEVROLET)","2018","0","97 - NOT APPLICABLE"
"19370043","MIDLAND","2023-01-28","0","1 - CLEAR","HONDA","UNKNOWN (HONDA)","2021","0","4 - WORN, UNK DAMAGE"
"19389568","AMARILLO","2023-01-28","0","1 - CLEAR","HARLEY-DAVIDSON","FLSTC (HARLEY-DAVIDSON)","2007","0","1 - NOT WORN"
"19422983","HOUSTON","2023-01-28","0","1 - CLEAR","LEXUS","ES 350 (LEXUS)","2007","0","97 - NOT APPLICABLE"
"19422983","HOUSTON","2023-01-28","0","1 - CLEAR","LEXUS","ES 350 (LEXUS)","2007","0","97 - NOT APPLICABLE"
"19422983","HOUSTON","2023-01-28","0","1 - CLEAR","LEXUS","ES 350 (LEXUS)","2007","0","97 - NOT APPLICABLE"
"19422983","HOUSTON","2023-01-28","0","1 - CLEAR","LEXUS","ES 350 (LEXUS)","2007","0","97 - NOT APPLICABLE"
"19422983","HOUSTON","2023-01-28","0","1 - CLEAR","ALL OTHER MAKES","UNKNOWN (ALL OTHER MAKES)","No Data","0","1 - NOT WORN"
"19364053","OUTSIDE CITY LIMITS","2023-01-29","1","3 - RAIN","HONDA","CR85 (HONDA)","2007","1","1 - NOT WORN"
"19365721","OUTSIDE CITY LIMITS","2023-01-29","0","1 - CLEAR","KAWASAKI","KX85 (KAWASAKI)","2001","0","1 - NOT WORN"
"19371615","EL PASO","2023-01-29","0","1 - CLEAR","YAMAHA","YZF1000 (YAMAHA)","2015","0","2 - WORN, DAMAGED"
"19371615","EL PASO","2023-01-29","0","1 - CLEAR","HYUNDAI","PALISADE (HYUNDAI)","2021","0","97 - NOT APPLICABLE"
"19371615","EL PASO","2023-01-29","0","1 - CLEAR","HYUNDAI","PALISADE (HYUNDAI)","2021","0","97 - NOT APPLICABLE"
"19371615","EL PASO","2023-01-29","0","1 - CLEAR","HYUNDAI","PALISADE (HYUNDAI)","2021","0","97 - NOT APPLICABLE"
"19371615","EL PASO","2023-01-29","0","1 - CLEAR","HYUNDAI","PALISADE (HYUNDAI)","2021","0","97 - NOT APPLICABLE"
"19371615","EL PASO","2023-01-29","0","1 - CLEAR","HYUNDAI","PALISADE (HYUNDAI)","2021","0","97 - NOT APPLICABLE"
"19377941","RICHARDSON","2023-01-29","1","2 - CLOUDY","TRIUMPH MOTORCYCLE","UNKNOWN (TRIUMPH MOTORCYCLE)","2015","1","2 - WORN, DAMAGED"
"19377941","RICHARDSON","2023-01-29","1","2 - CLOUDY","HONDA","UNKNOWN (HONDA)","2011","0","97 - NOT APPLICABLE"
"19368336","EL PASO","2023-02-01","1","1 - CLEAR","KAWASAKI","ZX600 (KAWASAKI)","2013","1","2 - WORN, DAMAGED"
"19374749","BAY CITY","2023-02-01","0","3 - RAIN","TOYOTA","CAMRY (TOYOTA)","2014","0","97 - NOT APPLICABLE"
"19374749","BAY CITY","2023-02-01","0","3 - RAIN","YAMAHA","YZF750 (YAMAHA)","2013","0","1 - NOT WORN"
"19368324","EL PASO","2023-02-02","0","1 - CLEAR","HONDA","CBR1000 (HONDA)","2012","0","2 - WORN, DAMAGED"
"19368324","EL PASO","2023-02-02","0","1 - CLEAR","CHEVROLET","SILVERADO (CHEVROLET)","2014","0","97 - NOT APPLICABLE"
"19368324","EL PASO","2023-02-02","0","1 - CLEAR","CHEVROLET","SILVERADO (CHEVROLET)","2014","0","97 - NOT APPLICABLE"
"19374050","OUTSIDE CITY LIMITS","2023-02-03","1","1 - CLEAR","KAWASAKI","NINJA ZX (KAWASAKI)","2014","1","2 - WORN, DAMAGED"
"19374050","OUTSIDE CITY LIMITS","2023-02-03","1","1 - CLEAR","FORD","F150 (FORD)","2013","0","97 - NOT APPLICABLE"
"19378948","HUNTSVILLE","2023-02-03","0","1 - CLEAR","HARLEY-DAVIDSON","XL883 (HARLEY-DAVIDSON)","2023","0","2 - WORN, DAMAGED"
"19378948","HUNTSVILLE","2023-02-03","0","1 - CLEAR","DODGE","CARAVAN (DODGE)","2006","0","97 - NOT APPLICABLE"
"19381120","CORPUS CHRISTI","2023-02-03","1","1 - CLEAR","HONDA","UNKNOWN (HONDA)","1994","1","1 - NOT WORN"
"19381120","CORPUS CHRISTI","2023-02-03","1","1 - CLEAR","FORD","F150 (FORD)","2002","0","97 - NOT APPLICABLE"
"19372614","LEAGUE CITY","2023-02-04","0","1 - CLEAR","HYUNDAI","SONATA (HYUNDAI)","2011","0","97 - NOT APPLICABLE"
"19372614","LEAGUE CITY","2023-02-04","0","1 - CLEAR","HARLEY-DAVIDSON","FLTRXS (HARLEY-DAVIDSON)","2022","0","3 - WORN, NOT DAMAGED"
"19373181","OUTSIDE CITY LIMITS","2023-02-04","0","1 - CLEAR","HARLEY-DAVIDSON","FLHTCUSE3 (HARLEY-DAVIDSON)","2008","0","1 - NOT WORN"
"19374391","HOUSTON","2023-02-04","0","1 - CLEAR","KAWASAKI","EX305 (KAWASAKI)","2023","0","1 - NOT WORN"
"19381068","LUBBOCK","2023-02-04","0","1 - CLEAR","HARLEY-DAVIDSON","FXLR (HARLEY-DAVIDSON)","2022","0","1 - NOT WORN"
"19385050","DALLAS","2023-02-04","0","2 - CLOUDY","HONDA","VT750 (HONDA)","2009","0","2 - WORN, DAMAGED"
"19385050","DALLAS","2023-02-04","0","2 - CLOUDY","JEEP","COMPASS (JEEP)","2020","0","97 - NOT APPLICABLE"
"19385050","DALLAS","2023-02-04","0","2 - CLOUDY","JEEP","COMPASS (JEEP)","2020","0","97 - NOT APPLICABLE"
"19385953","FORT WORTH","2023-02-04","2","1 - CLEAR","HARLEY-DAVIDSON","UNKNOWN (HARLEY-DAVIDSON)","2010","1","2 - WORN, DAMAGED"
"19385953","FORT WORTH","2023-02-04","2","1 - CLEAR","TOYOTA","CAMRY (TOYOTA)","2012","0","97 - NOT APPLICABLE"
"19385953","FORT WORTH","2023-02-04","2","1 - CLEAR","TOYOTA","CAMRY (TOYOTA)","2012","0","97 - NOT APPLICABLE"
"19385953","FORT WORTH","2023-02-04","2","1 - CLEAR","No Data","No Data","No Data","1","97 - NOT APPLICABLE"
"19387074","SILSBEE","2023-02-04","0","1 - CLEAR","DODGE","CHARGER (DODGE)","No Data","0","97 - NOT APPLICABLE"
"19387074","SILSBEE","2023-02-04","0","1 - CLEAR","HARLEY-DAVIDSON","FLDE (HARLEY-DAVIDSON)","2006","0","1 - NOT WORN"
"19387339","OUTSIDE CITY LIMITS","2023-02-04","0","1 - CLEAR","NISSAN","FRONTIER (NISSAN)","2002","0","97 - NOT APPLICABLE"
"19387339","OUTSIDE CITY LIMITS","2023-02-04","0","1 - CLEAR","HARLEY-DAVIDSON","FXLRS (HARLEY-DAVIDSON)","2023","0","2 - WORN, DAMAGED"
"19390970","EL PASO","2023-02-04","0","1 - CLEAR","CADILLAC","ESCALADE (CADILLAC)","2017","0","97 - NOT APPLICABLE"
"19390970","EL PASO","2023-02-04","0","1 - CLEAR","CADILLAC","ESCALADE (CADILLAC)","2017","0","97 - NOT APPLICABLE"
"19390970","EL PASO","2023-02-04","0","1 - CLEAR","CADILLAC","ESCALADE (CADILLAC)","2017","0","97 - NOT APPLICABLE"
"19390970","EL PASO","2023-02-04","0","1 - CLEAR","CADILLAC","ESCALADE (CADILLAC)","2017","0","97 - NOT APPLICABLE"
"19390970","EL PASO","2023-02-04","0","1 - CLEAR","SUZUKI","GSX (SUZUKI)","2006","0","2 - WORN, DAMAGED"
"19392133","FORT WORTH","2023-02-04","0","1 - CLEAR","SUZUKI","UNKNOWN (SUZUKI)","2006","0","2 - WORN, DAMAGED"
"19392133","FORT WORTH","2023-02-04","0","1 - CLEAR","NISSAN","MAXIMA (NISSAN)","2014","0","97 - NOT APPLICABLE"
"19395276","OUTSIDE CITY LIMITS","2023-02-04","0","1 - CLEAR","HARLEY-DAVIDSON","FLH (HARLEY-DAVIDSON)","2015","0","1 - NOT WORN"
"19395276","OUTSIDE CITY LIMITS","2023-02-04","0","1 - CLEAR","DODGE","RAM 1500 (DODGE)","2020","0","97 - NOT APPLICABLE"
"19395276","OUTSIDE CITY LIMITS","2023-02-04","0","1 - CLEAR","DODGE","RAM 1500 (DODGE)","2020","0","97 - NOT APPLICABLE"
"19395276","OUTSIDE CITY LIMITS","2023-02-04","0","1 - CLEAR","DODGE","RAM 1500 (DODGE)","2020","0","97 - NOT APPLICABLE"
"19403763","AUSTIN","2023-02-04","0","1 - CLEAR","YAMAHA","UNKNOWN (YAMAHA)","2000","0","3 - WORN, NOT DAMAGED"
"19403763","AUSTIN","2023-02-04","0","1 - CLEAR","FREIGHTLINER","UNKNOWN (FREIGHTLINER)","2021","0","97 - NOT APPLICABLE"
"19403763","AUSTIN","2023-02-04","0","1 - CLEAR","NISSAN","TITAN (NISSAN)","2014","0","97 - NOT APPLICABLE"
"19457222","HOUSTON","2023-02-04","0","1 - CLEAR","SUZUKI","UNKNOWN (SUZUKI)","2002","0","2 - WORN, DAMAGED"
"19457222","HOUSTON","2023-02-04","0","1 - CLEAR","LAND ROVER","DISCOVERY (LAND ROVER)","2019","0","97 - NOT APPLICABLE"
"19372623","DICKINSON","2023-02-05","0","1 - CLEAR","HARLEY-DAVIDSON","FLHX (HARLEY-DAVIDSON)","2012","0","1 - NOT WORN"
"19372623","DICKINSON","2023-02-05","0","1 - CLEAR","CHEVROLET","SILVERADO (CHEVROLET)","2002","0","97 - NOT APPLICABLE"
"19372623","DICKINSON","2023-02-05","0","1 - CLEAR","CHEVROLET","SILVERADO (CHEVROLET)","2002","0","97 - NOT APPLICABLE"
"19373746","AMARILLO","2023-02-05","0","1 - CLEAR","HARLEY-DAVIDSON","FLD (HARLEY-DAVIDSON)","2007","0","1 - NOT WORN"
"19373961","OUTSIDE CITY LIMITS","2023-02-05","0","1 - CLEAR","HARLEY-DAVIDSON","FLDE (HARLEY-DAVIDSON)","2006","0","4 - WORN, UNK DAMAGE"
"19375492","CEDAR PARK","2023-02-05","0","1 - CLEAR","MERCURY","GRAND MARQUIS (MERCURY)","2004","0","97 - NOT APPLICABLE"
"19375492","CEDAR PARK","2023-02-05","0","1 - CLEAR","MERCURY","GRAND MARQUIS (MERCURY)","2004","0","97 - NOT APPLICABLE"
"19375492","CEDAR PARK","2023-02-05","0","1 - CLEAR","HARLEY-DAVIDSON","FLHXS (HARLEY-DAVIDSON)","2014","0","2 - WORN, DAMAGED"
"19375492","CEDAR PARK","2023-02-05","0","1 - CLEAR","HARLEY-DAVIDSON","FLHXS (HARLEY-DAVIDSON)","2014","0","2 - WORN, DAMAGED"
"19375492","CEDAR PARK","2023-02-05","0","1 - CLEAR","MITSUBISHI","OUTLANDER (MITSUBISHI)","2022","0","97 - NOT APPLICABLE"
"19379311","OUTSIDE CITY LIMITS","2023-02-05","0","1 - CLEAR","HARLEY-DAVIDSON","FLHT (HARLEY-DAVIDSON)","2005","0","3 - WORN, NOT DAMAGED"
"19380494","OUTSIDE CITY LIMITS","2023-02-05","0","1 - CLEAR","HARLEY-DAVIDSON","UNKNOWN (HARLEY-DAVIDSON)","2003","0","1 - NOT WORN"
"19380494","OUTSIDE CITY LIMITS","2023-02-05","0","1 - CLEAR","FORD","F150 (FORD)","2014","0","97 - NOT APPLICABLE"
"19381024","COVE","2023-02-05","1","1 - CLEAR","HONDA","VTX1300 (HONDA)","2007","1","4 - WORN, UNK DAMAGE"
"19381024","COVE","2023-02-05","1","1 - CLEAR","JEEP","GLADIATOR (JEEP)","2023","0","97 - NOT APPLICABLE"
"19382718","OUTSIDE CITY LIMITS","2023-02-05","0","1 - CLEAR","HONDA","CBR1000 (HONDA)","2022","0","1 - NOT WORN"
"19383115","HOUSTON","2023-02-05","0","1 - CLEAR","HARLEY-DAVIDSON","UNKNOWN (HARLEY-DAVIDSON)","2017","0","1 - NOT WORN"
"19393942","OUTSIDE CITY LIMITS","2023-02-05","0","1 - CLEAR","VICTORY MOTORCYCLES","CROSS COUNTRY (VICTORY MOTORCYCLES)","2016","0","2 - WORN, DAMAGED"
"19400261","HOUSTON","2023-02-05","0","1 - CLEAR","ALL OTHER MAKES","UNKNOWN (ALL OTHER MAKES)","2023","0","2 - WORN, DAMAGED"
"19400261","HOUSTON","2023-02-05","0","1 - CLEAR","DUCATI","PANIGALE (DUCATI)","2021","0","2 - WORN, DAMAGED"
"19377522","ABILENE","2023-02-06","0","1 - CLEAR","TOYOTA","4RUNNER (TOYOTA)","2007","0","97 - NOT APPLICABLE"
"19377522","ABILENE","2023-02-06","0","1 - CLEAR","SUZUKI","GSX1300 (SUZUKI)","2008","0","3 - WORN, NOT DAMAGED"
"19377679","OUTSIDE CITY LIMITS","2023-02-06","0","1 - CLEAR","CHRYSLER","CARAVAN (CHRYSLER)","2011","0","97 - NOT APPLICABLE"
"19377679","OUTSIDE CITY LIMITS","2023-02-06","0","1 - CLEAR","HONDA","UNKNOWN (HONDA)","2016","0","2 - WORN, DAMAGED"
"19377679","OUTSIDE CITY LIMITS","2023-02-06","0","1 - CLEAR","FORD","F150 (FORD)","2015","0","97 - NOT APPLICABLE"
"19377732","DALLAS","2023-02-06","0","1 - CLEAR","YAMAHA","UNKNOWN (YAMAHA)","2016","0","1 - NOT WORN"
"19377732","DALLAS","2023-02-06","0","1 - CLEAR","LEXUS","UNKNOWN (LEXUS)","2006","0","97 - NOT APPLICABLE"
"19379251","KILLEEN","2023-02-06","0","1 - CLEAR","FORD","F150 (FORD)","2007","0","97 - NOT APPLICABLE"
"19379251","KILLEEN","2023-02-06","0","1 - CLEAR","FORD","F150 (FORD)","2007","0","97 - NOT APPLICABLE"
"19379251","KILLEEN","2023-02-06","0","1 - CLEAR","HARLEY-DAVIDSON","FXDF (HARLEY-DAVIDSON)","2017","0","1 - NOT WORN"
"19382183","BROWNSVILLE","2023-02-06","1","2 - CLOUDY","KAWASAKI","EX650 (KAWASAKI)","2013","1","1 - NOT WORN"
"19386230","SUGAR LAND","2023-02-06","0","1 - CLEAR","HOMEMADE VEHICLE","UNKNOWN (HOMEMADE VEHICLE)","2013","0","1 - NOT WORN"
"19391672","FORT WORTH","2023-02-06","0","1 - CLEAR","HONDA","UNKNOWN (HONDA)","2000","0","1 - NOT WORN"
"19391672","FORT WORTH","2023-02-06","0","1 - CLEAR","NISSAN","ALTIMA (NISSAN)","2022","0","97 - NOT APPLICABLE"
"19397761","LUBBOCK","2023-02-06","0","1 - CLEAR","NISSAN","SENTRA (NISSAN)","2006","0","97 - NOT APPLICABLE"
"19397761","LUBBOCK","2023-02-06","0","1 - CLEAR","HARLEY-DAVIDSON","UNKNOWN (HARLEY-DAVIDSON)","1992","0","1 - NOT WORN"
"19404413","OUTSIDE CITY LIMITS","2023-02-06","0","2 - CLOUDY","KAWASAKI","NINJA ZX (KAWASAKI)","2023","0","2 - WORN, DAMAGED"
"19404413","OUTSIDE CITY LIMITS","2023-02-06","0","2 - CLOUDY","TOYOTA","HIGHLANDER (TOYOTA)","2013","0","97 - NOT APPLICABLE"
"19404413","OUTSIDE CITY LIMITS","2023-02-06","0","2 - CLOUDY","TOYOTA","HIGHLANDER (TOYOTA)","2013","0","97 - NOT APPLICABLE"
"19376895","SUGAR LAND","2023-02-07","0","2 - CLOUDY","SUZUKI","GSX-R600 (SUZUKI)","2013","0","2 - WORN, DAMAGED"
"19376895","SUGAR LAND","2023-02-07","0","2 - CLOUDY","RAM","1500 (RAM)","2017","0","97 - NOT APPLICABLE"
"19391463","LITTLEFIELD","2023-02-07","0","1 - CLEAR","YAMAHA","YP400 (YAMAHA)","2007","0","1 - NOT WORN"
"19396582","HOUSTON","2023-02-07","0","2 - CLOUDY","DUCATI","UNKNOWN (DUCATI)","2007","0","2 - WORN, DAMAGED"
"19412976","OUTSIDE CITY LIMITS","2023-02-07","1","2 - CLOUDY","YAMAHA","UNKNOWN (YAMAHA)","2022","1","2 - WORN, DAMAGED"
"19412976","OUTSIDE CITY LIMITS","2023-02-07","1","2 - CLOUDY","CHEVROLET","TAHOE (CHEVROLET)","2020","0","97 - NOT APPLICABLE"
"19412976","OUTSIDE CITY LIMITS","2023-02-07","1","2 - CLOUDY","CHEVROLET","C1500 (CHEVROLET)","2015","0","97 - NOT APPLICABLE"
"19442427","HOUSTON","2023-02-07","0","2 - CLOUDY","YAMAHA","FZ6 (YAMAHA)","2005","0","2 - WORN, DAMAGED"
"19442427","HOUSTON","2023-02-07","0","2 - CLOUDY","UNKNOWN","UNKNOWN (UNKNOWN)","No Data","0","97 - NOT APPLICABLE"
"19380682","SAN ANTONIO","2023-02-08","1","1 - CLEAR","HONDA","CBR650 (HONDA)","2007","0","1 - NOT WORN"
"19380682","SAN ANTONIO","2023-02-08","1","1 - CLEAR","No Data","No Data","No Data","1","97 - NOT APPLICABLE"
"19380682","SAN ANTONIO","2023-02-08","1","1 - CLEAR","No Data","No Data","No Data","0","97 - NOT APPLICABLE"
"19382531","DALLAS","2023-02-08","1","2 - CLOUDY","FORD","EDGE (FORD)","2020","0","97 - NOT APPLICABLE"
"19382531","DALLAS","2023-02-08","1","2 - CLOUDY","KAWASAKI","EX400 (KAWASAKI)","2023","1","2 - WORN, DAMAGED"
"19388338","MISSION","2023-02-08","0","2 - CLOUDY","ALL OTHER MAKES","UNKNOWN (ALL OTHER MAKES)","2021","0","1 - NOT WORN"
"19388338","MISSION","2023-02-08","0","2 - CLOUDY","KIA","SORENTO (KIA)","2015","0","97 - NOT APPLICABLE"
"19406722","OUTSIDE CITY LIMITS","2023-02-08","1","1 - CLEAR","KAWASAKI","EX400 (KAWASAKI)","2022","1","3 - WORN, NOT DAMAGED"
"19406722","OUTSIDE CITY LIMITS","2023-02-08","1","1 - CLEAR","CHRYSLER","200 (CHRYSLER)","2017","0","97 - NOT APPLICABLE"
"19380856","SAN ANTONIO","2023-02-09","0","1 - CLEAR","CHEVROLET","C1500 (CHEVROLET)","2003","0","97 - NOT APPLICABLE"
"19380856","SAN ANTONIO","2023-02-09","0","1 - CLEAR","KAWASAKI","UNKNOWN (KAWASAKI)","1998","0","2 - WORN, DAMAGED"
"19382941","OUTSIDE CITY LIMITS","2023-02-09","0","1 - CLEAR","YAMAHA","VMX17 (YAMAHA)","2000","0","1 - NOT WORN"
"19383769","SAN ANTONIO","2023-02-09","0","1 - CLEAR","HARLEY-DAVIDSON","FXSTC (HARLEY-DAVIDSON)","1999","0","1 - NOT WORN"
"19383769","SAN ANTONIO","2023-02-09","0","1 - CLEAR","MITSUBISHI","MIRAGE (MITSUBISHI)","2022","0","97 - NOT APPLICABLE"
"19386012","OUTSIDE CITY LIMITS","2023-02-09","1","1 - CLEAR","HONDA","CB1000 (HONDA)","2017","1","2 - WORN, DAMAGED"
"19386849","CONVERSE","2023-02-09","0","1 - CLEAR","KYMCO USA INC","K-PIPE (KYMCO USA INC)","2022","0","3 - WORN, NOT DAMAGED"
"19386849","CONVERSE","2023-02-09","0","1 - CLEAR","JEEP","GRAND CHEROKEE (JEEP)","2017","0","97 - NOT APPLICABLE"
"19386849","CONVERSE","2023-02-09","0","1 - CLEAR","JEEP","GRAND CHEROKEE (JEEP)","2017","0","97 - NOT APPLICABLE"
"19386849","CONVERSE","2023-02-09","0","1 - CLEAR","JEEP","GRAND CHEROKEE (JEEP)","2017","0","97 - NOT APPLICABLE"
"19386849","CONVERSE","2023-02-09","0","1 - CLEAR","JEEP","GRAND CHEROKEE (JEEP)","2017","0","97 - NOT APPLICABLE"
"19389844","ARLINGTON","2023-02-09","0","1 - CLEAR","SUZUKI","GSX (SUZUKI)","2007","0","2 - WORN, DAMAGED"
"19390553","TOMBALL","2023-02-09","0","1 - CLEAR","HARLEY-DAVIDSON","UNKNOWN (HARLEY-DAVIDSON)","1994","0","4 - WORN, UNK DAMAGE"
"19390553","TOMBALL","2023-02-09","0","1 - CLEAR","HONDA","ODYSSEY (HONDA)","2015","0","97 - NOT APPLICABLE"
"19390553","TOMBALL","2023-02-09","0","1 - CLEAR","HONDA","ODYSSEY (HONDA)","2015","0","97 - NOT APPLICABLE"
"19449410","HOUSTON","2023-02-09","0","1 - CLEAR","FORD","MUSTANG (FORD)","2014","0","97 - NOT APPLICABLE"
"19449410","HOUSTON","2023-02-09","0","1 - CLEAR","HARLEY-DAVIDSON","XL883 (HARLEY-DAVIDSON)","2020","0","4 - WORN, UNK DAMAGE"
"19390310","LONGVIEW","2023-02-10","1","2 - CLOUDY","HARLEY-DAVIDSON","FXBBS (HARLEY-DAVIDSON)","2022","1","2 - WORN, DAMAGED"
"19391205","DALLAS","2023-02-10","0","1 - CLEAR","KTM","RC 390 (KTM)","2022","0","1 - NOT WORN"
"19393941","OUTSIDE CITY LIMITS","2023-02-10","0","1 - CLEAR","NISSAN","ALTIMA (NISSAN)","2009","0","97 - NOT APPLICABLE"
"19393941","OUTSIDE CITY LIMITS","2023-02-10","0","1 - CLEAR","NISSAN","ALTIMA (NISSAN)","2009","0","97 - NOT APPLICABLE"
"19393941","OUTSIDE CITY LIMITS","2023-02-10","0","1 - CLEAR","HONDA","VT700 (HONDA)","1984","0","2 - WORN, DAMAGED"
"19393941","OUTSIDE CITY LIMITS","2023-02-10","0","1 - CLEAR","TOYOTA","TACOMA (TOYOTA)","2013","0","97 - NOT APPLICABLE"
"19399037","OUTSIDE CITY LIMITS","2023-02-10","0","1 - CLEAR","HARLEY-DAVIDSON","FLHRCI (HARLEY-DAVIDSON)","2000","0","3 - WORN, NOT DAMAGED"
"19422683","OUTSIDE CITY LIMITS","2023-02-10","1","1 - CLEAR","HARLEY-DAVIDSON","UNKNOWN (HARLEY-DAVIDSON)","2007","1","3 - WORN, NOT DAMAGED"
"19422683","OUTSIDE CITY LIMITS","2023-02-10","1","1 - CLEAR","LINCOLN","MKS (LINCOLN)","2013","0","97 - NOT APPLICABLE"
"19422683","OUTSIDE CITY LIMITS","2023-02-10","1","1 - CLEAR","LINCOLN","MKS (LINCOLN)","2013","0","97 - NOT APPLICABLE"
"19422683","OUTSIDE CITY LIMITS","2023-02-10","1","1 - CLEAR","LINCOLN","MKS (LINCOLN)","2013","0","97 - NOT APPLICABLE"
"19422683","OUTSIDE CITY LIMITS","2023-02-10","1","1 - CLEAR","LINCOLN","MKS (LINCOLN)","2013","0","97 - NOT APPLICABLE"
"19383467","SAN ANTONIO","2023-02-11","0","1 - CLEAR","HONDA","CR-V (HONDA)","2015","0","97 - NOT APPLICABLE"
"19383467","SAN ANTONIO","2023-02-11","0","1 - CLEAR","HARLEY-DAVIDSON","FXLR (HARLEY-DAVIDSON)","2021","0","2 - WORN, DAMAGED"
"19385430","AUSTIN","2023-02-11","0","1 - CLEAR","HONDA","UNKNOWN (HONDA)","2005","0","2 - WORN, DAMAGED"
"19385430","AUSTIN","2023-02-11","0","1 - CLEAR","HONDA","UNKNOWN (HONDA)","2005","0","2 - WORN, DAMAGED"
"19385430","AUSTIN","2023-02-11","0","1 - CLEAR","INFINITI","Q50 (INFINITI)","2020","0","97 - NOT APPLICABLE"
"19389207","HOUSTON","2023-02-11","0","1 - CLEAR","HONDA","UNKNOWN (HONDA)","2019","0","1 - NOT WORN"
"19391606","CORPUS CHRISTI","2023-02-11","0","1 - CLEAR","HARLEY-DAVIDSON","XL1200 (HARLEY-DAVIDSON)","2012","0","1 - NOT WORN"
"19384604","ABILENE","2023-02-12","0","1 - CLEAR","KAWASAKI","1600 (KAWASAKI)","2006","0","1 - NOT WORN"
"19385964","OUTSIDE CITY LIMITS","2023-02-12","0","1 - CLEAR","HARLEY-DAVIDSON","FLS (HARLEY-DAVIDSON)","2018","0","1 - NOT WORN"
"19388512","ABILENE","2023-02-12","0","1 - CLEAR","HARLEY-DAVIDSON","UNKNOWN (HARLEY-DAVIDSON)","2007","0","1 - NOT WORN"
"19388512","ABILENE","2023-02-12","0","1 - CLEAR","TOYOTA","CAMRY (TOYOTA)","2015","0","97 - NOT APPLICABLE"
"19390741","KYLE","2023-02-12","0","1 - CLEAR","SUZUKI","GSX (SUZUKI)","2007","0","2 - WORN, DAMAGED"
"19390741","KYLE","2023-02-12","0","1 - CLEAR","FORD","F150 (FORD)","2007","0","97 - NOT APPLICABLE"
"19391219","AZLE","2023-02-12","0","1 - CLEAR","CHEVROLET","SILVERADO (CHEVROLET)","2006","0","97 - NOT APPLICABLE"
"19391219","AZLE","2023-02-12","0","1 - CLEAR","HONDA","UNKNOWN (HONDA)","2003","0","1 - NOT WORN"
"19391393","MCALLEN","2023-02-12","0","1 - CLEAR","HONDA","CIVIC (HONDA)","2021","0","97 - NOT APPLICABLE"
"19391393","MCALLEN","2023-02-12","0","1 - CLEAR","HONDA","CIVIC (HONDA)","2021","0","97 - NOT APPLICABLE"
"19391393","MCALLEN","2023-02-12","0","1 - CLEAR","HONDA","CIVIC (HONDA)","2021","0","97 - NOT APPLICABLE"
"19391393","MCALLEN","2023-02-12","0","1 - CLEAR","YAMAHA","CP250 (YAMAHA)","2022","0","2 - WORN, DAMAGED"
"19392848","ODESSA","2023-02-12","0","1 - CLEAR","BUICK","LUCERNE (BUICK)","2009","0","97 - NOT APPLICABLE"
"19392848","ODESSA","2023-02-12","0","1 - CLEAR","HARLEY-DAVIDSON","XL883 (HARLEY-DAVIDSON)","2008","0","1 - NOT WORN"
"19392917","HOUSTON","2023-02-12","0","1 - CLEAR","SUZUKI","GSX (SUZUKI)","No Data","0","4 - WORN, UNK DAMAGE"
"19392917","HOUSTON","2023-02-12","0","1 - CLEAR","SUZUKI","GSX (SUZUKI)","No Data","0","4 - WORN, UNK DAMAGE"
"19401820","OUTSIDE CITY LIMITS","2023-02-12","1","1 - CLEAR","CHEVROLET","TRAILBLAZER (CHEVROLET)","2021","0","97 - NOT APPLICABLE"
"19401820","OUTSIDE CITY LIMITS","2023-02-12","1","1 - CLEAR","HONDA","CBR600 (HONDA)","2007","1","2 - WORN, DAMAGED"
"19401844","AUSTIN","2023-02-12","0","1 - CLEAR","TOYOTA","COROLLA (TOYOTA)","2010","0","97 - NOT APPLICABLE"
"19401844","AUSTIN","2023-02-12","0","1 - CLEAR","HONDA","UNKNOWN (HONDA)","1981","0","1 - NOT WORN"
"19401844","AUSTIN","2023-02-12","0","1 - CLEAR","HONDA","UNKNOWN (HONDA)","1981","0","1 - NOT WORN"
"19402721","RICHARDSON","2023-02-12","1","1 - CLEAR","YAMAHA","XT225 (YAMAHA)","2001","1","2 - WORN, DAMAGED"
"19410235","OUTSIDE CITY LIMITS","2023-02-12","0","1 - CLEAR","CHRYSLER","300 (CHRYSLER)","2012","0","97 - NOT APPLICABLE"
"19410235","OUTSIDE CITY LIMITS","2023-02-12","0","1 - CLEAR","KAWASAKI","NINJA ZX (KAWASAKI)","2016","0","2 - WORN, DAMAGED"
"19418340","OUTSIDE CITY LIMITS","2023-02-12","0","1 - CLEAR","NISSAN","UNKNOWN (NISSAN)","2009","0","97 - NOT APPLICABLE"
"19418340","OUTSIDE CITY LIMITS","2023-02-12","0","1 - CLEAR","HARLEY-DAVIDSON","FXB (HARLEY-DAVIDSON)","2022","0","2 - WORN, DAMAGED"
"19390926","OUTSIDE CITY LIMITS","2023-02-13","0","1 - CLEAR","TRIUMPH MOTORCYCLE","SPEED (TRIUMPH MOTORCYCLE)","2022","0","2 - WORN, DAMAGED"
"19396516","OUTSIDE CITY LIMITS","2023-02-13","0","1 - CLEAR","HARLEY-DAVIDSON","UNKNOWN (HARLEY-DAVIDSON)","2022","0","1 - NOT WORN"
"19391473","LONGVIEW","2023-02-14","0","2 - CLOUDY","HARLEY-DAVIDSON","FLHX (HARLEY-DAVIDSON)","2018","0","3 - WORN, NOT DAMAGED"
"19391744","SAN ANTONIO","2023-02-14","0","1 - CLEAR","CHEVROLET","C1500 (CHEVROLET)","2002","0","97 - NOT APPLICABLE"
"19391744","SAN ANTONIO","2023-02-14","0","1 - CLEAR","HARLEY-DAVIDSON","UNKNOWN (HARLEY-DAVIDSON)","2007","0","2 - WORN, DAMAGED"
"19395794","BRYAN","2023-02-14","0","2 - CLOUDY","CHEVROLET","MALIBU (CHEVROLET)","2022","0","97 - NOT APPLICABLE"
"19395794","BRYAN","2023-02-14","0","2 - CLOUDY","YAMAHA","YZFR6 (YAMAHA)","2015","0","2 - WORN, DAMAGED"
"19402010","OUTSIDE CITY LIMITS","2023-02-14","1","3 - RAIN","FORD","F150 (FORD)","2017","0","97 - NOT APPLICABLE"
"19402010","OUTSIDE CITY LIMITS","2023-02-14","1","3 - RAIN","FORD","F150 (FORD)","2017","0","97 - NOT APPLICABLE"
"19402010","OUTSIDE CITY LIMITS","2023-02-14","1","3 - RAIN","YAMAHA","YZFR6 (YAMAHA)","2020","1","2 - WORN, DAMAGED"
"19405064","OUTSIDE CITY LIMITS","2023-02-14","0","1 - CLEAR","HARLEY-DAVIDSON","XG750 (HARLEY-DAVIDSON)","2017","0","1 - NOT WORN"
"19407634","SAN ANTONIO","2023-02-14","0","1 - CLEAR","HARLEY-DAVIDSON","FLH (HARLEY-DAVIDSON)","2016","0","2 - WORN, DAMAGED"
"19407634","SAN ANTONIO","2023-02-14","0","1 - CLEAR","TOYOTA","TUNDRA (TOYOTA)","2014","0","97 - NOT APPLICABLE"
"19407634","SAN ANTONIO","2023-02-14","0","1 - CLEAR","HONDA","ACCORD (HONDA)","2020","0","97 - NOT APPLICABLE"
"19427624","COTULLA","2023-02-14","1","1 - CLEAR","HARLEY-DAVIDSON","XL1200 (HARLEY-DAVIDSON)","2002","1","1 - NOT WORN"
"19427624","COTULLA","2023-02-14","1","1 - CLEAR","FORD","F250 (FORD)","2021","0","97 - NOT APPLICABLE"
"19392428","OUTSIDE CITY LIMITS","2023-02-15","0","1 - CLEAR","FORD","FUSION (FORD)","2017","0","97 - NOT APPLICABLE"
"19392428","OUTSIDE CITY LIMITS","2023-02-15","0","1 - CLEAR","HARLEY-DAVIDSON","FLFB (HARLEY-DAVIDSON)","2019","0","99 - UNKNOWN IF WORN"
"19393618","MIDLAND","2023-02-15","0","1 - CLEAR","BMW","UNKNOWN (BMW)","2016","0","3 - WORN, NOT DAMAGED"
"19394600","OUTSIDE CITY LIMITS","2023-02-15","0","2 - CLOUDY","ALL OTHER MAKES","UNKNOWN (ALL OTHER MAKES)","2019","0","2 - WORN, DAMAGED"
"19398079","WACO","2023-02-15","0","1 - CLEAR","OTHER (EXPLAIN IN NARRATIVE)","OTHER (EXPLAIN IN NARRATIVE) (OTHER (EXPLAIN IN NARRATIVE))","2019","0","2 - WORN, DAMAGED"
"19398079","WACO","2023-02-15","0","1 - CLEAR","OTHER (EXPLAIN IN NARRATIVE)","OTHER (EXPLAIN IN NARRATIVE) (OTHER (EXPLAIN IN NARRATIVE))","2019","0","1 - NOT WORN"
"19398079","WACO","2023-02-15","0","1 - CLEAR","CHEVROLET","SILVERADO (CHEVROLET)","2014","0","97 - NOT APPLICABLE"
"19398079","WACO","2023-02-15","0","1 - CLEAR","CHEVROLET","SILVERADO (CHEVROLET)","2014","0","97 - NOT APPLICABLE"
"19403614","MIDLOTHIAN","2023-02-15","2","1 - CLEAR","HARLEY-DAVIDSON","FLH (HARLEY-DAVIDSON)","2021","1","2 - WORN, DAMAGED"
"19403614","MIDLOTHIAN","2023-02-15","2","1 - CLEAR","HARLEY-DAVIDSON","FLH (HARLEY-DAVIDSON)","2021","1","2 - WORN, DAMAGED"
"19403614","MIDLOTHIAN","2023-02-15","2","1 - CLEAR","FORD","F150 (FORD)","2013","0","97 - NOT APPLICABLE"
"19404208","SAGINAW","2023-02-15","1","1 - CLEAR","HARLEY-DAVIDSON","FLSS (HARLEY-DAVIDSON)","2016","1","2 - WORN, DAMAGED"
"19404208","SAGINAW","2023-02-15","1","1 - CLEAR","INFINITI","Q40 (INFINITI)","2015","0","97 - NOT APPLICABLE"
"19408746","OUTSIDE CITY LIMITS","2023-02-15","0","1 - CLEAR","DODGE","CALIBER (DODGE)","2009","0","97 - NOT APPLICABLE"
"19408746","OUTSIDE CITY LIMITS","2023-02-15","0","1 - CLEAR","HARLEY-DAVIDSON","FLH (HARLEY-DAVIDSON)","2012","0","1 - NOT WORN"
"19409097","OUTSIDE CITY LIMITS","2023-02-15","0","1 - CLEAR","HARLEY-DAVIDSON","FLH (HARLEY-DAVIDSON)","2007","0","2 - WORN, DAMAGED"
"19393401","KILLEEN","2023-02-16","0","2 - CLOUDY","KAWASAKI","EX650 (KAWASAKI)","2023","0","4 - WORN, UNK DAMAGE"
"19393401","KILLEEN","2023-02-16","0","2 - CLOUDY","HONDA","ACCORD (HONDA)","2000","0","97 - NOT APPLICABLE"
"19393499","CORPUS CHRISTI","2023-02-16","0","1 - CLEAR","No Data","No Data","No Data","0","97 - NOT APPLICABLE"
"19393499","CORPUS CHRISTI","2023-02-16","0","1 - CLEAR","HARLEY-DAVIDSON","FLFB (HARLEY-DAVIDSON)","2020","0","2 - WORN, DAMAGED"
"19394715","IRVING","2023-02-17","0","1 - CLEAR","YAMAHA","FZ09 (YAMAHA)","2014","0","2 - WORN, DAMAGED"
"19395462","ABILENE","2023-02-17","0","1 - CLEAR","SUZUKI","UNKNOWN (SUZUKI)","2006","0","3 - WORN, NOT DAMAGED"
"19395462","ABILENE","2023-02-17","0","1 - CLEAR","JEEP","CHEROKEE (JEEP)","2015","0","97 - NOT APPLICABLE"
"19397928","OUTSIDE CITY LIMITS","2023-02-17","0","1 - CLEAR","SUZUKI","GSX (SUZUKI)","2023","0","1 - NOT WORN"
"19404305","ARLINGTON","2023-02-17","0","1 - CLEAR","HARLEY-DAVIDSON","FLHX (HARLEY-DAVIDSON)","2012","0","2 - WORN, DAMAGED"
"19404305","ARLINGTON","2023-02-17","0","1 - CLEAR","HARLEY-DAVIDSON","FLHX (HARLEY-DAVIDSON)","2012","0","2 - WORN, DAMAGED"
"19409821","COLLEGE STATION","2023-02-17","0","1 - CLEAR","HYUNDAI","TUCSON (HYUNDAI)","2012","0","97 - NOT APPLICABLE"
"19409821","COLLEGE STATION","2023-02-17","0","1 - CLEAR","HONDA","Z50 (HONDA)","2023","0","3 - WORN, NOT DAMAGED"
"19396088","PASADENA","2023-02-18","0","1 - CLEAR","HARLEY-DAVIDSON","FLD (HARLEY-DAVIDSON)","2012","0","1 - NOT WORN"
"19396088","PASADENA","2023-02-18","0","1 - CLEAR","CHEVROLET","SONIC (CHEVROLET)","2006","0","97 - NOT APPLICABLE"
"19396088","PASADENA","2023-02-18","0","1 - CLEAR","FORD","FUSION (FORD)","2015","0","97 - NOT APPLICABLE"
"19400663","CORSICANA","2023-02-18","0","1 - CLEAR","CHEVROLET","IMPALA (CHEVROLET)","2008","0","97 - NOT APPLICABLE"
"19400663","CORSICANA","2023-02-18","0","1 - CLEAR","HARLEY-DAVIDSON","UNKNOWN (HARLEY-DAVIDSON)","2007","0","4 - WORN, UNK DAMAGE"
"19402423","OUTSIDE CITY LIMITS","2023-02-18","0","1 - CLEAR","HONDA","CRF70 (HONDA)","No Data","0","1 - NOT WORN"
"19405226","JERSEY VILLAGE","2023-02-18","0","1 - CLEAR","CHEVROLET","SILVERADO (CHEVROLET)","2004","0","97 - NOT APPLICABLE"
"19405226","JERSEY VILLAGE","2023-02-18","0","1 - CLEAR","SUZUKI","GSX (SUZUKI)","2018","0","4 - WORN, UNK DAMAGE"
"19408032","OUTSIDE CITY LIMITS","2023-02-18","0","1 - CLEAR","HARLEY-DAVIDSON","FLH (HARLEY-DAVIDSON)","2019","0","4 - WORN, UNK DAMAGE"
"19409977","OUTSIDE CITY LIMITS","2023-02-18","0","1 - CLEAR","HARLEY-DAVIDSON","FLHX (HARLEY-DAVIDSON)","2006","0","2 - WORN, DAMAGED"
"19417699","KILLEEN","2023-02-18","1","1 - CLEAR","YAMAHA","YZ450 (YAMAHA)","2008","1","1 - NOT WORN"
"19417699","KILLEEN","2023-02-18","1","1 - CLEAR","MERCEDES-BENZ","E320 (MERCEDES-BENZ)","2002","0","97 - NOT APPLICABLE"
"19397296","LUFKIN","2023-02-19","0","2 - CLOUDY","FORD","EXPEDITION (FORD)","2000","0","97 - NOT APPLICABLE"
"19397296","LUFKIN","2023-02-19","0","2 - CLOUDY","HARLEY-DAVIDSON","UNKNOWN (HARLEY-DAVIDSON)","2014","0","1 - NOT WORN"
"19397937","OUTSIDE CITY LIMITS","2023-02-19","0","1 - CLEAR","APRILIA","TUONO (APRILIA)","2013","0","2 - WORN, DAMAGED"
"19398228","CORPUS CHRISTI","2023-02-19","0","1 - CLEAR","SUZUKI","GSX (SUZUKI)","2005","0","2 - WORN, DAMAGED"
"19404132","OUTSIDE CITY LIMITS","2023-02-19","0","1 - CLEAR","No Data","No Data","No Data","0","97 - NOT APPLICABLE"
"19404132","OUTSIDE CITY LIMITS","2023-02-19","0","1 - CLEAR","KAWASAKI","UNKNOWN (KAWASAKI)","2011","0","1 - NOT WORN"
"19408872","HOUSTON","2023-02-19","0","1 - CLEAR","TOYOTA","RAV4 (TOYOTA)","2017","0","97 - NOT APPLICABLE"
"19408872","HOUSTON","2023-02-19","0","1 - CLEAR","TOYOTA","RAV4 (TOYOTA)","2017","0","97 - NOT APPLICABLE"
"19408872","HOUSTON","2023-02-19","0","1 - CLEAR","HONDA","UNKNOWN (HONDA)","2012","0","1 - NOT WORN"
"19411849","BIG SPRING","2023-02-19","1","1 - CLEAR","HONDA","VT750 (HONDA)","2012","1","1 - NOT WORN"
"19411849","BIG SPRING","2023-02-19","1","1 - CLEAR","FORD","F150 (FORD)","2002","0","97 - NOT APPLICABLE"
"19421377","OUTSIDE CITY LIMITS","2023-02-19","0","1 - CLEAR","DUCATI","SCRAMBLER (DUCATI)","2022","0","2 - WORN, DAMAGED"
"19422984","OUTSIDE CITY LIMITS","2023-02-19","0","1 - CLEAR","YAMAHA","YZF1000 (YAMAHA)","2014","0","2 - WORN, DAMAGED"
"19423344","OUTSIDE CITY LIMITS","2023-02-19","0","1 - CLEAR","HARLEY-DAVIDSON","FLT (HARLEY-DAVIDSON)","2012","0","4 - WORN, UNK DAMAGE"
"19428828","HOUSTON","2023-02-19","0","1 - CLEAR","SUZUKI","GSX-R1000 (SUZUKI)","2022","0","2 - WORN, DAMAGED"
"19463889","HOUSTON","2023-02-19","1","1 - CLEAR","KAWASAKI","ER650 (KAWASAKI)","2009","1","2 - WORN, DAMAGED"
"19398370","SAN ANTONIO","2023-02-20","0","1 - CLEAR","OTHER (EXPLAIN IN NARRATIVE)","OTHER (EXPLAIN IN NARRATIVE) (OTHER (EXPLAIN IN NARRATIVE))","2022","0","3 - WORN, NOT DAMAGED"
"19399576","OUTSIDE CITY LIMITS","2023-02-20","0","1 - CLEAR","HARLEY-DAVIDSON","FLH (HARLEY-DAVIDSON)","2015","0","2 - WORN, DAMAGED"
"19399576","OUTSIDE CITY LIMITS","2023-02-20","0","1 - CLEAR","KIA","K5 (KIA)","2022","0","97 - NOT APPLICABLE"
"19400637","SAN ANTONIO","2023-02-20","0","1 - CLEAR","KAWASAKI","NINJA ZX (KAWASAKI)","2005","0","2 - WORN, DAMAGED"
"19400637","SAN ANTONIO","2023-02-20","0","1 - CLEAR","VOLKSWAGEN","PASSAT (VOLKSWAGEN)","2009","0","97 - NOT APPLICABLE"
"19407013","HOUSTON","2023-02-20","0","1 - CLEAR","YAMAHA","UNKNOWN (YAMAHA)","2005","0","1 - NOT WORN"
"19408630","OUTSIDE CITY LIMITS","2023-02-20","0","1 - CLEAR","YAMAHA","YZFR1 (YAMAHA)","2009","0","4 - WORN, UNK DAMAGE"
"19408630","OUTSIDE CITY LIMITS","2023-02-20","0","1 - CLEAR","DODGE","RAM 1500 (DODGE)","2002","0","97 - NOT APPLICABLE"
"19408630","OUTSIDE CITY LIMITS","2023-02-20","0","1 - CLEAR","DODGE","RAM 1500 (DODGE)","2002","0","97 - NOT APPLICABLE"
"19419186","OUTSIDE CITY LIMITS","2023-02-20","1","1 - CLEAR","FORD","F250 (FORD)","2018","0","97 - NOT APPLICABLE"
"19419186","OUTSIDE CITY LIMITS","2023-02-20","1","1 - CLEAR","FORD","F250 (FORD)","2018","0","97 - NOT APPLICABLE"
"19419186","OUTSIDE CITY LIMITS","2023-02-20","1","1 - CLEAR","SUZUKI","GSX (SUZUKI)","2018","1","2 - WORN, DAMAGED"
"19400543","ANGLETON","2023-02-21","0","1 - CLEAR","KAWASAKI","EX250 (KAWASAKI)","2011","0","2 - WORN, DAMAGED"
"19402325","HOUSTON","2023-02-21","0","1 - CLEAR","HONDA","UNKNOWN (HONDA)","2009","0","2 - WORN, DAMAGED"
"19402745","OUTSIDE CITY LIMITS","2023-02-21","1","2 - CLOUDY","YAMAHA","UNKNOWN (YAMAHA)","2013","1","1 - NOT WORN"
"19402833","OUTSIDE CITY LIMITS","2023-02-21","1","2 - CLOUDY","SUBARU","CROSSTREK (SUBARU)","2022","0","97 - NOT APPLICABLE"
"19402833","OUTSIDE CITY LIMITS","2023-02-21","1","2 - CLOUDY","YAMAHA","XV1700 (YAMAHA)","2004","1","4 - WORN, UNK DAMAGE"
"19403300","IRVING","2023-02-21","0","1 - CLEAR","BMW","S 1000 (BMW)","2022","0","4 - WORN, UNK DAMAGE"
"19405820","OUTSIDE CITY LIMITS","2023-02-21","0","1 - CLEAR","HARLEY-DAVIDSON","XLH1200 (HARLEY-DAVIDSON)","2016","0","1 - NOT WORN"
"19405820","OUTSIDE CITY LIMITS","2023-02-21","0","1 - CLEAR","FORD","EXPLORER (FORD)","2014","0","97 - NOT APPLICABLE"
"19405820","OUTSIDE CITY LIMITS","2023-02-21","0","1 - CLEAR","FORD","EXPLORER (FORD)","2014","0","97 - NOT APPLICABLE"
"19405820","OUTSIDE CITY LIMITS","2023-02-21","0","1 - CLEAR","FORD","EXPLORER (FORD)","2014","0","97 - NOT APPLICABLE"
"19414096","OUTSIDE CITY LIMITS","2023-02-21","0","1 - CLEAR","CADILLAC","XTS (CADILLAC)","2014","0","97 - NOT APPLICABLE"
"19414096","OUTSIDE CITY LIMITS","2023-02-21","0","1 - CLEAR","HARLEY-DAVIDSON","FLS (HARLEY-DAVIDSON)","2003","0","2 - WORN, DAMAGED"
"19414638","OUTSIDE CITY LIMITS","2023-02-21","1","1 - CLEAR","IC CORPORATION","UNKNOWN (IC CORPORATION)","2004","0","97 - NOT APPLICABLE"
"19414638","OUTSIDE CITY LIMITS","2023-02-21","1","1 - CLEAR","IC CORPORATION","UNKNOWN (IC CORPORATION)","2004","0","97 - NOT APPLICABLE"
"19414638","OUTSIDE CITY LIMITS","2023-02-21","1","1 - CLEAR","IC CORPORATION","UNKNOWN (IC CORPORATION)","2004","0","97 - NOT APPLICABLE"
"19414638","OUTSIDE CITY LIMITS","2023-02-21","1","1 - CLEAR","IC CORPORATION","UNKNOWN (IC CORPORATION)","2004","0","97 - NOT APPLICABLE"
"19414638","OUTSIDE CITY LIMITS","2023-02-21","1","1 - CLEAR","IC CORPORATION","UNKNOWN (IC CORPORATION)","2004","0","97 - NOT APPLICABLE"
"19414638","OUTSIDE CITY LIMITS","2023-02-21","1","1 - CLEAR","IC CORPORATION","UNKNOWN (IC CORPORATION)","2004","0","97 - NOT APPLICABLE"
"19414638","OUTSIDE CITY LIMITS","2023-02-21","1","1 - CLEAR","IC CORPORATION","UNKNOWN (IC CORPORATION)","2004","0","97 - NOT APPLICABLE"
"19414638","OUTSIDE CITY LIMITS","2023-02-21","1","1 - CLEAR","IC CORPORATION","UNKNOWN (IC CORPORATION)","2004","0","97 - NOT APPLICABLE"
"19414638","OUTSIDE CITY LIMITS","2023-02-21","1","1 - CLEAR","IC CORPORATION","UNKNOWN (IC CORPORATION)","2004","0","97 - NOT APPLICABLE"
"19414638","OUTSIDE CITY LIMITS","2023-02-21","1","1 - CLEAR","IC CORPORATION","UNKNOWN (IC CORPORATION)","2004","0","97 - NOT APPLICABLE"
"19414638","OUTSIDE CITY LIMITS","2023-02-21","1","1 - CLEAR","IC CORPORATION","UNKNOWN (IC CORPORATION)","2004","0","97 - NOT APPLICABLE"
"19414638","OUTSIDE CITY LIMITS","2023-02-21","1","1 - CLEAR","IC CORPORATION","UNKNOWN (IC CORPORATION)","2004","0","97 - NOT APPLICABLE"
"19414638","OUTSIDE CITY LIMITS","2023-02-21","1","1 - CLEAR","IC CORPORATION","UNKNOWN (IC CORPORATION)","2004","0","97 - NOT APPLICABLE"
"19414638","OUTSIDE CITY LIMITS","2023-02-21","1","1 - CLEAR","IC CORPORATION","UNKNOWN (IC CORPORATION)","2004","0","97 - NOT APPLICABLE"
"19414638","OUTSIDE CITY LIMITS","2023-02-21","1","1 - CLEAR","IC CORPORATION","UNKNOWN (IC CORPORATION)","2004","0","97 - NOT APPLICABLE"
"19414638","OUTSIDE CITY LIMITS","2023-02-21","1","1 - CLEAR","IC CORPORATION","UNKNOWN (IC CORPORATION)","2004","0","97 - NOT APPLICABLE"
"19414638","OUTSIDE CITY LIMITS","2023-02-21","1","1 - CLEAR","HARLEY-DAVIDSON","VRSCDX (HARLEY-DAVIDSON)","2016","1","1 - NOT WORN"
"19414638","OUTSIDE CITY LIMITS","2023-02-21","1","1 - CLEAR","FORD","F350 (FORD)","2014","0","97 - NOT APPLICABLE"
"19417666","CONROE","2023-02-21","1","1 - CLEAR","SUZUKI","GSX-R750 (SUZUKI)","2017","1","2 - WORN, DAMAGED"
"19417666","CONROE","2023-02-21","1","1 - CLEAR","SUZUKI","GSX-R600 (SUZUKI)","2008","0","2 - WORN, DAMAGED"
"19425066","HOUSTON","2023-02-21","0","1 - CLEAR","HONDA","ACCORD (HONDA)","2012","0","97 - NOT APPLICABLE"
"19425066","HOUSTON","2023-02-21","0","1 - CLEAR","HONDA","ACCORD (HONDA)","2012","0","97 - NOT APPLICABLE"
"19425066","HOUSTON","2023-02-21","0","1 - CLEAR","KIA","FORTE (KIA)","2012","0","97 - NOT APPLICABLE"
"19425066","HOUSTON","2023-02-21","0","1 - CLEAR","MAZDA","CX-5 (MAZDA)","2020","0","97 - NOT APPLICABLE"
"19425066","HOUSTON","2023-02-21","0","1 - CLEAR","NISSAN","ROGUE (NISSAN)","2021","0","97 - NOT APPLICABLE"
"19425066","HOUSTON","2023-02-21","0","1 - CLEAR","CADILLAC","ATS (CADILLAC)","2017","0","97 - NOT APPLICABLE"
"19425066","HOUSTON","2023-02-21","0","1 - CLEAR","SUZUKI","UNKNOWN (SUZUKI)","2007","0","1 - NOT WORN"
"20158936","AUSTIN","2023-02-21","0","1 - CLEAR","HARLEY-DAVIDSON","FLHTI (HARLEY-DAVIDSON)","2009","0","1 - NOT WORN"
"20158936","AUSTIN","2023-02-21","0","1 - CLEAR","No Data","No Data","No Data","0","97 - NOT APPLICABLE"
"19403492","ARLINGTON","2023-02-22","1","1 - CLEAR","CAN-AM","SPYDER ROADSTER (CAN-AM)","2018","1","1 - NOT WORN"
"19404351","SAN ANTONIO","2023-02-22","0","1 - CLEAR","FORD","FUSION (FORD)","2010","0","97 - NOT APPLICABLE"
"19404351","SAN ANTONIO","2023-02-22","0","1 - CLEAR","YAMAHA","XVS950 (YAMAHA)","2020","0","2 - WORN, DAMAGED"
"19404865","MONTGOMERY","2023-02-22","0","1 - CLEAR","CHEVROLET","CRUZE (CHEVROLET)","2015","0","97 - NOT APPLICABLE"
"19404865","MONTGOMERY","2023-02-22","0","1 - CLEAR","KTM","500 (KTM)","2013","0","3 - WORN, NOT DAMAGED"
"19432518","HOUSTON","2023-02-22","0","1 - CLEAR","MONON","NOT APPLICABLE (MONON)","1996","0","97 - NOT APPLICABLE"
"19432518","HOUSTON","2023-02-22","0","1 - CLEAR","HONDA","UNKNOWN (HONDA)","2013","0","2 - WORN, DAMAGED"
"19403854","OUTSIDE CITY LIMITS","2023-02-23","0","2 - CLOUDY","HARLEY-DAVIDSON","XL1200 (HARLEY-DAVIDSON)","2022","0","2 - WORN, DAMAGED"
"19405966","SAN ANTONIO","2023-02-23","0","2 - CLOUDY","KAWASAKI","UNKNOWN (KAWASAKI)","2006","0","99 - UNKNOWN IF WORN"
"19405966","SAN ANTONIO","2023-02-23","0","2 - CLOUDY","DODGE","JOURNEY (DODGE)","2011","0","97 - NOT APPLICABLE"
"19416739","OUTSIDE CITY LIMITS","2023-02-23","0","1 - CLEAR","GMC","YUKON XL (GMC)","2002","0","97 - NOT APPLICABLE"
"19416739","OUTSIDE CITY LIMITS","2023-02-23","0","1 - CLEAR","HARLEY-DAVIDSON","XL883 (HARLEY-DAVIDSON)","2019","0","4 - WORN, UNK DAMAGE"
"19418068","LUBBOCK","2023-02-23","0","1 - CLEAR","CHEVROLET","SILVERADO (CHEVROLET)","2009","0","97 - NOT APPLICABLE"
"19418068","LUBBOCK","2023-02-23","0","1 - CLEAR","OTHER (EXPLAIN IN NARRATIVE)","OTHER (EXPLAIN IN NARRATIVE) (OTHER (EXPLAIN IN NARRATIVE))","2022","0","2 - WORN, DAMAGED"
"19419407","POINT BLANK","2023-02-23","0","1 - CLEAR","DODGE","RAM 1500 (DODGE)","2008","0","97 - NOT APPLICABLE"
"19419407","POINT BLANK","2023-02-23","0","1 - CLEAR","DODGE","RAM 1500 (DODGE)","2008","0","97 - NOT APPLICABLE"
"19419407","POINT BLANK","2023-02-23","0","1 - CLEAR","DODGE","RAM 1500 (DODGE)","2008","0","97 - NOT APPLICABLE"
"19419407","POINT BLANK","2023-02-23","0","1 - CLEAR","HARLEY-DAVIDSON","FLH (HARLEY-DAVIDSON)","2009","0","2 - WORN, DAMAGED"
"19423428","OUTSIDE CITY LIMITS","2023-02-23","0","1 - CLEAR","BUELL","UNKNOWN (BUELL)","2006","0","1 - NOT WORN"
"19451327","HOUSTON","2023-02-23","0","1 - CLEAR","HONDA","GROM (HONDA)","2018","0","2 - WORN, DAMAGED"
"19451327","HOUSTON","2023-02-23","0","1 - CLEAR","FORD","F150 (FORD)","2003","0","97 - NOT APPLICABLE"
"19451327","HOUSTON","2023-02-23","0","1 - CLEAR","FORD","F150 (FORD)","2003","0","97 - NOT APPLICABLE"
"19451327","HOUSTON","2023-02-23","0","1 - CLEAR","FORD","F150 (FORD)","2003","0","97 - NOT APPLICABLE"
"19467049","OUTSIDE CITY LIMITS","2023-02-23","0","1 - CLEAR","BMW","S 1000 (BMW)","2013","0","2 - WORN, DAMAGED"
"19467049","OUTSIDE CITY LIMITS","2023-02-23","0","1 - CLEAR","HARLEY-DAVIDSON","UNKNOWN (HARLEY-DAVIDSON)","1975","0","2 - WORN, DAMAGED"
"19407538","EL PASO","2023-02-24","0","1 - CLEAR","CHEVROLET","IMPALA (CHEVROLET)","2014","0","97 - NOT APPLICABLE"
"19407538","EL PASO","2023-02-24","0","1 - CLEAR","KAWASAKI","EN450 (KAWASAKI)","2008","0","2 - WORN, DAMAGED"
"19414437","CORPUS CHRISTI","2023-02-24","1","1 - CLEAR","HARLEY-DAVIDSON","FLT (HARLEY-DAVIDSON)","2022","1","2 - WORN, DAMAGED"
"19423868","ARANSAS PASS","2023-02-24","0","1 - CLEAR","FORD","F150 (FORD)","1992","0","97 - NOT APPLICABLE"
"19423868","ARANSAS PASS","2023-02-24","0","1 - CLEAR","HARLEY-DAVIDSON","FXD (HARLEY-DAVIDSON)","2013","0","1 - NOT WORN"
"19407931","HARKER HEIGHTS","2023-02-25","0","1 - CLEAR","INDIAN MOTORCYCLE CO.","SCOUT (INDIAN MOTORCYCLE CO.)","2016","0","2 - WORN, DAMAGED"
"19408026","MINERAL WELLS","2023-02-25","0","2 - CLOUDY","TRIUMPH MOTORCYCLE","DAYTONA (TRIUMPH MOTORCYCLE)","2004","0","2 - WORN, DAMAGED"
"19408026","MINERAL WELLS","2023-02-25","0","2 - CLOUDY","CHEVROLET","S10 (CHEVROLET)","2000","0","97 - NOT APPLICABLE"
"19409900","OUTSIDE CITY LIMITS","2023-02-25","0","1 - CLEAR","HONDA","GL1800 (HONDA)","2010","0","2 - WORN, DAMAGED"
"19409900","OUTSIDE CITY LIMITS","2023-02-25","0","1 - CLEAR","HYUNDAI","PALISADE (HYUNDAI)","2022","0","97 - NOT APPLICABLE"
"19412490","WACO","2023-02-25","1","1 - CLEAR","CAN-AM","SPYDER ROADSTER (CAN-AM)","2016","1","1 - NOT WORN"
"19412490","WACO","2023-02-25","1","1 - CLEAR","CHEVROLET","MALIBU (CHEVROLET)","2009","0","97 - NOT APPLICABLE"
"19416444","ARLINGTON","2023-02-25","1","1 - CLEAR","YAMAHA","YZFR6 (YAMAHA)","2007","1","99 - UNKNOWN IF WORN"
"19416444","ARLINGTON","2023-02-25","1","1 - CLEAR","LEXUS","ES 300 (LEXUS)","2002","0","97 - NOT APPLICABLE"
"19416444","ARLINGTON","2023-02-25","1","1 - CLEAR","LEXUS","ES 300 (LEXUS)","2002","0","97 - NOT APPLICABLE"
"19416444","ARLINGTON","2023-02-25","1","1 - CLEAR","NISSAN","JUKE (NISSAN)","2013","0","97 - NOT APPLICABLE"
"19416444","ARLINGTON","2023-02-25","1","1 - CLEAR","NISSAN","JUKE (NISSAN)","2013","0","97 - NOT APPLICABLE"
"19422706","OUTSIDE CITY LIMITS","2023-02-25","0","1 - CLEAR","GMC","SIERRA (GMC)","2020","0","97 - NOT APPLICABLE"
"19422706","OUTSIDE CITY LIMITS","2023-02-25","0","1 - CLEAR","GMC","SIERRA (GMC)","2020","0","97 - NOT APPLICABLE"
"19422706","OUTSIDE CITY LIMITS","2023-02-25","0","1 - CLEAR","ALL OTHER MAKES","UNKNOWN (ALL OTHER MAKES)","2021","0","2 - WORN, DAMAGED"
"19423025","HOUSTON","2023-02-25","0","1 - CLEAR","KAWASAKI","NINJA ZX (KAWASAKI)","2021","0","2 - WORN, DAMAGED"
"19427003","OUTSIDE CITY LIMITS","2023-02-25","0","1 - CLEAR","HARLEY-DAVIDSON","FLH (HARLEY-DAVIDSON)","2019","0","4 - WORN, UNK DAMAGE"
"19408745","CELINA","2023-02-26","0","2 - CLOUDY","GMC","ACADIA (GMC)","2011","0","97 - NOT APPLICABLE"
"19408745","CELINA","2023-02-26","0","2 - CLOUDY","HARLEY-DAVIDSON","UNKNOWN (HARLEY-DAVIDSON)","2016","0","2 - WORN, DAMAGED"
"19408750","KYLE","2023-02-26","0","1 - CLEAR","YAMAHA","FZ1 (YAMAHA)","2008","0","2 - WORN, DAMAGED"
"19410111","PEARLAND","2023-02-26","0","1 - CLEAR","HONDA","CBR600 (HONDA)","2006","0","3 - WORN, NOT DAMAGED"
"19410111","PEARLAND","2023-02-26","0","1 - CLEAR","HONDA","CBR600 (HONDA)","2006","0","2 - WORN, DAMAGED"
"19411385","DALLAS","2023-02-26","0","1 - CLEAR","FORD","ESCAPE (FORD)","2015","0","97 - NOT APPLICABLE"
"19411385","DALLAS","2023-02-26","0","1 - CLEAR","FORD","ESCAPE (FORD)","2015","0","97 - NOT APPLICABLE"
"19411385","DALLAS","2023-02-26","0","1 - CLEAR","FORD","ESCAPE (FORD)","2015","0","97 - NOT APPLICABLE"
"19411385","DALLAS","2023-02-26","0","1 - CLEAR","SUZUKI","VS800 (SUZUKI)","2004","0","1 - NOT WORN"
"19411385","DALLAS","2023-02-26","0","1 - CLEAR","SUZUKI","VS800 (SUZUKI)","2004","0","2 - WORN, DAMAGED"
"19419760","HOUSTON","2023-02-26","0","2 - CLOUDY","YAMAHA","YZF1000 (YAMAHA)","2023","0","99 - UNKNOWN IF WORN"
"19420616","BROWNSVILLE","2023-02-26","0","2 - CLOUDY","TOYOTA","PRIUS (TOYOTA)","2014","0","97 - NOT APPLICABLE"
"19420616","BROWNSVILLE","2023-02-26","0","2 - CLOUDY","TOYOTA","PRIUS (TOYOTA)","2014","0","97 - NOT APPLICABLE"
"19420616","BROWNSVILLE","2023-02-26","0","2 - CLOUDY","TOYOTA","PRIUS (TOYOTA)","2014","0","97 - NOT APPLICABLE"
"19420616","BROWNSVILLE","2023-02-26","0","2 - CLOUDY","HARLEY-DAVIDSON","XL883 (HARLEY-DAVIDSON)","2018","0","2 - WORN, DAMAGED"
"19427017","OUTSIDE CITY LIMITS","2023-02-26","0","2 - CLOUDY","YAMAHA","YZF600 (YAMAHA)","2014","0","1 - NOT WORN"
"19472997","HOUSTON","2023-02-26","1","1 - CLEAR","YAMAHA","YZF1000 (YAMAHA)","2016","1","2 - WORN, DAMAGED"
"19472997","HOUSTON","2023-02-26","1","1 - CLEAR","HONDA","FIT (HONDA)","2009","0","97 - NOT APPLICABLE"
"19410981","GATESVILLE","2023-02-27","0","1 - CLEAR","HARLEY-DAVIDSON","FLST (HARLEY-DAVIDSON)","2021","0","2 - WORN, DAMAGED"
"19411286","HOUSTON","2023-02-27","0","1 - CLEAR","HONDA","MB50 (HONDA)","2006","0","3 - WORN, NOT DAMAGED"
"19411286","HOUSTON","2023-02-27","0","1 - CLEAR","HONDA","MB50 (HONDA)","2006","0","2 - WORN, DAMAGED"
"19411286","HOUSTON","2023-02-27","0","1 - CLEAR","CHEVROLET","EQUINOX (CHEVROLET)","2011","0","97 - NOT APPLICABLE"
"19412280","AMARILLO","2023-02-27","0","1 - CLEAR","SUZUKI","UNKNOWN (SUZUKI)","2001","0","2 - WORN, DAMAGED"
"19413682","CONROE","2023-02-27","0","1 - CLEAR","CHEVROLET","TRAX (CHEVROLET)","2022","0","97 - NOT APPLICABLE"
"19413682","CONROE","2023-02-27","0","1 - CLEAR","TRIUMPH MOTORCYCLE","DAYTONA (TRIUMPH MOTORCYCLE)","2015","0","2 - WORN, DAMAGED"
"19429703","OUTSIDE CITY LIMITS","2023-02-27","1","2 - CLOUDY","DODGE","RAM 1500 (DODGE)","2019","0","97 - NOT APPLICABLE"
"19429703","OUTSIDE CITY LIMITS","2023-02-27","1","2 - CLOUDY","DODGE","RAM 1500 (DODGE)","2019","0","97 - NOT APPLICABLE"
"19429703","OUTSIDE CITY LIMITS","2023-02-27","1","2 - CLOUDY","VESPA","PRIMAVERA (VESPA)","2023","1","1 - NOT WORN"
"19429703","OUTSIDE CITY LIMITS","2023-02-27","1","2 - CLOUDY","FORD","EXPEDITION (FORD)","2008","0","97 - NOT APPLICABLE"
"19435171","SOUTHLAKE","2023-02-27","1","1 - CLEAR","SUZUKI","GSX (SUZUKI)","2020","1","4 - WORN, UNK DAMAGE"
"19435171","SOUTHLAKE","2023-02-27","1","1 - CLEAR","FORD","FOCUS (FORD)","2015","0","97 - NOT APPLICABLE"
"19435418","SHERMAN","2023-02-27","0","1 - CLEAR","TOYOTA","COROLLA (TOYOTA)","2003","0","97 - NOT APPLICABLE"
"19435418","SHERMAN","2023-02-27","0","1 - CLEAR","HARLEY-DAVIDSON","FLH (HARLEY-DAVIDSON)","2023","0","2 - WORN, DAMAGED"
"19413558","FLOWER MOUND","2023-02-28","0","1 - CLEAR","FORD","F150 (FORD)","2008","0","97 - NOT APPLICABLE"
"19413558","FLOWER MOUND","2023-02-28","0","1 - CLEAR","INDIAN MOTORCYCLE CO.","UNKNOWN (INDIAN MOTORCYCLE CO.)","2016","0","3 - WORN, NOT DAMAGED"
"19414013","BAYTOWN","2023-02-28","0","1 - CLEAR","YAMAHA","BW200 (YAMAHA)","2021","0","2 - WORN, DAMAGED"
"19414013","BAYTOWN","2023-02-28","0","1 - CLEAR","TOYOTA","PICKUP (TOYOTA)","1995","0","97 - NOT APPLICABLE"
"19414520","SAN ANGELO","2023-02-28","0","1 - CLEAR","MAZDA","3 (MAZDA)","2016","0","97 - NOT APPLICABLE"
"19414520","SAN ANGELO","2023-02-28","0","1 - CLEAR","KAWASAKI","UNKNOWN (KAWASAKI)","2012","0","2 - WORN, DAMAGED"
"19419029","OUTSIDE CITY LIMITS","2023-02-28","0","1 - CLEAR","HONDA","CBR500 (HONDA)","2013","0","2 - WORN, DAMAGED"
"19419946","BURLESON","2023-02-28","0","1 - CLEAR","YAMAHA","YZF600 (YAMAHA)","2014","0","2 - WORN, DAMAGED"
"19419946","BURLESON","2023-02-28","0","1 - CLEAR","FORD","BRONCO (FORD)","2022","0","97 - NOT APPLICABLE"
"19422049","GUN BARREL CITY","2023-02-28","0","1 - CLEAR","TOYOTA","RAV4 (TOYOTA)","2018","0","97 - NOT APPLICABLE"
"19422049","GUN BARREL CITY","2023-02-28","0","1 - CLEAR","HONDA","CB500 (HONDA)","1995","0","1 - NOT WORN"
"19422049","GUN BARREL CITY","2023-02-28","0","1 - CLEAR","HONDA","CB500 (HONDA)","1995","0","1 - NOT WORN"
"19422071","ATHENS","2023-02-28","0","1 - CLEAR","HONDA","CIVIC (HONDA)","2016","0","97 - NOT APPLICABLE"
"19422071","ATHENS","2023-02-28","0","1 - CLEAR","HONDA","CBR600 (HONDA)","2006","0","2 - WORN, DAMAGED"
"19424024","FORT WORTH","2023-02-28","0","1 - CLEAR","HARLEY-DAVIDSON","UNKNOWN (HARLEY-DAVIDSON)","2006","0","99 - UNKNOWN IF WORN"
"19427116","GRAND PRAIRIE","2023-02-28","1","1 - CLEAR","CAN-AM","RYKER (CAN-AM)","2021","1","2 - WORN, DAMAGED"
"19419565","OUTSIDE CITY LIMITS","2023-03-01","0","1 - CLEAR","NISSAN","UNKNOWN (NISSAN)","2001","0","97 - NOT APPLICABLE"
"19419565","OUTSIDE CITY LIMITS","2023-03-01","0","1 - CLEAR","VOLKSWAGEN","JETTA (VOLKSWAGEN)","2015","0","97 - NOT APPLICABLE"
"19419565","OUTSIDE CITY LIMITS","2023-03-01","0","1 - CLEAR","HONDA","UNKNOWN (HONDA)","2010","0","2 - WORN, DAMAGED"
"19440906","OUTSIDE CITY LIMITS","2023-03-01","0","1 - CLEAR","OTHER (EXPLAIN IN NARRATIVE)","OTHER (EXPLAIN IN NARRATIVE) (OTHER (EXPLAIN IN NARRATIVE))","2022","0","99 - UNKNOWN IF WORN"
"19448151","OUTSIDE CITY LIMITS","2023-03-01","0","1 - CLEAR","YAMAHA","MT07 (YAMAHA)","2020","0","4 - WORN, UNK DAMAGE"
"19448151","OUTSIDE CITY LIMITS","2023-03-01","0","1 - CLEAR","CHEVROLET","SILVERADO (CHEVROLET)","2022","0","97 - NOT APPLICABLE"
"19418820","OUTSIDE CITY LIMITS","2023-03-02","0","2 - CLOUDY","TOYOTA","CAMRY (TOYOTA)","2016","0","97 - NOT APPLICABLE"
"19418820","OUTSIDE CITY LIMITS","2023-03-02","0","2 - CLOUDY","HONDA","UNKNOWN (HONDA)","2021","0","2 - WORN, DAMAGED"
"19422235","OUTSIDE CITY LIMITS","2023-03-02","0","2 - CLOUDY","HONDA","UNKNOWN (HONDA)","2012","0","3 - WORN, NOT DAMAGED"
"19425496","AUSTIN","2023-03-02","0","1 - CLEAR","DODGE","CHARGER (DODGE)","2023","0","97 - NOT APPLICABLE"
"19425496","AUSTIN","2023-03-02","0","1 - CLEAR","HARLEY-DAVIDSON","XLX (HARLEY-DAVIDSON)","2021","0","1 - NOT WORN"
"19427923","OUTSIDE CITY LIMITS","2023-03-02","1","1 - CLEAR","HONDA","CBX (HONDA)","2018","1","2 - WORN, DAMAGED"
"19427923","OUTSIDE CITY LIMITS","2023-03-02","1","1 - CLEAR","FORD","F150 (FORD)","1999","0","97 - NOT APPLICABLE"
"19428250","HOUSTON","2023-03-02","0","1 - CLEAR","HARLEY-DAVIDSON","UNKNOWN (HARLEY-DAVIDSON)","2018","0","2 - WORN, DAMAGED"
"19428250","HOUSTON","2023-03-02","0","1 - CLEAR","ACURA","TSX (ACURA)","2005","0","97 - NOT APPLICABLE"
"19428250","HOUSTON","2023-03-02","0","1 - CLEAR","ACURA","TSX (ACURA)","2005","0","97 - NOT APPLICABLE"
"19428250","HOUSTON","2023-03-02","0","1 - CLEAR","ACURA","TSX (ACURA)","2005","0","97 - NOT APPLICABLE"
"19428250","HOUSTON","2023-03-02","0","1 - CLEAR","ACURA","TSX (ACURA)","2005","0","97 - NOT APPLICABLE"
"19440416","STRAWN","2023-03-02","0","2 - CLOUDY","FORD","F150 (FORD)","2017","0","97 - NOT APPLICABLE"
"19440416","STRAWN","2023-03-02","0","2 - CLOUDY","YAMAHA","UNKNOWN (YAMAHA)","2017","0","4 - WORN, UNK DAMAGE"
"19420840","ANNA","2023-03-03","0","1 - CLEAR","FORD","F150 (FORD)","2012","0","97 - NOT APPLICABLE"
"19420840","ANNA","2023-03-03","0","1 - CLEAR","HONDA","CBR300 (HONDA)","2021","0","2 - WORN, DAMAGED"
"19423339","COPPERAS COVE","2023-03-03","0","1 - CLEAR","NISSAN","ARMADA (NISSAN)","2018","0","97 - NOT APPLICABLE"
"19423339","COPPERAS COVE","2023-03-03","0","1 - CLEAR","HARLEY-DAVIDSON","UNKNOWN (HARLEY-DAVIDSON)","2005","0","2 - WORN, DAMAGED"
"19426464","BAYTOWN","2023-03-03","1","1 - CLEAR","YAMAHA","FZ1 (YAMAHA)","2003","1","1 - NOT WORN"
"19426464","BAYTOWN","2023-03-03","1","1 - CLEAR","KIA","SPECTRA (KIA)","2009","0","97 - NOT APPLICABLE"
"19426464","BAYTOWN","2023-03-03","1","1 - CLEAR","KIA","SPECTRA (KIA)","2009","0","97 - NOT APPLICABLE"
"19426700","OUTSIDE CITY LIMITS","2023-03-03","0","1 - CLEAR","INDIAN MOTORCYCLE CO.","FTR (INDIAN MOTORCYCLE CO.)","2022","0","2 - WORN, DAMAGED"
"19428204","OUTSIDE CITY LIMITS","2023-03-03","1","1 - CLEAR","MAZDA","CX-9 (MAZDA)","2018","0","97 - NOT APPLICABLE"
"19428204","OUTSIDE CITY LIMITS","2023-03-03","1","1 - CLEAR","HARLEY-DAVIDSON","UNKNOWN (HARLEY-DAVIDSON)","2003","1","3 - WORN, NOT DAMAGED"
"19430731","KAUFMAN","2023-03-03","0","1 - CLEAR","MOTO GUZZI","1000 (MOTO GUZZI)","2022","0","4 - WORN, UNK DAMAGE"
"19437644","FORT WORTH","2023-03-03","0","1 - CLEAR","SUZUKI","UNKNOWN (SUZUKI)","2005","0","99 - UNKNOWN IF WORN"
"19447126","CLUTE","2023-03-03","0","1 - CLEAR","TOYOTA","HIGHLANDER (TOYOTA)","2020","0","97 - NOT APPLICABLE"
"19447126","CLUTE","2023-03-03","0","1 - CLEAR","AMERICAN IRON HORSE","LEGEND (AMERICAN IRON HORSE)","2015","0","1 - NOT WORN"
"19452651","OUTSIDE CITY LIMITS","2023-03-03","0","1 - CLEAR","HONDA","ACCORD (HONDA)","2011","0","97 - NOT APPLICABLE"
"19452651","OUTSIDE CITY LIMITS","2023-03-03","0","1 - CLEAR","HONDA","ACCORD (HONDA)","2011","0","97 - NOT APPLICABLE"
"19452651","OUTSIDE CITY LIMITS","2023-03-03","0","1 - CLEAR","YAMAHA","FZ09 (YAMAHA)","2014","0","2 - WORN, DAMAGED"
"19452771","OUTSIDE CITY LIMITS","2023-03-03","1","1 - CLEAR","HARLEY-DAVIDSON","FXSTC (HARLEY-DAVIDSON)","1995","1","3 - WORN, NOT DAMAGED"
"19452771","OUTSIDE CITY LIMITS","2023-03-03","1","1 - CLEAR","INTERNATIONAL","UNKNOWN (INTERNATIONAL)","1992","0","97 - NOT APPLICABLE"
"19452771","OUTSIDE CITY LIMITS","2023-03-03","1","1 - CLEAR","INTERNATIONAL","UNKNOWN (INTERNATIONAL)","1992","0","97 - NOT APPLICABLE"
"19452771","OUTSIDE CITY LIMITS","2023-03-03","1","1 - CLEAR","INTERNATIONAL","UNKNOWN (INTERNATIONAL)","1992","0","97 - NOT APPLICABLE"
"19452771","OUTSIDE CITY LIMITS","2023-03-03","1","1 - CLEAR","INTERNATIONAL","UNKNOWN (INTERNATIONAL)","1992","0","97 - NOT APPLICABLE"
"19452771","OUTSIDE CITY LIMITS","2023-03-03","1","1 - CLEAR","INTERNATIONAL","UNKNOWN (INTERNATIONAL)","1992","0","97 - NOT APPLICABLE"
"19452771","OUTSIDE CITY LIMITS","2023-03-03","1","1 - CLEAR","INTERNATIONAL","UNKNOWN (INTERNATIONAL)","1992","0","97 - NOT APPLICABLE"
"19452771","OUTSIDE CITY LIMITS","2023-03-03","1","1 - CLEAR","INTERNATIONAL","UNKNOWN (INTERNATIONAL)","1992","0","97 - NOT APPLICABLE"
"19452771","OUTSIDE CITY LIMITS","2023-03-03","1","1 - CLEAR","INTERNATIONAL","UNKNOWN (INTERNATIONAL)","1992","0","97 - NOT APPLICABLE"
"19452771","OUTSIDE CITY LIMITS","2023-03-03","1","1 - CLEAR","INTERNATIONAL","UNKNOWN (INTERNATIONAL)","1992","0","97 - NOT APPLICABLE"
"19452771","OUTSIDE CITY LIMITS","2023-03-03","1","1 - CLEAR","INTERNATIONAL","UNKNOWN (INTERNATIONAL)","1992","0","97 - NOT APPLICABLE"
"19452771","OUTSIDE CITY LIMITS","2023-03-03","1","1 - CLEAR","INTERNATIONAL","UNKNOWN (INTERNATIONAL)","1992","0","97 - NOT APPLICABLE"
"19452771","OUTSIDE CITY LIMITS","2023-03-03","1","1 - CLEAR","INTERNATIONAL","UNKNOWN (INTERNATIONAL)","1992","0","97 - NOT APPLICABLE"
"19452771","OUTSIDE CITY LIMITS","2023-03-03","1","1 - CLEAR","INTERNATIONAL","UNKNOWN (INTERNATIONAL)","1992","0","97 - NOT APPLICABLE"
"19500633","HOUSTON","2023-03-03","1","1 - CLEAR","DUCATI","900 (DUCATI)","2000","1","2 - WORN, DAMAGED"
"19500633","HOUSTON","2023-03-03","1","1 - CLEAR","DODGE","JOURNEY (DODGE)","2019","0","97 - NOT APPLICABLE"
"19420142","ODESSA","2023-03-04","0","1 - CLEAR","HARLEY-DAVIDSON","UNKNOWN (HARLEY-DAVIDSON)","2018","0","1 - NOT WORN"
"19420142","ODESSA","2023-03-04","0","1 - CLEAR","HARLEY-DAVIDSON","UNKNOWN (HARLEY-DAVIDSON)","2018","0","1 - NOT WORN"
"19420142","ODESSA","2023-03-04","0","1 - CLEAR","HONDA","CIVIC (HONDA)","2000","0","97 - NOT APPLICABLE"
"19421723","TEXARKANA","2023-03-04","0","1 - CLEAR","HARLEY-DAVIDSON","FLSTFB (HARLEY-DAVIDSON)","2010","0","2 - WORN, DAMAGED"
"19422020","SEGUIN","2023-03-04","0","1 - CLEAR","FORD","ESCAPE (FORD)","2002","0","97 - NOT APPLICABLE"
"19422020","SEGUIN","2023-03-04","0","1 - CLEAR","HARLEY-DAVIDSON","UNKNOWN (HARLEY-DAVIDSON)","2022","0","2 - WORN, DAMAGED"
"19422797","OUTSIDE CITY LIMITS","2023-03-04","0","1 - CLEAR","HARLEY-DAVIDSON","UNKNOWN (HARLEY-DAVIDSON)","2005","0","4 - WORN, UNK DAMAGE"
"19423148","OUTSIDE CITY LIMITS","2023-03-04","0","1 - CLEAR","HARLEY-DAVIDSON","FXD (HARLEY-DAVIDSON)","2010","0","1 - NOT WORN"
"19426866","DENTON","2023-03-04","0","1 - CLEAR","SUZUKI","UNKNOWN (SUZUKI)","2018","0","99 - UNKNOWN IF WORN"
"19426866","DENTON","2023-03-04","0","1 - CLEAR","CHEVROLET","TAHOE (CHEVROLET)","2002","0","97 - NOT APPLICABLE"
"19428869","ANNA","2023-03-04","1","1 - CLEAR","HONDA","CBR600 (HONDA)","2007","1","2 - WORN, DAMAGED"
"19428869","ANNA","2023-03-04","1","1 - CLEAR","JEEP","CHEROKEE (JEEP)","2016","0","97 - NOT APPLICABLE"
"19428869","ANNA","2023-03-04","1","1 - CLEAR","JEEP","CHEROKEE (JEEP)","2016","0","97 - NOT APPLICABLE"
"19428869","ANNA","2023-03-04","1","1 - CLEAR","JEEP","CHEROKEE (JEEP)","2016","0","97 - NOT APPLICABLE"
"19428869","ANNA","2023-03-04","1","1 - CLEAR","JEEP","CHEROKEE (JEEP)","2016","0","97 - NOT APPLICABLE"
"19431072","OUTSIDE CITY LIMITS","2023-03-04","0","1 - CLEAR","HARLEY-DAVIDSON","FLH (HARLEY-DAVIDSON)","2013","0","2 - WORN, DAMAGED"
"19431302","OUTSIDE CITY LIMITS","2023-03-04","0","1 - CLEAR","TRIUMPH MOTORCYCLE","SPEED TRIPLE (TRIUMPH MOTORCYCLE)","2020","0","2 - WORN, DAMAGED"
"19431302","OUTSIDE CITY LIMITS","2023-03-04","0","1 - CLEAR","YAMAHA","YZFR3 (YAMAHA)","2020","0","2 - WORN, DAMAGED"
"19433799","SOCORRO","2023-03-04","0","1 - CLEAR","HONDA","CBR1000 (HONDA)","2006","0","4 - WORN, UNK DAMAGE"
"19433799","SOCORRO","2023-03-04","0","1 - CLEAR","CHEVROLET","UNKNOWN (CHEVROLET)","2020","0","97 - NOT APPLICABLE"
"19434415","OUTSIDE CITY LIMITS","2023-03-04","0","1 - CLEAR","CHEVROLET","SILVERADO (CHEVROLET)","2005","0","97 - NOT APPLICABLE"
"19434415","OUTSIDE CITY LIMITS","2023-03-04","0","1 - CLEAR","KAWASAKI","ZX1000 (KAWASAKI)","2008","0","2 - WORN, DAMAGED"
"19437653","GALVESTON","2023-03-04","0","1 - CLEAR","TOYOTA","COROLLA (TOYOTA)","2013","0","97 - NOT APPLICABLE"
"19437653","GALVESTON","2023-03-04","0","1 - CLEAR","KAWASAKI","EX650 (KAWASAKI)","2012","0","2 - WORN, DAMAGED"
"19438524","MIDLAND","2023-03-04","0","1 - CLEAR","HARLEY-DAVIDSON","UNKNOWN (HARLEY-DAVIDSON)","2007","0","99 - UNKNOWN IF WORN"
"19438524","MIDLAND","2023-03-04","0","1 - CLEAR","DODGE","UNKNOWN (DODGE)","2014","0","97 - NOT APPLICABLE"
"19438794","ONALASKA","2023-03-04","0","1 - CLEAR","YAMAHA","YW50 (YAMAHA)","2004","0","1 - NOT WORN"
"19446509","OUTSIDE CITY LIMITS","2023-03-04","1","1 - CLEAR","YAMAHA","UNKNOWN (YAMAHA)","2006","1","1 - NOT WORN"
"19446509","OUTSIDE CITY LIMITS","2023-03-04","1","1 - CLEAR","YAMAHA","UNKNOWN (YAMAHA)","2006","0","1 - NOT WORN"
"19455796","HOUSTON","2023-03-04","1","1 - CLEAR","SUZUKI","GSX1300 (SUZUKI)","2008","1","2 - WORN, DAMAGED"
"19455796","HOUSTON","2023-03-04","1","1 - CLEAR","GMC","SIERRA (GMC)","2005","0","97 - NOT APPLICABLE"
"19421728","SAN ANGELO","2023-03-05","0","2 - CLOUDY","TOYOTA","SUPRA (TOYOTA)","2021","0","97 - NOT APPLICABLE"
"19421728","SAN ANGELO","2023-03-05","0","2 - CLOUDY","HARLEY-DAVIDSON","FLRT (HARLEY-DAVIDSON)","2017","0","3 - WORN, NOT DAMAGED"
"19422209","AUSTIN","2023-03-05","0","1 - CLEAR","VESPA","UNKNOWN (VESPA)","2018","0","1 - NOT WORN"
"19422668","ALVIN","2023-03-05","1","1 - CLEAR","CHEVROLET","SILVERADO (CHEVROLET)","1994","0","97 - NOT APPLICABLE"
"19422668","ALVIN","2023-03-05","1","1 - CLEAR","CHEVROLET","SILVERADO (CHEVROLET)","1994","0","97 - NOT APPLICABLE"
"19422668","ALVIN","2023-03-05","1","1 - CLEAR","POLARIS","SLINGSHOT (POLARIS)","2021","1","1 - NOT WORN"
"19423508","OUTSIDE CITY LIMITS","2023-03-05","0","1 - CLEAR","HARLEY-DAVIDSON","FLTRXS (HARLEY-DAVIDSON)","2017","0","2 - WORN, DAMAGED"
"19424258","ARANSAS PASS","2023-03-05","0","1 - CLEAR","HARLEY-DAVIDSON","XL883 (HARLEY-DAVIDSON)","2011","0","1 - NOT WORN"
"19424258","ARANSAS PASS","2023-03-05","0","1 - CLEAR","JEEP","WRANGLER (JEEP)","2018","0","97 - NOT APPLICABLE"
"19426756","CORPUS CHRISTI","2023-03-05","0","1 - CLEAR","VICTORY MOTORCYCLES","VX (VICTORY MOTORCYCLES)","2013","0","1 - NOT WORN"
"19426756","CORPUS CHRISTI","2023-03-05","0","1 - CLEAR","VICTORY MOTORCYCLES","VX (VICTORY MOTORCYCLES)","2013","0","1 - NOT WORN"
"19428127","DALLAS","2023-03-05","0","1 - CLEAR","AUDI","Q3 (AUDI)","2018","0","97 - NOT APPLICABLE"
"19428127","DALLAS","2023-03-05","0","1 - CLEAR","SUZUKI","GSX (SUZUKI)","2014","0","4 - WORN, UNK DAMAGE"
"19429211","OUTSIDE CITY LIMITS","2023-03-05","0","1 - CLEAR","HARLEY-DAVIDSON","UNKNOWN (HARLEY-DAVIDSON)","2009","0","2 - WORN, DAMAGED"
"19429885","DALLAS","2023-03-05","0","1 - CLEAR","HONDA","GL1800 (HONDA)","2008","0","2 - WORN, DAMAGED"
"19429885","DALLAS","2023-03-05","0","1 - CLEAR","LINCOLN","MKX (LINCOLN)","2011","0","97 - NOT APPLICABLE"
"19429885","DALLAS","2023-03-05","0","1 - CLEAR","LINCOLN","MKX (LINCOLN)","2011","0","97 - NOT APPLICABLE"
"19429885","DALLAS","2023-03-05","0","1 - CLEAR","LINCOLN","MKX (LINCOLN)","2011","0","97 - NOT APPLICABLE"
"19430563","OUTSIDE CITY LIMITS","2023-03-05","1","1 - CLEAR","HARLEY-DAVIDSON","FLHXS (HARLEY-DAVIDSON)","2019","0","2 - WORN, DAMAGED"
"19430563","OUTSIDE CITY LIMITS","2023-03-05","1","1 - CLEAR","HARLEY-DAVIDSON","FLHXS (HARLEY-DAVIDSON)","2019","1","2 - WORN, DAMAGED"
"19430930","OUTSIDE CITY LIMITS","2023-03-05","1","1 - CLEAR","YAMAHA","XV250 (YAMAHA)","2007","1","1 - NOT WORN"
"19430930","OUTSIDE CITY LIMITS","2023-03-05","1","1 - CLEAR","KIA","OPTIMA (KIA)","2012","0","97 - NOT APPLICABLE"
"19435409","DALLAS","2023-03-05","0","1 - CLEAR","HARLEY-DAVIDSON","XL1200 (HARLEY-DAVIDSON)","2021","0","2 - WORN, DAMAGED"
"19435409","DALLAS","2023-03-05","0","1 - CLEAR","LEXUS","LS SERIES (LEXUS)","2011","0","97 - NOT APPLICABLE"
"19435633","HOUSTON","2023-03-05","0","1 - CLEAR","HYUNDAI","TUCSON (HYUNDAI)","2018","0","97 - NOT APPLICABLE"
"19435633","HOUSTON","2023-03-05","0","1 - CLEAR","YAMAHA","UNKNOWN (YAMAHA)","2021","0","4 - WORN, UNK DAMAGE"
"19436735","GALVESTON","2023-03-05","0","1 - CLEAR","HONDA","Z125 (HONDA)","2020","0","1 - NOT WORN"
"19440021","OUTSIDE CITY LIMITS","2023-03-05","1","1 - CLEAR","SUZUKI","GSX (SUZUKI)","2019","1","2 - WORN, DAMAGED"
"19441061","OUTSIDE CITY LIMITS","2023-03-05","2","1 - CLEAR","HARLEY-DAVIDSON","FLD (HARLEY-DAVIDSON)","2013","1","1 - NOT WORN"
"19441061","OUTSIDE CITY LIMITS","2023-03-05","2","1 - CLEAR","HARLEY-DAVIDSON","FLD (HARLEY-DAVIDSON)","2013","1","1 - NOT WORN"
"19441061","OUTSIDE CITY LIMITS","2023-03-05","2","1 - CLEAR","CADILLAC","XT5 (CADILLAC)","2020","0","97 - NOT APPLICABLE"
"19446884","LUBBOCK","2023-03-05","0","1 - CLEAR","HARLEY-DAVIDSON","FLHXI (HARLEY-DAVIDSON)","2013","0","1 - NOT WORN"
"19446884","LUBBOCK","2023-03-05","0","1 - CLEAR","HARLEY-DAVIDSON","FLHXI (HARLEY-DAVIDSON)","2013","0","1 - NOT WORN"
"19447142","MIDLAND","2023-03-05","1","1 - CLEAR","HONDA","GL1800 (HONDA)","2023","1","2 - WORN, DAMAGED"
"19455685","HOUSTON","2023-03-05","0","1 - CLEAR","HARLEY-DAVIDSON","UNKNOWN (HARLEY-DAVIDSON)","No Data","0","2 - WORN, DAMAGED"
"19458848","BIG SANDY","2023-03-05","0","1 - CLEAR","CAN-AM","SPYDER ROADSTER (CAN-AM)","2020","0","2 - WORN, DAMAGED"
"19458848","BIG SANDY","2023-03-05","0","1 - CLEAR","VOLVO TRUCKS","VNL300 (VOLVO TRUCKS)","2014","0","97 - NOT APPLICABLE"
"19424396","ABILENE","2023-03-06","0","1 - CLEAR","DODGE","RAM 1500 (DODGE)","1995","0","97 - NOT APPLICABLE"
"19424396","ABILENE","2023-03-06","0","1 - CLEAR","KAWASAKI","KZ650 (KAWASAKI)","2022","0","2 - WORN, DAMAGED"
"19425327","COPPELL","2023-03-06","0","1 - CLEAR","YAMAHA","YZFR1 (YAMAHA)","2016","0","2 - WORN, DAMAGED"
"19425327","COPPELL","2023-03-06","0","1 - CLEAR","APRILIA","RSV (APRILIA)","2020","0","2 - WORN, DAMAGED"
"19426554","AUSTIN","2023-03-06","0","1 - CLEAR","HARLEY-DAVIDSON","XL883 (HARLEY-DAVIDSON)","2009","0","99 - UNKNOWN IF WORN"
"19426554","AUSTIN","2023-03-06","0","1 - CLEAR","HYUNDAI","ELANTRA (HYUNDAI)","2008","0","97 - NOT APPLICABLE"
"19426554","AUSTIN","2023-03-06","0","1 - CLEAR","HYUNDAI","ELANTRA (HYUNDAI)","2008","0","97 - NOT APPLICABLE"
"19427714","OUTSIDE CITY LIMITS","2023-03-06","1","2 - CLOUDY","FORD","F150 (FORD)","2016","0","97 - NOT APPLICABLE"
"19427714","OUTSIDE CITY LIMITS","2023-03-06","1","2 - CLOUDY","FORD","F150 (FORD)","2016","0","97 - NOT APPLICABLE"
"19427714","OUTSIDE CITY LIMITS","2023-03-06","1","2 - CLOUDY","HARLEY-DAVIDSON","XL1200 (HARLEY-DAVIDSON)","2014","1","1 - NOT WORN"
"19427714","OUTSIDE CITY LIMITS","2023-03-06","1","2 - CLOUDY","TOYOTA","HIGHLANDER (TOYOTA)","2021","0","97 - NOT APPLICABLE"
"19437665","EL PASO","2023-03-06","0","1 - CLEAR","MAZDA","626 (MAZDA)","1999","0","97 - NOT APPLICABLE"
"19437665","EL PASO","2023-03-06","0","1 - CLEAR","MAZDA","626 (MAZDA)","1999","0","97 - NOT APPLICABLE"
"19437665","EL PASO","2023-03-06","0","1 - CLEAR","SUZUKI","GSX (SUZUKI)","2008","0","3 - WORN, NOT DAMAGED"
"19437897","HOUSTON","2023-03-06","0","1 - CLEAR","KAWASAKI","ZX1000 (KAWASAKI)","2011","0","2 - WORN, DAMAGED"
"19437897","HOUSTON","2023-03-06","0","1 - CLEAR","HONDA","CR-V (HONDA)","2020","0","97 - NOT APPLICABLE"
"19442132","MESQUITE","2023-03-06","0","1 - CLEAR","NISSAN","ROGUE (NISSAN)","2018","0","97 - NOT APPLICABLE"
"19442132","MESQUITE","2023-03-06","0","1 - CLEAR","HONDA","UNKNOWN (HONDA)","2004","0","1 - NOT WORN"
"19442386","DALLAS","2023-03-06","1","1 - CLEAR","HARLEY-DAVIDSON","FXD (HARLEY-DAVIDSON)","2004","1","2 - WORN, DAMAGED"
"19449242","OUTSIDE CITY LIMITS","2023-03-06","0","1 - CLEAR","KAWASAKI","UNKNOWN (KAWASAKI)","2013","0","1 - NOT WORN"
"19449242","OUTSIDE CITY LIMITS","2023-03-06","0","1 - CLEAR","TOYOTA","TACOMA (TOYOTA)","2000","0","97 - NOT APPLICABLE"
"19426698","SAN ANGELO","2023-03-07","0","1 - CLEAR","HARLEY-DAVIDSON","FXLR (HARLEY-DAVIDSON)","2020","0","2 - WORN, DAMAGED"
"19426698","SAN ANGELO","2023-03-07","0","1 - CLEAR","FORD","TRANSIT CONNECT (FORD)","2015","0","97 - NOT APPLICABLE"
"19426698","SAN ANGELO","2023-03-07","0","1 - CLEAR","FORD","TRANSIT CONNECT (FORD)","2015","0","97 - NOT APPLICABLE"
"19427719","OUTSIDE CITY LIMITS","2023-03-07","0","2 - CLOUDY","HONDA","Z125 (HONDA)","2020","0","2 - WORN, DAMAGED"
"19427719","OUTSIDE CITY LIMITS","2023-03-07","0","2 - CLOUDY","FORD","EXPLORER (FORD)","2017","0","97 - NOT APPLICABLE"
"19427719","OUTSIDE CITY LIMITS","2023-03-07","0","2 - CLOUDY","FORD","EXPLORER (FORD)","2017","0","97 - NOT APPLICABLE"
"19427719","OUTSIDE CITY LIMITS","2023-03-07","0","2 - CLOUDY","FORD","EXPLORER (FORD)","2017","0","97 - NOT APPLICABLE"
"19428222","BAYTOWN","2023-03-07","0","1 - CLEAR","FORD","F150 (FORD)","2016","0","97 - NOT APPLICABLE"
"19428222","BAYTOWN","2023-03-07","0","1 - CLEAR","FORD","F150 (FORD)","2016","0","97 - NOT APPLICABLE"
"19428222","BAYTOWN","2023-03-07","0","1 - CLEAR","FORD","F150 (FORD)","2016","0","97 - NOT APPLICABLE"
"19428222","BAYTOWN","2023-03-07","0","1 - CLEAR","KAWASAKI","ZX1000 (KAWASAKI)","2019","0","3 - WORN, NOT DAMAGED"
"19429147","OUTSIDE CITY LIMITS","2023-03-07","1","2 - CLOUDY","ALL OTHER MAKES","UNKNOWN (ALL OTHER MAKES)","2020","1","1 - NOT WORN"
"19429147","OUTSIDE CITY LIMITS","2023-03-07","1","2 - CLOUDY","ALL OTHER MAKES","UNKNOWN (ALL OTHER MAKES)","2020","0","1 - NOT WORN"
"19429147","OUTSIDE CITY LIMITS","2023-03-07","1","2 - CLOUDY","FORD","F150 (FORD)","2000","0","97 - NOT APPLICABLE"
"19429147","OUTSIDE CITY LIMITS","2023-03-07","1","2 - CLOUDY","DODGE","DART (DODGE)","2013","0","97 - NOT APPLICABLE"
"19429688","OUTSIDE CITY LIMITS","2023-03-07","0","1 - CLEAR","KAWASAKI","ER650 (KAWASAKI)","2019","0","2 - WORN, DAMAGED"
"19429688","OUTSIDE CITY LIMITS","2023-03-07","0","1 - CLEAR","HYUNDAI","ELANTRA (HYUNDAI)","2019","0","97 - NOT APPLICABLE"
"19433505","INGLESIDE","2023-03-07","1","1 - CLEAR","HARLEY-DAVIDSON","UNKNOWN (HARLEY-DAVIDSON)","2010","1","2 - WORN, DAMAGED"
"19434924","ATHENS","2023-03-07","1","1 - CLEAR","NISSAN","PATHFINDER (NISSAN)","2014","0","97 - NOT APPLICABLE"
"19434924","ATHENS","2023-03-07","1","1 - CLEAR","NISSAN","PATHFINDER (NISSAN)","2014","0","97 - NOT APPLICABLE"
"19434924","ATHENS","2023-03-07","1","1 - CLEAR","HARLEY-DAVIDSON","FXDWG (HARLEY-DAVIDSON)","1999","1","4 - WORN, UNK DAMAGE"
"19438921","OUTSIDE CITY LIMITS","2023-03-07","0","1 - CLEAR","HARLEY-DAVIDSON","FLH (HARLEY-DAVIDSON)","2011","0","2 - WORN, DAMAGED"
"19439716","OUTSIDE CITY LIMITS","2023-03-07","0","1 - CLEAR","FORD","FOCUS (FORD)","2013","0","97 - NOT APPLICABLE"
"19439716","OUTSIDE CITY LIMITS","2023-03-07","0","1 - CLEAR","YAMAHA","UNKNOWN (YAMAHA)","2013","0","3 - WORN, NOT DAMAGED"
"19450969","OUTSIDE CITY LIMITS","2023-03-07","0","1 - CLEAR","GMC","YUKON (GMC)","2007","0","97 - NOT APPLICABLE"
"19450969","OUTSIDE CITY LIMITS","2023-03-07","0","1 - CLEAR","GMC","YUKON (GMC)","2007","0","97 - NOT APPLICABLE"
"19450969","OUTSIDE CITY LIMITS","2023-03-07","0","1 - CLEAR","UNKNOWN","UNKNOWN (UNKNOWN)","No Data","0","99 - UNKNOWN IF WORN"
"19428159","DALLAS","2023-03-08","0","2 - CLOUDY","KAWASAKI","NINJA ZX (KAWASAKI)","2009","0","2 - WORN, DAMAGED"
"19428159","DALLAS","2023-03-08","0","2 - CLOUDY","HYUNDAI","SANTA FE (HYUNDAI)","2019","0","97 - NOT APPLICABLE"
"19428741","ARCOLA","2023-03-08","0","1 - CLEAR","BMW","UNKNOWN (BMW)","1997","0","1 - NOT WORN"
"19430277","HALTOM CITY","2023-03-08","0","2 - CLOUDY","HONDA","VTR1000 (HONDA)","2001","0","1 - NOT WORN"
"19430277","HALTOM CITY","2023-03-08","0","2 - CLOUDY","HONDA","VTR1000 (HONDA)","2001","0","4 - WORN, UNK DAMAGE"
"19435493","OUTSIDE CITY LIMITS","2023-03-08","1","2 - CLOUDY","HARLEY-DAVIDSON","UNKNOWN (HARLEY-DAVIDSON)","2013","1","1 - NOT WORN"
"19437683","GALVESTON","2023-03-08","0","6 - FOG","SUZUKI","C50 (SUZUKI)","2007","0","99 - UNKNOWN IF WORN"
"19437683","GALVESTON","2023-03-08","0","6 - FOG","CHEVROLET","BLAZER (CHEVROLET)","2021","0","97 - NOT APPLICABLE"
"19441805","OUTSIDE CITY LIMITS","2023-03-08","1","2 - CLOUDY","YAMAHA","YZFR7 (YAMAHA)","2023","1","2 - WORN, DAMAGED"
"19445194","ARCOLA","2023-03-08","1","2 - CLOUDY","HONDA","GROM (HONDA)","2015","1","1 - NOT WORN"
"19445194","ARCOLA","2023-03-08","1","2 - CLOUDY","CHEVROLET","SILVERADO (CHEVROLET)","2002","0","97 - NOT APPLICABLE"
"19445194","ARCOLA","2023-03-08","1","2 - CLOUDY","CHEVROLET","SILVERADO (CHEVROLET)","2002","0","97 - NOT APPLICABLE"
"19448345","CORPUS CHRISTI","2023-03-08","0","1 - CLEAR","DODGE","RAM 2500 (DODGE)","2011","0","97 - NOT APPLICABLE"
"19448345","CORPUS CHRISTI","2023-03-08","0","1 - CLEAR","YAMAHA","MT03 (YAMAHA)","2021","0","2 - WORN, DAMAGED"
"19431203","HOUSTON","2023-03-09","0","1 - CLEAR","HONDA","CBR250 (HONDA)","2001","0","1 - NOT WORN"
"19431203","HOUSTON","2023-03-09","0","1 - CLEAR","NISSAN","ALTIMA (NISSAN)","2015","0","97 - NOT APPLICABLE"
"19435559","AUSTIN","2023-03-09","0","1 - CLEAR","UNKNOWN","UNKNOWN (UNKNOWN)","2017","0","1 - NOT WORN"
"19435559","AUSTIN","2023-03-09","0","1 - CLEAR","CHEVROLET","TAHOE (CHEVROLET)","2015","0","97 - NOT APPLICABLE"
"19435559","AUSTIN","2023-03-09","0","1 - CLEAR","CHEVROLET","TAHOE (CHEVROLET)","2015","0","97 - NOT APPLICABLE"
"19441139","CEDAR PARK","2023-03-09","0","1 - CLEAR","DODGE","DURANGO (DODGE)","2019","0","97 - NOT APPLICABLE"
"19441139","CEDAR PARK","2023-03-09","0","1 - CLEAR","KAWASAKI","ZG1400 (KAWASAKI)","2011","0","4 - WORN, UNK DAMAGE"
"19453415","EDINBURG","2023-03-09","0","1 - CLEAR","HARLEY-DAVIDSON","XG750 (HARLEY-DAVIDSON)","2015","0","2 - WORN, DAMAGED"
"19453415","EDINBURG","2023-03-09","0","1 - CLEAR","GMC","TERRAIN (GMC)","2016","0","97 - NOT APPLICABLE"
"19436781","CASTLE HILLS","2023-03-10","0","1 - CLEAR","HONDA","CBR500 (HONDA)","2014","0","2 - WORN, DAMAGED"
"19436781","CASTLE HILLS","2023-03-10","0","1 - CLEAR","HONDA","CIVIC (HONDA)","2006","0","97 - NOT APPLICABLE"
"19436781","CASTLE HILLS","2023-03-10","0","1 - CLEAR","CHEVROLET","SILVERADO (CHEVROLET)","2013","0","97 - NOT APPLICABLE"
"19437350","DALLAS","2023-03-10","0","1 - CLEAR","TOYOTA","C-HR (TOYOTA)","2018","0","97 - NOT APPLICABLE"
"19437350","DALLAS","2023-03-10","0","1 - CLEAR","TOYOTA","C-HR (TOYOTA)","2018","0","97 - NOT APPLICABLE"
"19437350","DALLAS","2023-03-10","0","1 - CLEAR","KAWASAKI","NINJA ZX (KAWASAKI)","2015","0","2 - WORN, DAMAGED"
"19440552","OUTSIDE CITY LIMITS","2023-03-10","0","1 - CLEAR","DUCATI","UNKNOWN (DUCATI)","2012","0","4 - WORN, UNK DAMAGE"
"19447767","OUTSIDE CITY LIMITS","2023-03-10","0","1 - CLEAR","HARLEY-DAVIDSON","UNKNOWN (HARLEY-DAVIDSON)","1994","0","1 - NOT WORN"
"19449085","OUTSIDE CITY LIMITS","2023-03-10","0","1 - CLEAR","HARLEY-DAVIDSON","UNKNOWN (HARLEY-DAVIDSON)","2012","0","2 - WORN, DAMAGED"
"19453707","SAN ANTONIO","2023-03-10","0","1 - CLEAR","HARLEY-DAVIDSON","FXD (HARLEY-DAVIDSON)","2013","0","2 - WORN, DAMAGED"
"19463630","RHOME","2023-03-10","1","1 - CLEAR","FORD","F250 (FORD)","2020","0","97 - NOT APPLICABLE"
"19463630","RHOME","2023-03-10","1","1 - CLEAR","HARLEY-DAVIDSON","FLH (HARLEY-DAVIDSON)","2014","1","3 - WORN, NOT DAMAGED"
"19508143","DENTON","2023-03-10","1","1 - CLEAR","HONDA","UNKNOWN (HONDA)","1998","1","1 - NOT WORN"
"19508143","DENTON","2023-03-10","1","1 - CLEAR","FORD","MAVERICK (FORD)","2022","0","97 - NOT APPLICABLE"
"19432631","OUTSIDE CITY LIMITS","2023-03-11","0","1 - CLEAR","INDIAN MOTORCYCLE CO.","CHIEFTAIN (INDIAN MOTORCYCLE CO.)","2014","0","2 - WORN, DAMAGED"
"19432798","BENBROOK","2023-03-11","0","1 - CLEAR","SUZUKI","GSX-R600 (SUZUKI)","2005","0","4 - WORN, UNK DAMAGE"
"19432798","BENBROOK","2023-03-11","0","1 - CLEAR","HYUNDAI","ELANTRA (HYUNDAI)","2023","0","97 - NOT APPLICABLE"
"19432798","BENBROOK","2023-03-11","0","1 - CLEAR","HYUNDAI","ELANTRA (HYUNDAI)","2023","0","97 - NOT APPLICABLE"
"19433327","DALLAS","2023-03-11","0","1 - CLEAR","TOYOTA","CAMRY (TOYOTA)","1997","0","97 - NOT APPLICABLE"
"19433327","DALLAS","2023-03-11","0","1 - CLEAR","UNKNOWN","UNKNOWN (UNKNOWN)","2021","0","1 - NOT WORN"
"19435918","OUTSIDE CITY LIMITS","2023-03-11","1","1 - CLEAR","HARLEY-DAVIDSON","FXB (HARLEY-DAVIDSON)","2020","1","1 - NOT WORN"
"19436346","SAN ANTONIO","2023-03-11","0","1 - CLEAR","HARLEY-DAVIDSON","UNKNOWN (HARLEY-DAVIDSON)","2003","0","4 - WORN, UNK DAMAGE"
"19442020","OUTSIDE CITY LIMITS","2023-03-11","0","1 - CLEAR","SUZUKI","GSX1300 (SUZUKI)","2023","0","2 - WORN, DAMAGED"
"19444421","EL PASO","2023-03-11","0","1 - CLEAR","HARLEY-DAVIDSON","FLH (HARLEY-DAVIDSON)","2007","0","1 - NOT WORN"
"19446133","MCALLEN","2023-03-11","0","1 - CLEAR","SUZUKI","DR-Z400 (SUZUKI)","2016","0","2 - WORN, DAMAGED"
"19446133","MCALLEN","2023-03-11","0","1 - CLEAR","DODGE","CHARGER (DODGE)","2012","0","97 - NOT APPLICABLE"
"19448511","MIDLAND","2023-03-11","0","1 - CLEAR","CHEVROLET","MALIBU (CHEVROLET)","2020","0","97 - NOT APPLICABLE"
"19448511","MIDLAND","2023-03-11","0","1 - CLEAR","HARLEY-DAVIDSON","FLHR (HARLEY-DAVIDSON)","2001","0","4 - WORN, UNK DAMAGE"
"19451429","LA PORTE","2023-03-11","0","1 - CLEAR","ALL OTHER MAKES","UNKNOWN (ALL OTHER MAKES)","2023","0","2 - WORN, DAMAGED"
"19451429","LA PORTE","2023-03-11","0","1 - CLEAR","TOYOTA","CAMRY (TOYOTA)","2020","0","97 - NOT APPLICABLE"
"19453059","OUTSIDE CITY LIMITS","2023-03-11","0","1 - CLEAR","HARLEY-DAVIDSON","FLH (HARLEY-DAVIDSON)","2016","0","1 - NOT WORN"
"19453059","OUTSIDE CITY LIMITS","2023-03-11","0","1 - CLEAR","HARLEY-DAVIDSON","FLH (HARLEY-DAVIDSON)","2016","0","1 - NOT WORN"
"19455607","OUTSIDE CITY LIMITS","2023-03-11","0","1 - CLEAR","TRIUMPH MOTORCYCLE","DAYTONA (TRIUMPH MOTORCYCLE)","2002","0","1 - NOT WORN"
"19433872","BUDA","2023-03-12","1","1 - CLEAR","SUZUKI","UNKNOWN (SUZUKI)","2000","1","1 - NOT WORN"
"19442462","OUTSIDE CITY LIMITS","2023-03-12","1","98 - OTHER (EXPLAIN IN NARRATIVE)","HARLEY-DAVIDSON","FLHX (HARLEY-DAVIDSON)","2012","1","1 - NOT WORN"
"19442801","FORT WORTH","2023-03-12","0","1 - CLEAR","SUZUKI","UNKNOWN (SUZUKI)","2006","0","2 - WORN, DAMAGED"
"19443477","SAN ANTONIO","2023-03-12","0","2 - CLOUDY","CHEVROLET","SILVERADO (CHEVROLET)","2007","0","97 - NOT APPLICABLE"
"19443477","SAN ANTONIO","2023-03-12","0","2 - CLOUDY","CHEVROLET","SILVERADO (CHEVROLET)","2007","0","97 - NOT APPLICABLE"
"19443477","SAN ANTONIO","2023-03-12","0","2 - CLOUDY","HARLEY-DAVIDSON","FXLR (HARLEY-DAVIDSON)","2011","0","2 - WORN, DAMAGED"
"19445695","DALLAS","2023-03-12","0","1 - CLEAR","HARLEY-DAVIDSON","XL1200 (HARLEY-DAVIDSON)","2020","0","1 - NOT WORN"
"19445695","DALLAS","2023-03-12","0","1 - CLEAR","TOYOTA","CAMRY (TOYOTA)","2017","0","97 - NOT APPLICABLE"
"19445695","DALLAS","2023-03-12","0","1 - CLEAR","TOYOTA","CAMRY (TOYOTA)","2017","0","97 - NOT APPLICABLE"
"19445695","DALLAS","2023-03-12","0","1 - CLEAR","TOYOTA","CAMRY (TOYOTA)","2017","0","97 - NOT APPLICABLE"
"19445695","DALLAS","2023-03-12","0","1 - CLEAR","TOYOTA","CAMRY (TOYOTA)","2017","0","97 - NOT APPLICABLE"
"19448887","FRISCO","2023-03-12","0","1 - CLEAR","BMW","328 (BMW)","2015","0","97 - NOT APPLICABLE"
"19448887","FRISCO","2023-03-12","0","1 - CLEAR","BMW","328 (BMW)","2015","0","97 - NOT APPLICABLE"
"19448887","FRISCO","2023-03-12","0","1 - CLEAR","YAMAHA","YZFR6 (YAMAHA)","2002","0","2 - WORN, DAMAGED"
"19448892","OUTSIDE CITY LIMITS","2023-03-12","0","2 - CLOUDY","HARLEY-DAVIDSON","UNKNOWN (HARLEY-DAVIDSON)","2014","0","2 - WORN, DAMAGED"
"19456817","OUTSIDE CITY LIMITS","2023-03-12","0","1 - CLEAR","HARLEY-DAVIDSON","FXDL (HARLEY-DAVIDSON)","2014","0","1 - NOT WORN"
"19457074","SAN ANTONIO","2023-03-12","1","1 - CLEAR","YAMAHA","UNKNOWN (YAMAHA)","2022","1","2 - WORN, DAMAGED"
"19457074","SAN ANTONIO","2023-03-12","1","1 - CLEAR","NOVA BUS CORPORATION","BUS (NOVA BUS CORPORATION)","2016","0","97 - NOT APPLICABLE"
"19457074","SAN ANTONIO","2023-03-12","1","1 - CLEAR","NOVA BUS CORPORATION","BUS (NOVA BUS CORPORATION)","2016","0","97 - NOT APPLICABLE"
"19473037","BALCH SPRINGS","2023-03-12","1","1 - CLEAR","DODGE","CALIBER (DODGE)","2008","0","97 - NOT APPLICABLE"
"19473037","BALCH SPRINGS","2023-03-12","1","1 - CLEAR","DODGE","CALIBER (DODGE)","2008","0","97 - NOT APPLICABLE"
"19473037","BALCH SPRINGS","2023-03-12","1","1 - CLEAR","HONDA","UNKNOWN (HONDA)","2017","1","1 - NOT WORN"
"19438514","AUSTIN","2023-03-13","1","1 - CLEAR","SUBARU","FORESTER (SUBARU)","2024","0","97 - NOT APPLICABLE"
"19438514","AUSTIN","2023-03-13","1","1 - CLEAR","SUZUKI","UNKNOWN (SUZUKI)","2004","1","4 - WORN, UNK DAMAGE"
"19443036","OUTSIDE CITY LIMITS","2023-03-13","0","2 - CLOUDY","HONDA","CBR600 (HONDA)","2006","0","2 - WORN, DAMAGED"
"19443036","OUTSIDE CITY LIMITS","2023-03-13","0","2 - CLOUDY","TOYOTA","TUNDRA (TOYOTA)","2018","0","97 - NOT APPLICABLE"
"19446156","MCALLEN","2023-03-13","0","1 - CLEAR","MAZDA","6 (MAZDA)","2008","0","97 - NOT APPLICABLE"
"19446156","MCALLEN","2023-03-13","0","1 - CLEAR","HONDA","NCW50 (HONDA)","2022","0","4 - WORN, UNK DAMAGE"
"19479815","MCKINNEY","2023-03-13","1","1 - CLEAR","VOLKSWAGEN","PASSAT (VOLKSWAGEN)","2012","0","97 - NOT APPLICABLE"
"19479815","MCKINNEY","2023-03-13","1","1 - CLEAR","UNKNOWN","UNKNOWN (UNKNOWN)","2021","1","1 - NOT WORN"
"19443933","MCKINNEY","2023-03-14","0","1 - CLEAR","FORD","F350 (FORD)","2018","0","97 - NOT APPLICABLE"
"19443933","MCKINNEY","2023-03-14","0","1 - CLEAR","YAMAHA","FZR1000 (YAMAHA)","2013","0","2 - WORN, DAMAGED"
"19447805","FATE","2023-03-14","0","1 - CLEAR","YAMAHA","YZF1000 (YAMAHA)","2023","0","2 - WORN, DAMAGED"
"19449816","SAN ANTONIO","2023-03-14","0","1 - CLEAR","HONDA","UNKNOWN (HONDA)","2014","0","3 - WORN, NOT DAMAGED"
"19439158","OUTSIDE CITY LIMITS","2023-03-15","0","1 - CLEAR","RAM","3500 (RAM)","2013","0","97 - NOT APPLICABLE"
"19439158","OUTSIDE CITY LIMITS","2023-03-15","0","1 - CLEAR","YAMAHA","UNKNOWN (YAMAHA)","2017","0","1 - NOT WORN"
"19439899","OUTSIDE CITY LIMITS","2023-03-15","0","2 - CLOUDY","MITSUBISHI","OUTLANDER (MITSUBISHI)","2021","0","97 - NOT APPLICABLE"
"19439899","OUTSIDE CITY LIMITS","2023-03-15","0","2 - CLOUDY","MITSUBISHI","OUTLANDER (MITSUBISHI)","2021","0","97 - NOT APPLICABLE"
"19439899","OUTSIDE CITY LIMITS","2023-03-15","0","2 - CLOUDY","BMW","R1200 (BMW)","2016","0","2 - WORN, DAMAGED"
"19444401","EL PASO","2023-03-15","1","1 - CLEAR","KIA","SORENTO (KIA)","2016","0","97 - NOT APPLICABLE"
"19444401","EL PASO","2023-03-15","1","1 - CLEAR","KIA","SORENTO (KIA)","2016","0","97 - NOT APPLICABLE"
"19444401","EL PASO","2023-03-15","1","1 - CLEAR","KIA","SORENTO (KIA)","2016","0","97 - NOT APPLICABLE"
"19444401","EL PASO","2023-03-15","1","1 - CLEAR","YAMAHA","YZFR3 (YAMAHA)","2015","1","2 - WORN, DAMAGED"
"19444951","MCKINNEY","2023-03-15","0","1 - CLEAR","HUSQVARNA","UNKNOWN (HUSQVARNA)","2021","0","2 - WORN, DAMAGED"
"19444951","MCKINNEY","2023-03-15","0","1 - CLEAR","CHEVROLET","SILVERADO (CHEVROLET)","2016","0","97 - NOT APPLICABLE"
"19446114","GRANBURY","2023-03-15","0","1 - CLEAR","YAMAHA","YZFR6 (YAMAHA)","2006","0","3 - WORN, NOT DAMAGED"
"19446114","GRANBURY","2023-03-15","0","1 - CLEAR","FORD","EDGE (FORD)","2021","0","97 - NOT APPLICABLE"
"19446778","OUTSIDE CITY LIMITS","2023-03-15","0","1 - CLEAR","HONDA","UNKNOWN (HONDA)","2006","0","1 - NOT WORN"
"19472506","OUTSIDE CITY LIMITS","2023-03-15","0","1 - CLEAR","YAMAHA","YZFR6 (YAMAHA)","2009","0","2 - WORN, DAMAGED"
"19453142","OUTSIDE CITY LIMITS","2023-03-16","0","3 - RAIN","CHEVROLET","IMPALA (CHEVROLET)","2011","0","97 - NOT APPLICABLE"
"19453142","OUTSIDE CITY LIMITS","2023-03-16","0","3 - RAIN","CHEVROLET","IMPALA (CHEVROLET)","2011","0","97 - NOT APPLICABLE"
"19453142","OUTSIDE CITY LIMITS","2023-03-16","0","3 - RAIN","CHEVROLET","IMPALA (CHEVROLET)","2011","0","97 - NOT APPLICABLE"
"19453142","OUTSIDE CITY LIMITS","2023-03-16","0","3 - RAIN","ALL OTHER MAKES","UNKNOWN (ALL OTHER MAKES)","2022","0","3 - WORN, NOT DAMAGED"
"19453492","OUTSIDE CITY LIMITS","2023-03-16","0","2 - CLOUDY","HARLEY-DAVIDSON","ELW (HARLEY-DAVIDSON)","2006","0","1 - NOT WORN"
"19444578","OUTSIDE CITY LIMITS","2023-03-17","0","1 - CLEAR","GMC","ACADIA (GMC)","2007","0","97 - NOT APPLICABLE"
"19444578","OUTSIDE CITY LIMITS","2023-03-17","0","1 - CLEAR","APRILIA","TUONO (APRILIA)","2019","0","2 - WORN, DAMAGED"
"19446456","GRANBURY","2023-03-17","0","1 - CLEAR","HARLEY-DAVIDSON","UNKNOWN (HARLEY-DAVIDSON)","1994","0","1 - NOT WORN"
"19446456","GRANBURY","2023-03-17","0","1 - CLEAR","JEEP","WRANGLER (JEEP)","2014","0","97 - NOT APPLICABLE"
"19451418","OUTSIDE CITY LIMITS","2023-03-17","0","1 - CLEAR","HARLEY-DAVIDSON","FXD (HARLEY-DAVIDSON)","2017","0","4 - WORN, UNK DAMAGE"
"19453285","MCKINNEY","2023-03-17","0","1 - CLEAR","HONDA","CBR500 (HONDA)","2014","0","3 - WORN, NOT DAMAGED"
"19453285","MCKINNEY","2023-03-17","0","1 - CLEAR","TESLA","MODEL 3 (TESLA)","2018","0","97 - NOT APPLICABLE"
"19453285","MCKINNEY","2023-03-17","0","1 - CLEAR","FORD","E SERIES (FORD)","2008","0","97 - NOT APPLICABLE"
"19465013","OUTSIDE CITY LIMITS","2023-03-17","0","1 - CLEAR","HONDA","GROM (HONDA)","2015","0","1 - NOT WORN"
"19453976","HOUSTON","2023-03-18","0","1 - CLEAR","HONDA","CBR1000 (HONDA)","2022","0","1 - NOT WORN"
"19453976","HOUSTON","2023-03-18","0","1 - CLEAR","OTHER (EXPLAIN IN NARRATIVE)","OTHER (EXPLAIN IN NARRATIVE) (OTHER (EXPLAIN IN NARRATIVE))","No Data","0","97 - NOT APPLICABLE"
"19466518","OUTSIDE CITY LIMITS","2023-03-18","0","1 - CLEAR","VOLKSWAGEN","JETTA (VOLKSWAGEN)","2020","0","97 - NOT APPLICABLE"
"19466518","OUTSIDE CITY LIMITS","2023-03-18","0","1 - CLEAR","ALL OTHER MAKES","UNKNOWN (ALL OTHER MAKES)","2004","0","1 - NOT WORN"
"19490641","HOUSTON","2023-03-18","0","1 - CLEAR","DUCATI","M600 (DUCATI)","2016","0","4 - WORN, UNK DAMAGE"
"19490641","HOUSTON","2023-03-18","0","1 - CLEAR","SUBARU","UNKNOWN (SUBARU)","2014","0","97 - NOT APPLICABLE"
"19455200","EL PASO","2023-03-19","0","1 - CLEAR","SUZUKI","GSX-R750 (SUZUKI)","2008","0","4 - WORN, UNK DAMAGE"
"19455200","EL PASO","2023-03-19","0","1 - CLEAR","SUZUKI","GSX-R600 (SUZUKI)","2007","0","3 - WORN, NOT DAMAGED"
"19455200","EL PASO","2023-03-19","0","1 - CLEAR","FORD","F150 (FORD)","2018","0","97 - NOT APPLICABLE"
"19455200","EL PASO","2023-03-19","0","1 - CLEAR","FORD","F150 (FORD)","2018","0","97 - NOT APPLICABLE"
"19455200","EL PASO","2023-03-19","0","1 - CLEAR","FORD","F150 (FORD)","2018","0","97 - NOT APPLICABLE"
"19458855","MARSHALL","2023-03-19","1","1 - CLEAR","YAMAHA","UNKNOWN (YAMAHA)","1998","1","1 - NOT WORN"
"19445657","SAN ANTONIO","2023-03-20","0","2 - CLOUDY","HARLEY-DAVIDSON","FLD (HARLEY-DAVIDSON)","2019","0","1 - NOT WORN"
"19450998","SAN ANTONIO","2023-03-20","1","2 - CLOUDY","FORD","F350 (FORD)","2011","0","97 - NOT APPLICABLE"
"19450998","SAN ANTONIO","2023-03-20","1","2 - CLOUDY","HONDA","GROM (HONDA)","2022","1","2 - WORN, DAMAGED"
"19468563","FRISCO","2023-03-20","0","2 - CLOUDY","HARLEY-DAVIDSON","VRSCA (HARLEY-DAVIDSON)","2005","0","1 - NOT WORN"
"19473874","OUTSIDE CITY LIMITS","2023-03-20","0","2 - CLOUDY","FORD","F250 (FORD)","2015","0","97 - NOT APPLICABLE"
"19473874","OUTSIDE CITY LIMITS","2023-03-20","0","2 - CLOUDY","HARLEY-DAVIDSON","XL1200 (HARLEY-DAVIDSON)","2000","0","1 - NOT WORN"
"19482717","SAN ANTONIO","2023-03-20","0","2 - CLOUDY","YAMAHA","UNKNOWN (YAMAHA)","2016","0","2 - WORN, DAMAGED"
"19482717","SAN ANTONIO","2023-03-20","0","2 - CLOUDY","HYUNDAI","SANTA FE (HYUNDAI)","2020","0","97 - NOT APPLICABLE"
"19482717","SAN ANTONIO","2023-03-20","0","2 - CLOUDY","HYUNDAI","SANTA FE (HYUNDAI)","2020","0","97 - NOT APPLICABLE"
"19450565","CARROLLTON","2023-03-21","0","1 - CLEAR","CHEVROLET","EXPRESS (CHEVROLET)","2007","0","97 - NOT APPLICABLE"
"19450565","CARROLLTON","2023-03-21","0","1 - CLEAR","CHEVROLET","EXPRESS (CHEVROLET)","2007","0","97 - NOT APPLICABLE"
"19450565","CARROLLTON","2023-03-21","0","1 - CLEAR","CHEVROLET","EXPRESS (CHEVROLET)","2007","0","97 - NOT APPLICABLE"
"19450565","CARROLLTON","2023-03-21","0","1 - CLEAR","CHEVROLET","EXPRESS (CHEVROLET)","2007","0","97 - NOT APPLICABLE"
"19450565","CARROLLTON","2023-03-21","0","1 - CLEAR","HARLEY-DAVIDSON","FXD (HARLEY-DAVIDSON)","2009","0","1 - NOT WORN"
"19455147","BROWNSVILLE","2023-03-21","0","2 - CLOUDY","HONDA","VT750 (HONDA)","2013","0","3 - WORN, NOT DAMAGED"
"19461350","LAREDO","2023-03-21","1","1 - CLEAR","DODGE","RAM 1500 (DODGE)","2002","0","97 - NOT APPLICABLE"
"19461350","LAREDO","2023-03-21","1","1 - CLEAR","ALL OTHER MAKES","No Data","2020","0","97 - NOT APPLICABLE"
"19461350","LAREDO","2023-03-21","1","1 - CLEAR","HARLEY-DAVIDSON","XL1200 (HARLEY-DAVIDSON)","2022","1","1 - NOT WORN"
"19464431","MIDLAND","2023-03-21","0","1 - CLEAR","SUZUKI","GSX (SUZUKI)","2023","0","4 - WORN, UNK DAMAGE"
"19464431","MIDLAND","2023-03-21","0","1 - CLEAR","HARLEY-DAVIDSON","FXD (HARLEY-DAVIDSON)","2008","0","4 - WORN, UNK DAMAGE"
"19464431","MIDLAND","2023-03-21","0","1 - CLEAR","HARLEY-DAVIDSON","FXD (HARLEY-DAVIDSON)","2008","0","4 - WORN, UNK DAMAGE"
"19473785","COLLEGE STATION","2023-03-21","0","3 - RAIN","NISSAN","JUKE (NISSAN)","2015","0","97 - NOT APPLICABLE"
"19473785","COLLEGE STATION","2023-03-21","0","3 - RAIN","HARLEY-DAVIDSON","XL1200 (HARLEY-DAVIDSON)","2009","0","1 - NOT WORN"
"19477467","BAYTOWN","2023-03-21","0","3 - RAIN","YAMAHA","YZFR1 (YAMAHA)","2009","0","4 - WORN, UNK DAMAGE"
"19498513","HOUSTON","2023-03-21","1","1 - CLEAR","KTM","RC 390 (KTM)","2022","1","2 - WORN, DAMAGED"
"19453436","PEARLAND","2023-03-22","1","1 - CLEAR","HONDA","CBR600 (HONDA)","2007","1","2 - WORN, DAMAGED"
"19453436","PEARLAND","2023-03-22","1","1 - CLEAR","FORD","EDGE (FORD)","2017","0","97 - NOT APPLICABLE"
"19453436","PEARLAND","2023-03-22","1","1 - CLEAR","FORD","EXPEDITION (FORD)","2012","0","97 - NOT APPLICABLE"
"19454259","OUTSIDE CITY LIMITS","2023-03-22","0","1 - CLEAR","HARLEY-DAVIDSON","FLH (HARLEY-DAVIDSON)","2021","0","2 - WORN, DAMAGED"
"19454612","AMARILLO","2023-03-22","0","1 - CLEAR","HARLEY-DAVIDSON","FXST (HARLEY-DAVIDSON)","2022","0","2 - WORN, DAMAGED"
"19454666","CORPUS CHRISTI","2023-03-22","0","2 - CLOUDY","CHRYSLER","VOYAGER (CHRYSLER)","2024","0","97 - NOT APPLICABLE"
"19454666","CORPUS CHRISTI","2023-03-22","0","2 - CLOUDY","CHRYSLER","VOYAGER (CHRYSLER)","2024","0","97 - NOT APPLICABLE"
"19454666","CORPUS CHRISTI","2023-03-22","0","2 - CLOUDY","CHRYSLER","VOYAGER (CHRYSLER)","2024","0","97 - NOT APPLICABLE"
"19454666","CORPUS CHRISTI","2023-03-22","0","2 - CLOUDY","CHRYSLER","VOYAGER (CHRYSLER)","2024","0","97 - NOT APPLICABLE"
"19454666","CORPUS CHRISTI","2023-03-22","0","2 - CLOUDY","CHRYSLER","VOYAGER (CHRYSLER)","2024","0","97 - NOT APPLICABLE"
"19454666","CORPUS CHRISTI","2023-03-22","0","2 - CLOUDY","KAWASAKI","ER650 (KAWASAKI)","2022","0","2 - WORN, DAMAGED"
"19454933","SAN ANTONIO","2023-03-22","0","2 - CLOUDY","TOYOTA","CAMRY (TOYOTA)","No Data","0","97 - NOT APPLICABLE"
"19454933","SAN ANTONIO","2023-03-22","0","2 - CLOUDY","HARLEY-DAVIDSON","FLH (HARLEY-DAVIDSON)","2019","0","99 - UNKNOWN IF WORN"
"19460097","DALLAS","2023-03-22","0","1 - CLEAR","HYUNDAI","ACCENT (HYUNDAI)","2020","0","97 - NOT APPLICABLE"
"19460097","DALLAS","2023-03-22","0","1 - CLEAR","ALL OTHER MAKES","UNKNOWN (ALL OTHER MAKES)","2022","0","2 - WORN, DAMAGED"
"19462680","COLLEGE STATION","2023-03-22","0","1 - CLEAR","YAMAHA","MT10 (YAMAHA)","2022","0","2 - WORN, DAMAGED"
"19462680","COLLEGE STATION","2023-03-22","0","1 - CLEAR","FORD","EXPLORER (FORD)","2021","0","97 - NOT APPLICABLE"
"19462680","COLLEGE STATION","2023-03-22","0","1 - CLEAR","FORD","EXPLORER (FORD)","2019","0","97 - NOT APPLICABLE"
"19462680","COLLEGE STATION","2023-03-22","0","1 - CLEAR","FORD","EXPLORER (FORD)","2019","0","97 - NOT APPLICABLE"
"19466879","OUTSIDE CITY LIMITS","2023-03-22","0","1 - CLEAR","KAWASAKI","VN800 (KAWASAKI)","1999","0","2 - WORN, DAMAGED"
"19466879","OUTSIDE CITY LIMITS","2023-03-22","0","1 - CLEAR","LEXUS","ES 350 (LEXUS)","2009","0","97 - NOT APPLICABLE"
"19466879","OUTSIDE CITY LIMITS","2023-03-22","0","1 - CLEAR","LEXUS","ES 350 (LEXUS)","2009","0","97 - NOT APPLICABLE"
"19502626","OUTSIDE CITY LIMITS","2023-03-22","1","1 - CLEAR","HONDA","ACCORD (HONDA)","2020","0","97 - NOT APPLICABLE"
"19502626","OUTSIDE CITY LIMITS","2023-03-22","1","1 - CLEAR","HARLEY-DAVIDSON","XL883 (HARLEY-DAVIDSON)","2018","1","2 - WORN, DAMAGED"
"19454091","FARMERS BRANCH","2023-03-23","0","2 - CLOUDY","HARLEY-DAVIDSON","XL1200 (HARLEY-DAVIDSON)","2021","0","2 - WORN, DAMAGED"
"19454961","KILLEEN","2023-03-23","1","1 - CLEAR","HARLEY-DAVIDSON","FLH (HARLEY-DAVIDSON)","2018","1","1 - NOT WORN"
"19459878","LEWISVILLE","2023-03-23","1","1 - CLEAR","KAWASAKI","EJ800 (KAWASAKI)","2019","1","2 - WORN, DAMAGED"
"19460437","TALTY","2023-03-23","0","1 - CLEAR","AMERICAN IRON HORSE","BANDERA (AMERICAN IRON HORSE)","2007","0","1 - NOT WORN"
"19461591","NEW BRAUNFELS","2023-03-23","0","2 - CLOUDY","JEEP","COMPASS (JEEP)","2020","0","97 - NOT APPLICABLE"
"19461591","NEW BRAUNFELS","2023-03-23","0","2 - CLOUDY","JEEP","COMPASS (JEEP)","2020","0","97 - NOT APPLICABLE"
"19461591","NEW BRAUNFELS","2023-03-23","0","2 - CLOUDY","JEEP","COMPASS (JEEP)","2020","0","97 - NOT APPLICABLE"
"19461591","NEW BRAUNFELS","2023-03-23","0","2 - CLOUDY","DUCATI","UNKNOWN (DUCATI)","2014","0","1 - NOT WORN"
"19466588","OUTSIDE CITY LIMITS","2023-03-23","0","1 - CLEAR","SUZUKI","GSX (SUZUKI)","2005","0","2 - WORN, DAMAGED"
"19467786","OUTSIDE CITY LIMITS","2023-03-23","1","2 - CLOUDY","YAMAHA","YZFR6 (YAMAHA)","2016","1","2 - WORN, DAMAGED"
"19470566","SCHERTZ","2023-03-23","1","1 - CLEAR","HARLEY-DAVIDSON","FLH (HARLEY-DAVIDSON)","2019","1","2 - WORN, DAMAGED"
"19470566","SCHERTZ","2023-03-23","1","1 - CLEAR","KENWORTH","UNKNOWN (KENWORTH)","2010","0","97 - NOT APPLICABLE"
"19480228","OUTSIDE CITY LIMITS","2023-03-23","1","1 - CLEAR","YAMAHA","FZ6 (YAMAHA)","2011","1","1 - NOT WORN"
"19491244","OUTSIDE CITY LIMITS","2023-03-23","0","1 - CLEAR","HARLEY-DAVIDSON","FLH (HARLEY-DAVIDSON)","2010","0","1 - NOT WORN"
"19455568","SAN ANTONIO","2023-03-24","0","1 - CLEAR","HARLEY-DAVIDSON","FXB (HARLEY-DAVIDSON)","2019","0","1 - NOT WORN"
"19455568","SAN ANTONIO","2023-03-24","0","1 - CLEAR","FORD","F150 (FORD)","2014","0","97 - NOT APPLICABLE"
"19455568","SAN ANTONIO","2023-03-24","0","1 - CLEAR","CHEVROLET","SILVERADO (CHEVROLET)","2022","0","97 - NOT APPLICABLE"
"19458294","STAFFORD","2023-03-24","0","1 - CLEAR","No Data","No Data","No Data","0","97 - NOT APPLICABLE"
"19458294","STAFFORD","2023-03-24","0","1 - CLEAR","HARLEY-DAVIDSON","FXB (HARLEY-DAVIDSON)","2022","0","2 - WORN, DAMAGED"
"19458294","STAFFORD","2023-03-24","0","1 - CLEAR","NISSAN","FRONTIER (NISSAN)","2017","0","97 - NOT APPLICABLE"
"19458294","STAFFORD","2023-03-24","0","1 - CLEAR","NISSAN","FRONTIER (NISSAN)","2017","0","97 - NOT APPLICABLE"
"19458294","STAFFORD","2023-03-24","0","1 - CLEAR","NISSAN","FRONTIER (NISSAN)","2017","0","97 - NOT APPLICABLE"
"19458432","OUTSIDE CITY LIMITS","2023-03-24","2","2 - CLOUDY","KAWASAKI","ZR900 (KAWASAKI)","2020","1","1 - NOT WORN"
"19458432","OUTSIDE CITY LIMITS","2023-03-24","2","2 - CLOUDY","KAWASAKI","ZR900 (KAWASAKI)","2020","1","1 - NOT WORN"
"19458882","DALLAS","2023-03-24","1","1 - CLEAR","HONDA","UNKNOWN (HONDA)","2002","0","2 - WORN, DAMAGED"
"19458882","DALLAS","2023-03-24","1","1 - CLEAR","SUZUKI","UNKNOWN (SUZUKI)","2003","1","2 - WORN, DAMAGED"
"19458882","DALLAS","2023-03-24","1","1 - CLEAR","FREIGHTLINER","CASCADIA 113 (FREIGHTLINER)","2021","0","97 - NOT APPLICABLE"
"19458882","DALLAS","2023-03-24","1","1 - CLEAR","TOYOTA","PRIUS (TOYOTA)","2008","0","97 - NOT APPLICABLE"
"19458882","DALLAS","2023-03-24","1","1 - CLEAR","NISSAN","ALTIMA (NISSAN)","2022","0","97 - NOT APPLICABLE"
"19465228","ARLINGTON","2023-03-24","0","1 - CLEAR","SUZUKI","GSX-R600 (SUZUKI)","2014","0","2 - WORN, DAMAGED"
"19469799","COLLEGE STATION","2023-03-24","1","1 - CLEAR","MERCEDES-BENZ","C GENERATION 2006 (MERCEDES-BENZ)","2013","0","97 - NOT APPLICABLE"
"19469799","COLLEGE STATION","2023-03-24","1","1 - CLEAR","MERCEDES-BENZ","C GENERATION 2006 (MERCEDES-BENZ)","2013","0","97 - NOT APPLICABLE"
"19469799","COLLEGE STATION","2023-03-24","1","1 - CLEAR","MERCEDES-BENZ","C GENERATION 2006 (MERCEDES-BENZ)","2013","0","97 - NOT APPLICABLE"
"19469799","COLLEGE STATION","2023-03-24","1","1 - CLEAR","MERCEDES-BENZ","C GENERATION 2006 (MERCEDES-BENZ)","2013","0","97 - NOT APPLICABLE"
"19469799","COLLEGE STATION","2023-03-24","1","1 - CLEAR","MERCEDES-BENZ","C GENERATION 2006 (MERCEDES-BENZ)","2013","0","97 - NOT APPLICABLE"
"19469799","COLLEGE STATION","2023-03-24","1","1 - CLEAR","YAMAHA","YZF1000 (YAMAHA)","2009","1","1 - NOT WORN"
"19472557","OUTSIDE CITY LIMITS","2023-03-24","2","1 - CLEAR","HARLEY-DAVIDSON","UNKNOWN (HARLEY-DAVIDSON)","2009","1","2 - WORN, DAMAGED"
"19472557","OUTSIDE CITY LIMITS","2023-03-24","2","1 - CLEAR","HARLEY-DAVIDSON","UNKNOWN (HARLEY-DAVIDSON)","2009","1","2 - WORN, DAMAGED"
"19478029","OUTSIDE CITY LIMITS","2023-03-24","1","1 - CLEAR","KAWASAKI","ZG1400 (KAWASAKI)","2009","1","1 - NOT WORN"
"19456098","PASADENA","2023-03-25","0","2 - CLOUDY","HARLEY-DAVIDSON","FXLR (HARLEY-DAVIDSON)","2020","0","1 - NOT WORN"
"19458966","CORPUS CHRISTI","2023-03-25","0","1 - CLEAR","HARLEY-DAVIDSON","FLHC (HARLEY-DAVIDSON)","2022","0","1 - NOT WORN"
"19458966","CORPUS CHRISTI","2023-03-25","0","1 - CLEAR","GMC","C1500 (GMC)","2016","0","97 - NOT APPLICABLE"
"19458966","CORPUS CHRISTI","2023-03-25","0","1 - CLEAR","GMC","C1500 (GMC)","2016","0","97 - NOT APPLICABLE"
"19458966","CORPUS CHRISTI","2023-03-25","0","1 - CLEAR","GMC","C1500 (GMC)","2016","0","97 - NOT APPLICABLE"
"19458966","CORPUS CHRISTI","2023-03-25","0","1 - CLEAR","GMC","C1500 (GMC)","2016","0","97 - NOT APPLICABLE"
"19459180","WIMBERLEY","2023-03-25","0","1 - CLEAR","NISSAN","MURANO (NISSAN)","2011","0","97 - NOT APPLICABLE"
"19459180","WIMBERLEY","2023-03-25","0","1 - CLEAR","BMW","K1200 (BMW)","2008","0","2 - WORN, DAMAGED"
"19461340","OUTSIDE CITY LIMITS","2023-03-25","0","1 - CLEAR","HARLEY-DAVIDSON","FLHXS (HARLEY-DAVIDSON)","2020","0","1 - NOT WORN"
"19462936","AUSTIN","2023-03-25","0","1 - CLEAR","HARLEY-DAVIDSON","UNKNOWN (HARLEY-DAVIDSON)","2021","0","2 - WORN, DAMAGED"
"19466863","CORPUS CHRISTI","2023-03-25","0","1 - CLEAR","HARLEY-DAVIDSON","FXD (HARLEY-DAVIDSON)","2009","0","3 - WORN, NOT DAMAGED"
"19467782","HOUSTON","2023-03-25","1","1 - CLEAR","HARLEY-DAVIDSON","FLHRS (HARLEY-DAVIDSON)","2006","1","2 - WORN, DAMAGED"
"19467782","HOUSTON","2023-03-25","1","1 - CLEAR","CHEVROLET","CAMARO (CHEVROLET)","No Data","0","97 - NOT APPLICABLE"
"19470536","OUTSIDE CITY LIMITS","2023-03-25","0","1 - CLEAR","HARLEY-DAVIDSON","FLHRC (HARLEY-DAVIDSON)","2008","0","1 - NOT WORN"
"19475498","ABILENE","2023-03-25","0","1 - CLEAR","HONDA","ACCORD (HONDA)","2022","0","97 - NOT APPLICABLE"
"19475498","ABILENE","2023-03-25","0","1 - CLEAR","SUZUKI","GSX-R750 (SUZUKI)","2005","0","2 - WORN, DAMAGED"
"19477668","OUTSIDE CITY LIMITS","2023-03-25","1","1 - CLEAR","HONDA","GL1500 (HONDA)","2010","1","1 - NOT WORN"
"19479960","DALLAS","2023-03-25","0","1 - CLEAR","DODGE","RAM 1500 (DODGE)","2020","0","97 - NOT APPLICABLE"
"19479960","DALLAS","2023-03-25","0","1 - CLEAR","HARLEY-DAVIDSON","UNKNOWN (HARLEY-DAVIDSON)","2019","0","1 - NOT WORN"
"19480760","BANDERA","2023-03-25","0","98 - OTHER (EXPLAIN IN NARRATIVE)","HARLEY-DAVIDSON","FLHTP (HARLEY-DAVIDSON)","2013","0","3 - WORN, NOT DAMAGED"
"19481169","MARSHALL","2023-03-25","0","1 - CLEAR","OTHER (EXPLAIN IN NARRATIVE)","OTHER (EXPLAIN IN NARRATIVE) (OTHER (EXPLAIN IN NARRATIVE))","No Data","0","1 - NOT WORN"
"19481169","MARSHALL","2023-03-25","0","1 - CLEAR","OTHER (EXPLAIN IN NARRATIVE)","OTHER (EXPLAIN IN NARRATIVE) (OTHER (EXPLAIN IN NARRATIVE))","No Data","0","1 - NOT WORN"
"19484363","OUTSIDE CITY LIMITS","2023-03-25","0","1 - CLEAR","HARLEY-DAVIDSON","FLHTCU (HARLEY-DAVIDSON)","2012","0","1 - NOT WORN"
"19484363","OUTSIDE CITY LIMITS","2023-03-25","0","1 - CLEAR","HARLEY-DAVIDSON","FLHTCU (HARLEY-DAVIDSON)","2012","0","1 - NOT WORN"
"19496626","HOUSTON","2023-03-25","1","1 - CLEAR","UNKNOWN","UNKNOWN (UNKNOWN)","2021","1","1 - NOT WORN"
"19509771","OUTSIDE CITY LIMITS","2023-03-25","0","1 - CLEAR","HONDA","CBR600 (HONDA)","2022","0","2 - WORN, DAMAGED"
"19509771","OUTSIDE CITY LIMITS","2023-03-25","0","1 - CLEAR","NISSAN","KICKS (NISSAN)","2023","0","97 - NOT APPLICABLE"
"19509771","OUTSIDE CITY LIMITS","2023-03-25","0","1 - CLEAR","NISSAN","KICKS (NISSAN)","2023","0","97 - NOT APPLICABLE"
"19655910","BANDERA","2023-03-25","0","1 - CLEAR","HARLEY-DAVIDSON","UNKNOWN (HARLEY-DAVIDSON)","2011","0","1 - NOT WORN"
"19655910","BANDERA","2023-03-25","0","1 - CLEAR","HARLEY-DAVIDSON","UNKNOWN (HARLEY-DAVIDSON)","2000","0","1 - NOT WORN"
"19655910","BANDERA","2023-03-25","0","1 - CLEAR","HARLEY-DAVIDSON","UNKNOWN (HARLEY-DAVIDSON)","2000","0","1 - NOT WORN"
"19457863","OUTSIDE CITY LIMITS","2023-03-26","0","1 - CLEAR","HONDA","CBR1000 (HONDA)","2023","0","2 - WORN, DAMAGED"
"19457921","DALLAS","2023-03-26","0","1 - CLEAR","HONDA","CRF150 (HONDA)","2021","0","1 - NOT WORN"
"19457951","OUTSIDE CITY LIMITS","2023-03-26","0","1 - CLEAR","HARLEY-DAVIDSON","FLH (HARLEY-DAVIDSON)","2012","0","2 - WORN, DAMAGED"
"19457951","OUTSIDE CITY LIMITS","2023-03-26","0","1 - CLEAR","HARLEY-DAVIDSON","UNKNOWN (HARLEY-DAVIDSON)","2005","0","2 - WORN, DAMAGED"
"19459064","OUTSIDE CITY LIMITS","2023-03-26","0","1 - CLEAR","HARLEY-DAVIDSON","FLH (HARLEY-DAVIDSON)","2013","0","1 - NOT WORN"
"19462752","PALESTINE","2023-03-26","0","2 - CLOUDY","HARLEY-DAVIDSON","FXS (HARLEY-DAVIDSON)","2007","0","1 - NOT WORN"
"19462752","PALESTINE","2023-03-26","0","2 - CLOUDY","FORD","F150 (FORD)","2019","0","97 - NOT APPLICABLE"
"19462752","PALESTINE","2023-03-26","0","2 - CLOUDY","FORD","F150 (FORD)","2019","0","97 - NOT APPLICABLE"
"19462752","PALESTINE","2023-03-26","0","2 - CLOUDY","FORD","F150 (FORD)","2019","0","97 - NOT APPLICABLE"
"19462752","PALESTINE","2023-03-26","0","2 - CLOUDY","FORD","F150 (FORD)","2019","0","97 - NOT APPLICABLE"
"19463367","MABANK","2023-03-26","0","1 - CLEAR","HARLEY-DAVIDSON","FLH (HARLEY-DAVIDSON)","2011","0","1 - NOT WORN"
"19463367","MABANK","2023-03-26","0","1 - CLEAR","HARLEY-DAVIDSON","FLH (HARLEY-DAVIDSON)","2011","0","1 - NOT WORN"
"19463367","MABANK","2023-03-26","0","1 - CLEAR","CHEVROLET","AVALANCHE (CHEVROLET)","2007","0","97 - NOT APPLICABLE"
"19463367","MABANK","2023-03-26","0","1 - CLEAR","CHEVROLET","AVALANCHE (CHEVROLET)","2007","0","97 - NOT APPLICABLE"
"19463367","MABANK","2023-03-26","0","1 - CLEAR","CHEVROLET","C1500 SUBURBAN (CHEVROLET)","2007","0","97 - NOT APPLICABLE"
"19463367","MABANK","2023-03-26","0","1 - CLEAR","CHEVROLET","C1500 SUBURBAN (CHEVROLET)","2007","0","97 - NOT APPLICABLE"
"19464037","OUTSIDE CITY LIMITS","2023-03-26","0","2 - CLOUDY","SUZUKI","GSX (SUZUKI)","2007","0","2 - WORN, DAMAGED"
"19464759","KILLEEN","2023-03-26","0","1 - CLEAR","KAWASAKI","ZX1000 (KAWASAKI)","2017","0","1 - NOT WORN"
"19464759","KILLEEN","2023-03-26","0","1 - CLEAR","KAWASAKI","ZX1000 (KAWASAKI)","2017","0","1 - NOT WORN"
"19464759","KILLEEN","2023-03-26","0","1 - CLEAR","YAMAHA","YZ250 (YAMAHA)","2004","0","1 - NOT WORN"
"19465215","OUTSIDE CITY LIMITS","2023-03-26","0","1 - CLEAR","ALL OTHER MAKES","UNKNOWN (ALL OTHER MAKES)","2023","0","1 - NOT WORN"
"19465215","OUTSIDE CITY LIMITS","2023-03-26","0","1 - CLEAR","ALL OTHER MAKES","UNKNOWN (ALL OTHER MAKES)","2023","0","1 - NOT WORN"
"19470178","DALLAS","2023-03-26","0","1 - CLEAR","HONDA","CR-V (HONDA)","2019","0","97 - NOT APPLICABLE"
"19470178","DALLAS","2023-03-26","0","1 - CLEAR","YAMAHA","YZFR6 (YAMAHA)","2008","0","1 - NOT WORN"
"19470757","HOUSTON","2023-03-26","0","1 - CLEAR","HARLEY-DAVIDSON","FXD (HARLEY-DAVIDSON)","2014","0","1 - NOT WORN"
"19470757","HOUSTON","2023-03-26","0","1 - CLEAR","CHEVROLET","AVEO (CHEVROLET)","2005","0","97 - NOT APPLICABLE"
"19471367","OUTSIDE CITY LIMITS","2023-03-26","1","2 - CLOUDY","KAWASAKI","EX300 (KAWASAKI)","2013","1","1 - NOT WORN"
"19471367","OUTSIDE CITY LIMITS","2023-03-26","1","2 - CLOUDY","TOYOTA","SIENNA (TOYOTA)","2022","0","97 - NOT APPLICABLE"
"19471500","OUTSIDE CITY LIMITS","2023-03-26","0","1 - CLEAR","SUZUKI","UNKNOWN (SUZUKI)","2006","0","2 - WORN, DAMAGED"
"19471500","OUTSIDE CITY LIMITS","2023-03-26","0","1 - CLEAR","UNKNOWN","UNKNOWN (UNKNOWN)","No Data","0","99 - UNKNOWN IF WORN"
"19472311","OUTSIDE CITY LIMITS","2023-03-26","0","1 - CLEAR","HARLEY-DAVIDSON","FLFB (HARLEY-DAVIDSON)","2023","0","1 - NOT WORN"
"19472553","HOUSTON","2023-03-26","0","1 - CLEAR","HONDA","UNKNOWN (HONDA)","2014","0","4 - WORN, UNK DAMAGE"
"19472553","HOUSTON","2023-03-26","0","1 - CLEAR","CHEVROLET","UNKNOWN (CHEVROLET)","1999","0","97 - NOT APPLICABLE"
"19474509","OUTSIDE CITY LIMITS","2023-03-26","1","1 - CLEAR","HARLEY-DAVIDSON","FLH (HARLEY-DAVIDSON)","2019","1","2 - WORN, DAMAGED"
"19509632","CIBOLO","2023-03-26","1","2 - CLOUDY","HONDA","CBR250 (HONDA)","2011","1","1 - NOT WORN"
"19509632","CIBOLO","2023-03-26","1","2 - CLOUDY","UNKNOWN","UNKNOWN (UNKNOWN)","No Data","0","97 - NOT APPLICABLE"
"19509632","CIBOLO","2023-03-26","1","2 - CLOUDY","UNKNOWN","UNKNOWN (UNKNOWN)","No Data","0","97 - NOT APPLICABLE"
"20014402","FORT WORTH","2023-03-26","1","1 - CLEAR","HARLEY-DAVIDSON","FXD (HARLEY-DAVIDSON)","2006","1","1 - NOT WORN"
"20014402","FORT WORTH","2023-03-26","1","1 - CLEAR","HARLEY-DAVIDSON","FXD (HARLEY-DAVIDSON)","2006","0","1 - NOT WORN"
"20014402","FORT WORTH","2023-03-26","1","1 - CLEAR","BMW","3 SERIES (BMW)","2009","0","97 - NOT APPLICABLE"
"19458226","DONNA","2023-03-27","0","1 - CLEAR","YAMAHA","XVZ13 (YAMAHA)","2019","0","1 - NOT WORN"
"19464200","EL PASO","2023-03-27","0","1 - CLEAR","HARLEY-DAVIDSON","XL1200 (HARLEY-DAVIDSON)","2012","0","1 - NOT WORN"
"19464200","EL PASO","2023-03-27","0","1 - CLEAR","HARLEY-DAVIDSON","FLHT (HARLEY-DAVIDSON)","2008","0","1 - NOT WORN"
"19465374","PLANO","2023-03-27","0","2 - CLOUDY","HONDA","ACCORD (HONDA)","2008","0","97 - NOT APPLICABLE"
"19465374","PLANO","2023-03-27","0","2 - CLOUDY","HONDA","ACCORD (HONDA)","2008","0","97 - NOT APPLICABLE"
"19465374","PLANO","2023-03-27","0","2 - CLOUDY","HONDA","ACCORD (HONDA)","2008","0","97 - NOT APPLICABLE"
"19465374","PLANO","2023-03-27","0","2 - CLOUDY","HONDA","GROM (HONDA)","2020","0","1 - NOT WORN"
"19461544","ODESSA","2023-03-28","0","1 - CLEAR","HONDA","CMX250 (HONDA)","2022","0","2 - WORN, DAMAGED"
"19461544","ODESSA","2023-03-28","0","1 - CLEAR","FORD","RANGER (FORD)","2020","0","97 - NOT APPLICABLE"
"19468899","OUTSIDE CITY LIMITS","2023-03-28","0","2 - CLOUDY","HARLEY-DAVIDSON","FLD (HARLEY-DAVIDSON)","2009","0","2 - WORN, DAMAGED"
"19469187","ODESSA","2023-03-28","1","1 - CLEAR","NISSAN","ALTIMA (NISSAN)","2020","0","97 - NOT APPLICABLE"
"19469187","ODESSA","2023-03-28","1","1 - CLEAR","KAWASAKI","NINJA ZX (KAWASAKI)","2001","1","2 - WORN, DAMAGED"
"19469187","ODESSA","2023-03-28","1","1 - CLEAR","KAWASAKI","NINJA ZX (KAWASAKI)","2023","0","2 - WORN, DAMAGED"
"19469187","ODESSA","2023-03-28","1","1 - CLEAR","HONDA","CB1000 (HONDA)","2017","0","4 - WORN, UNK DAMAGE"
"19471312","AMARILLO","2023-03-28","0","1 - CLEAR","DODGE","RAM 3500 (DODGE)","2007","0","97 - NOT APPLICABLE"
"19471312","AMARILLO","2023-03-28","0","1 - CLEAR","YAMAHA","UNKNOWN (YAMAHA)","2002","0","1 - NOT WORN"
"19471312","AMARILLO","2023-03-28","0","1 - CLEAR","YAMAHA","UNKNOWN (YAMAHA)","2002","0","1 - NOT WORN"
"19471435","OUTSIDE CITY LIMITS","2023-03-28","1","2 - CLOUDY","YAMAHA","UNKNOWN (YAMAHA)","2011","1","1 - NOT WORN"
"19472638","GREENVILLE","2023-03-28","0","1 - CLEAR","HARLEY-DAVIDSON","XL1200 (HARLEY-DAVIDSON)","2020","0","3 - WORN, NOT DAMAGED"
"19472638","GREENVILLE","2023-03-28","0","1 - CLEAR","HONDA","Z125 (HONDA)","2021","0","2 - WORN, DAMAGED"
"19473318","DALLAS","2023-03-28","0","1 - CLEAR","HONDA","PCX (HONDA)","2011","0","1 - NOT WORN"
"19473318","DALLAS","2023-03-28","0","1 - CLEAR","KIA","SOUL (KIA)","2019","0","97 - NOT APPLICABLE"
"19473318","DALLAS","2023-03-28","0","1 - CLEAR","KIA","SOUL (KIA)","2019","0","97 - NOT APPLICABLE"
"19463806","LEAGUE CITY","2023-03-29","1","1 - CLEAR","HONDA","CBR500 (HONDA)","2021","1","2 - WORN, DAMAGED"
"19465614","GILMER","2023-03-29","0","1 - CLEAR","KAWASAKI","ZR900 (KAWASAKI)","2022","0","2 - WORN, DAMAGED"
"19465614","GILMER","2023-03-29","0","1 - CLEAR","FORD","F150 (FORD)","2012","0","97 - NOT APPLICABLE"
"19467250","FORT WORTH","2023-03-29","0","2 - CLOUDY","VOLKSWAGEN","JETTA (VOLKSWAGEN)","2014","0","97 - NOT APPLICABLE"
"19467250","FORT WORTH","2023-03-29","0","2 - CLOUDY","KAWASAKI","VULCAN 2000 (KAWASAKI)","2013","0","4 - WORN, UNK DAMAGE"
"19474093","GRAND PRAIRIE","2023-03-29","0","1 - CLEAR","SUZUKI","GSX-R1000 (SUZUKI)","2007","0","4 - WORN, UNK DAMAGE"
"19474093","GRAND PRAIRIE","2023-03-29","0","1 - CLEAR","HONDA","ODYSSEY (HONDA)","2019","0","97 - NOT APPLICABLE"
"19481887","NEW BRAUNFELS","2023-03-29","1","1 - CLEAR","HARLEY-DAVIDSON","XL883 (HARLEY-DAVIDSON)","2016","1","1 - NOT WORN"
"19487367","OUTSIDE CITY LIMITS","2023-03-29","1","2 - CLOUDY","HARLEY-DAVIDSON","FLDE (HARLEY-DAVIDSON)","2010","1","1 - NOT WORN"
"19487367","OUTSIDE CITY LIMITS","2023-03-29","1","2 - CLOUDY","FORD","EXPLORER (FORD)","2017","0","97 - NOT APPLICABLE"
"19487367","OUTSIDE CITY LIMITS","2023-03-29","1","2 - CLOUDY","FORD","EXPLORER (FORD)","2017","0","97 - NOT APPLICABLE"
"19467503","FORT WORTH","2023-03-30","0","3 - RAIN","DOONAN","UNKNOWN (DOONAN)","2022","0","99 - UNKNOWN IF WORN"
"19470039","PLANO","2023-03-30","0","2 - CLOUDY","KAWASAKI","ZX600 (KAWASAKI)","2008","0","2 - WORN, DAMAGED"
"19470257","HUDSON","2023-03-30","1","1 - CLEAR","FORD","F150 (FORD)","2008","0","97 - NOT APPLICABLE"
"19470257","HUDSON","2023-03-30","1","1 - CLEAR","SUZUKI","GSX (SUZUKI)","2022","1","4 - WORN, UNK DAMAGE"
"19471248","HOUSTON","2023-03-30","0","1 - CLEAR","TOYOTA","HIGHLANDER (TOYOTA)","2015","0","97 - NOT APPLICABLE"
"19471248","HOUSTON","2023-03-30","0","1 - CLEAR","TOYOTA","HIGHLANDER (TOYOTA)","2015","0","97 - NOT APPLICABLE"
"19471248","HOUSTON","2023-03-30","0","1 - CLEAR","TOYOTA","HIGHLANDER (TOYOTA)","2015","0","97 - NOT APPLICABLE"
"19471248","HOUSTON","2023-03-30","0","1 - CLEAR","HONDA","UNKNOWN (HONDA)","2013","0","4 - WORN, UNK DAMAGE"
"19471763","BAY CITY","2023-03-30","0","1 - CLEAR","FORD","ESCAPE (FORD)","2020","0","97 - NOT APPLICABLE"
"19471763","BAY CITY","2023-03-30","0","1 - CLEAR","HARLEY-DAVIDSON","FLT (HARLEY-DAVIDSON)","2007","0","1 - NOT WORN"
"19473246","DALLAS","2023-03-30","0","2 - CLOUDY","TOYOTA","4RUNNER (TOYOTA)","2000","0","97 - NOT APPLICABLE"
"19473246","DALLAS","2023-03-30","0","2 - CLOUDY","HONDA","CBR600 (HONDA)","2008","0","2 - WORN, DAMAGED"
"19483774","GRAND PRAIRIE","2023-03-30","0","1 - CLEAR","KAWASAKI","EN650 (KAWASAKI)","2022","0","2 - WORN, DAMAGED"
"19483774","GRAND PRAIRIE","2023-03-30","0","1 - CLEAR","HONDA","ODYSSEY (HONDA)","2018","0","97 - NOT APPLICABLE"
"19483774","GRAND PRAIRIE","2023-03-30","0","1 - CLEAR","HONDA","ODYSSEY (HONDA)","2018","0","97 - NOT APPLICABLE"
"19483774","GRAND PRAIRIE","2023-03-30","0","1 - CLEAR","VOLKSWAGEN","BEETLE (VOLKSWAGEN)","2015","0","97 - NOT APPLICABLE"
"19483774","GRAND PRAIRIE","2023-03-30","0","1 - CLEAR","CHRYSLER","300 (CHRYSLER)","2015","0","97 - NOT APPLICABLE"
"19485340","DALLAS","2023-03-30","0","1 - CLEAR","TOYOTA","COROLLA (TOYOTA)","2020","0","97 - NOT APPLICABLE"
"19485340","DALLAS","2023-03-30","0","1 - CLEAR","BMW","F800 (BMW)","2012","0","99 - UNKNOWN IF WORN"
"19469624","OUTSIDE CITY LIMITS","2023-03-31","0","1 - CLEAR","HONDA","UNKNOWN (HONDA)","2006","0","1 - NOT WORN"
"19469624","OUTSIDE CITY LIMITS","2023-03-31","0","1 - CLEAR","DODGE","UNKNOWN (DODGE)","2005","0","97 - NOT APPLICABLE"
"19469624","OUTSIDE CITY LIMITS","2023-03-31","0","1 - CLEAR","DODGE","UNKNOWN (DODGE)","2005","0","97 - NOT APPLICABLE"
"19471352","OUTSIDE CITY LIMITS","2023-03-31","0","1 - CLEAR","HARLEY-DAVIDSON","FLH (HARLEY-DAVIDSON)","2018","0","1 - NOT WORN"
"19472217","OUTSIDE CITY LIMITS","2023-03-31","0","1 - CLEAR","YAMAHA","YZFR1 (YAMAHA)","2007","0","2 - WORN, DAMAGED"
"19472643","OUTSIDE CITY LIMITS","2023-03-31","1","1 - CLEAR","OTHER (EXPLAIN IN NARRATIVE)","OTHER (EXPLAIN IN NARRATIVE) (OTHER (EXPLAIN IN NARRATIVE))","2022","1","1 - NOT WORN"
"19473097","OUTSIDE CITY LIMITS","2023-03-31","0","1 - CLEAR","HARLEY-DAVIDSON","FLFBS (HARLEY-DAVIDSON)","2021","0","1 - NOT WORN"
"19473907","ALPINE","2023-03-31","0","1 - CLEAR","SUZUKI","LS650 (SUZUKI)","2015","0","1 - NOT WORN"
"19473907","ALPINE","2023-03-31","0","1 - CLEAR","FORD","F150 (FORD)","2010","0","97 - NOT APPLICABLE"
"19473907","ALPINE","2023-03-31","0","1 - CLEAR","FORD","F150 (FORD)","2010","0","97 - NOT APPLICABLE"
"19474120","CEDAR PARK","2023-03-31","0","2 - CLOUDY","YAMAHA","XVS1100 (YAMAHA)","2005","0","1 - NOT WORN"
"19474914","HOUSTON","2023-03-31","0","1 - CLEAR","HONDA","CBR1000 (HONDA)","2019","0","3 - WORN, NOT DAMAGED"
"19474914","HOUSTON","2023-03-31","0","1 - CLEAR","CHEVROLET","TAHOE (CHEVROLET)","2016","0","97 - NOT APPLICABLE"
"19478970","OUTSIDE CITY LIMITS","2023-03-31","1","1 - CLEAR","HARLEY-DAVIDSON","FLSTF (HARLEY-DAVIDSON)","2000","0","1 - NOT WORN"
"19478970","OUTSIDE CITY LIMITS","2023-03-31","1","1 - CLEAR","HARLEY-DAVIDSON","FLSTF (HARLEY-DAVIDSON)","2000","1","2 - WORN, DAMAGED"
"19478970","OUTSIDE CITY LIMITS","2023-03-31","1","1 - CLEAR","RAM","1500 (RAM)","2022","0","97 - NOT APPLICABLE"
"19479269","LEWISVILLE","2023-03-31","1","1 - CLEAR","KAWASAKI","EX650 (KAWASAKI)","2009","1","2 - WORN, DAMAGED"
"19479269","LEWISVILLE","2023-03-31","1","1 - CLEAR","HYUNDAI","ELANTRA (HYUNDAI)","2017","0","97 - NOT APPLICABLE"
"19479269","LEWISVILLE","2023-03-31","1","1 - CLEAR","LEXUS","ES 350 (LEXUS)","2015","0","97 - NOT APPLICABLE"
"19479269","LEWISVILLE","2023-03-31","1","1 - CLEAR","TOYOTA","CAMRY (TOYOTA)","2012","0","97 - NOT APPLICABLE"
"19481342","CONROE","2023-03-31","0","1 - CLEAR","HONDA","VTR250 (HONDA)","1998","0","1 - NOT WORN"
"19481342","CONROE","2023-03-31","0","1 - CLEAR","HONDA","VTR250 (HONDA)","1998","0","1 - NOT WORN"
"19481342","CONROE","2023-03-31","0","1 - CLEAR","DODGE","DART (DODGE)","2015","0","97 - NOT APPLICABLE"
"19481342","CONROE","2023-03-31","0","1 - CLEAR","DODGE","DART (DODGE)","2015","0","97 - NOT APPLICABLE"
"19481342","CONROE","2023-03-31","0","1 - CLEAR","DODGE","DART (DODGE)","2015","0","97 - NOT APPLICABLE"
"19481342","CONROE","2023-03-31","0","1 - CLEAR","DODGE","DART (DODGE)","2015","0","97 - NOT APPLICABLE"
"19483795","GRAND PRAIRIE","2023-03-31","0","1 - CLEAR","HONDA","UNKNOWN (HONDA)","2004","0","1 - NOT WORN"
"19488101","HOUSTON","2023-03-31","0","1 - CLEAR","HARLEY-DAVIDSON","XL1200 (HARLEY-DAVIDSON)","2021","0","2 - WORN, DAMAGED"
"19488101","HOUSTON","2023-03-31","0","1 - CLEAR","CHEVROLET","SILVERADO K1500 (CHEVROLET)","2014","0","97 - NOT APPLICABLE"
"19493108","OUTSIDE CITY LIMITS","2023-03-31","0","1 - CLEAR","YAMAHA","YZFR1 (YAMAHA)","2003","0","1 - NOT WORN"
"19496681","HOUSTON","2023-03-31","0","1 - CLEAR","BMW","S 1000 (BMW)","2010","0","2 - WORN, DAMAGED"
"19496681","HOUSTON","2023-03-31","0","1 - CLEAR","FORD","F150 (FORD)","2018","0","97 - NOT APPLICABLE"
"19501145","HOUSTON","2023-03-31","0","1 - CLEAR","SUBARU","FORESTER (SUBARU)","2012","0","97 - NOT APPLICABLE"
"19501145","HOUSTON","2023-03-31","0","1 - CLEAR","HONDA","GL1100 (HONDA)","2019","0","2 - WORN, DAMAGED"
"19501145","HOUSTON","2023-03-31","0","1 - CLEAR","FORD","FIESTA (FORD)","2013","0","97 - NOT APPLICABLE"
"19526887","PEARSALL","2023-03-31","0","1 - CLEAR","HARLEY-DAVIDSON","FXDWG (HARLEY-DAVIDSON)","2012","0","1 - NOT WORN"
"19468948","OUTSIDE CITY LIMITS","2023-04-01","0","1 - CLEAR","ROYAL ENFIELD MOTORS","HIMALAYAN (ROYAL ENFIELD MOTORS)","2018","0","2 - WORN, DAMAGED"
"19469245","ARGYLE","2023-04-01","0","1 - CLEAR","HARLEY-DAVIDSON","FLD (HARLEY-DAVIDSON)","2022","0","3 - WORN, NOT DAMAGED"
"19469303","TULIA","2023-04-01","0","1 - CLEAR","TOYOTA","CAMRY (TOYOTA)","2021","0","97 - NOT APPLICABLE"
"19469303","TULIA","2023-04-01","0","1 - CLEAR","KAWASAKI","EX250 (KAWASAKI)","2008","0","1 - NOT WORN"
"19469969","PEARLAND","2023-04-01","0","1 - CLEAR","HARLEY-DAVIDSON","FLD (HARLEY-DAVIDSON)","2014","0","1 - NOT WORN"
"19470623","OUTSIDE CITY LIMITS","2023-04-01","1","1 - CLEAR","KAWASAKI","NINJA ZX (KAWASAKI)","2007","1","2 - WORN, DAMAGED"
"19471317","AMARILLO","2023-04-01","0","1 - CLEAR","HONDA","ACCORD (HONDA)","2005","0","97 - NOT APPLICABLE"
"19471317","AMARILLO","2023-04-01","0","1 - CLEAR","SUZUKI","UNKNOWN (SUZUKI)","2001","0","3 - WORN, NOT DAMAGED"
"19472942","SAN ANTONIO","2023-04-01","1","1 - CLEAR","HARLEY-DAVIDSON","UNKNOWN (HARLEY-DAVIDSON)","2003","1","2 - WORN, DAMAGED"
"19472942","SAN ANTONIO","2023-04-01","1","1 - CLEAR","HARLEY-DAVIDSON","FXD (HARLEY-DAVIDSON)","2017","0","4 - WORN, UNK DAMAGE"
"19472942","SAN ANTONIO","2023-04-01","1","1 - CLEAR","DODGE","CHARGER (DODGE)","2013","0","97 - NOT APPLICABLE"
"19472982","PARIS","2023-04-01","0","1 - CLEAR","DODGE","RAM 3500 (DODGE)","2012","0","97 - NOT APPLICABLE"
"19472982","PARIS","2023-04-01","0","1 - CLEAR","DODGE","RAM 3500 (DODGE)","2012","0","97 - NOT APPLICABLE"
"19472982","PARIS","2023-04-01","0","1 - CLEAR","HARLEY-DAVIDSON","ELW (HARLEY-DAVIDSON)","1995","0","1 - NOT WORN"
"19474377","OUTSIDE CITY LIMITS","2023-04-01","1","1 - CLEAR","HARLEY-DAVIDSON","FLTR (HARLEY-DAVIDSON)","2020","1","1 - NOT WORN"
"19474377","OUTSIDE CITY LIMITS","2023-04-01","1","1 - CLEAR","HARLEY-DAVIDSON","FLTR (HARLEY-DAVIDSON)","2020","0","1 - NOT WORN"
"19474425","OUTSIDE CITY LIMITS","2023-04-01","0","1 - CLEAR","HARLEY-DAVIDSON","FLH (HARLEY-DAVIDSON)","2016","0","1 - NOT WORN"
"19474425","OUTSIDE CITY LIMITS","2023-04-01","0","1 - CLEAR","HARLEY-DAVIDSON","FLH (HARLEY-DAVIDSON)","2016","0","1 - NOT WORN"
"19474521","OUTSIDE CITY LIMITS","2023-04-01","0","1 - CLEAR","HARLEY-DAVIDSON","FLH (HARLEY-DAVIDSON)","2018","0","4 - WORN, UNK DAMAGE"
"19474521","OUTSIDE CITY LIMITS","2023-04-01","0","1 - CLEAR","FORD","F250 (FORD)","2012","0","97 - NOT APPLICABLE"
"19474521","OUTSIDE CITY LIMITS","2023-04-01","0","1 - CLEAR","FORD","F250 (FORD)","2012","0","97 - NOT APPLICABLE"
"19474521","OUTSIDE CITY LIMITS","2023-04-01","0","1 - CLEAR","FORD","F250 (FORD)","2012","0","97 - NOT APPLICABLE"
"19475795","WESTON","2023-04-01","0","1 - CLEAR","KAWASAKI","ZX1000 (KAWASAKI)","2022","0","2 - WORN, DAMAGED"
"19477357","OUTSIDE CITY LIMITS","2023-04-01","0","1 - CLEAR","YAMAHA","MT09 (YAMAHA)","2023","0","4 - WORN, UNK DAMAGE"
"19477813","CONVERSE","2023-04-01","0","1 - CLEAR","KAWASAKI","EX400 (KAWASAKI)","2023","0","1 - NOT WORN"
"19478368","OUTSIDE CITY LIMITS","2023-04-01","1","1 - CLEAR","CHEVROLET","SILVERADO (CHEVROLET)","2013","0","97 - NOT APPLICABLE"
"19478368","OUTSIDE CITY LIMITS","2023-04-01","1","1 - CLEAR","KAWASAKI","VULCAN 2000 (KAWASAKI)","1996","1","2 - WORN, DAMAGED"
"19478430","AUSTIN","2023-04-01","0","1 - CLEAR","HONDA","UNKNOWN (HONDA)","2017","0","2 - WORN, DAMAGED"
"19478430","AUSTIN","2023-04-01","0","1 - CLEAR","TOYOTA","CAMRY (TOYOTA)","2009","0","97 - NOT APPLICABLE"
"19478539","AUSTIN","2023-04-01","0","1 - CLEAR","YAMAHA","UNKNOWN (YAMAHA)","2007","0","4 - WORN, UNK DAMAGE"
"19484009","PLANO","2023-04-01","0","1 - CLEAR","KAWASAKI","NINJA ZX (KAWASAKI)","2023","0","2 - WORN, DAMAGED"
"19484009","PLANO","2023-04-01","0","1 - CLEAR","BMW","X3 (BMW)","2019","0","97 - NOT APPLICABLE"
"19484009","PLANO","2023-04-01","0","1 - CLEAR","BMW","X3 (BMW)","2019","0","97 - NOT APPLICABLE"
"19486772","COVINGTON","2023-04-01","1","1 - CLEAR","JEEP","WRANGLER (JEEP)","2018","0","97 - NOT APPLICABLE"
"19486772","COVINGTON","2023-04-01","1","1 - CLEAR","HARLEY-DAVIDSON","FLT (HARLEY-DAVIDSON)","2020","1","1 - NOT WORN"
"19487849","GRAND PRAIRIE","2023-04-01","0","2 - CLOUDY","NISSAN","SENTRA (NISSAN)","2012","0","97 - NOT APPLICABLE"
"19487849","GRAND PRAIRIE","2023-04-01","0","2 - CLOUDY","SUZUKI","GSX-R600 (SUZUKI)","2013","0","2 - WORN, DAMAGED"
"19490962","FREDERICKSBURG","2023-04-01","0","1 - CLEAR","HARLEY-DAVIDSON","FLSTN (HARLEY-DAVIDSON)","2007","0","1 - NOT WORN"
"19490962","FREDERICKSBURG","2023-04-01","0","1 - CLEAR","CHEVROLET","SILVERADO (CHEVROLET)","2001","0","97 - NOT APPLICABLE"
"19495289","OUTSIDE CITY LIMITS","2023-04-01","0","1 - CLEAR","BUELL","1125 (BUELL)","2008","0","1 - NOT WORN"
"19502152","OUTSIDE CITY LIMITS","2023-04-01","0","1 - CLEAR","KAWASAKI","UNKNOWN (KAWASAKI)","2022","0","4 - WORN, UNK DAMAGE"
"19521748","OUTSIDE CITY LIMITS","2023-04-01","0","1 - CLEAR","HARLEY-DAVIDSON","FLH (HARLEY-DAVIDSON)","2013","0","1 - NOT WORN"
"19521748","OUTSIDE CITY LIMITS","2023-04-01","0","1 - CLEAR","HARLEY-DAVIDSON","FLH (HARLEY-DAVIDSON)","2013","0","1 - NOT WORN"
"19469116","FAIR OAKS RANCH","2023-04-02","0","1 - CLEAR","HARLEY-DAVIDSON","UNKNOWN (HARLEY-DAVIDSON)","2002","0","1 - NOT WORN"
"19469116","FAIR OAKS RANCH","2023-04-02","0","1 - CLEAR","INFINITI","QX80 (INFINITI)","2014","0","97 - NOT APPLICABLE"
"19469754","GRAPEVINE","2023-04-02","0","2 - CLOUDY","HONDA","VT750 (HONDA)","2007","0","1 - NOT WORN"
"19469754","GRAPEVINE","2023-04-02","0","2 - CLOUDY","MERCEDES-BENZ","300 SD (MERCEDES-BENZ)","1983","0","97 - NOT APPLICABLE"
"19469888","LEAGUE CITY","2023-04-02","0","1 - CLEAR","CHEVROLET","BOLT EV (CHEVROLET)","2022","0","97 - NOT APPLICABLE"
"19469888","LEAGUE CITY","2023-04-02","0","1 - CLEAR","CHEVROLET","BOLT EV (CHEVROLET)","2022","0","97 - NOT APPLICABLE"
"19469888","LEAGUE CITY","2023-04-02","0","1 - CLEAR","HONDA","RVF750 (HONDA)","2006","0","1 - NOT WORN"
"19469888","LEAGUE CITY","2023-04-02","0","1 - CLEAR","HONDA","RVF750 (HONDA)","2006","0","1 - NOT WORN"
"19470447","THE COLONY","2023-04-02","0","1 - CLEAR","SUZUKI","UNKNOWN (SUZUKI)","2005","0","2 - WORN, DAMAGED"
"19470746","SAN ANTONIO","2023-04-02","0","1 - CLEAR","SUZUKI","GSX (SUZUKI)","1998","0","1 - NOT WORN"
"19472178","SAN ANGELO","2023-04-02","0","1 - CLEAR","HARLEY-DAVIDSON","FLH (HARLEY-DAVIDSON)","2007","0","1 - NOT WORN"
"19476824","LEAGUE CITY","2023-04-02","0","1 - CLEAR","BMW","S 1000 (BMW)","2015","0","3 - WORN, NOT DAMAGED"
"19476824","LEAGUE CITY","2023-04-02","0","1 - CLEAR","BMW","S 1000 (BMW)","2015","0","2 - WORN, DAMAGED"
"19482778","DALLAS","2023-04-02","0","1 - CLEAR","KAWASAKI","EX400 (KAWASAKI)","2023","0","1 - NOT WORN"
"19482778","DALLAS","2023-04-02","0","1 - CLEAR","MAZDA","6 (MAZDA)","2016","0","97 - NOT APPLICABLE"
"19482778","DALLAS","2023-04-02","0","1 - CLEAR","MAZDA","6 (MAZDA)","2016","0","97 - NOT APPLICABLE"
"19484874","OUTSIDE CITY LIMITS","2023-04-02","2","1 - CLEAR","CHEVROLET","SILVERADO C2500 (CHEVROLET)","2017","0","97 - NOT APPLICABLE"
"19484874","OUTSIDE CITY LIMITS","2023-04-02","2","1 - CLEAR","HARLEY-DAVIDSON","FXDWG (HARLEY-DAVIDSON)","2011","1","1 - NOT WORN"
"19484874","OUTSIDE CITY LIMITS","2023-04-02","2","1 - CLEAR","HARLEY-DAVIDSON","FXDWG (HARLEY-DAVIDSON)","2011","1","1 - NOT WORN"
"19490653","DENTON","2023-04-02","1","1 - CLEAR","VOLVO","XC90 (VOLVO)","2018","0","97 - NOT APPLICABLE"
"19490653","DENTON","2023-04-02","1","1 - CLEAR","HARLEY-DAVIDSON","FLTR (HARLEY-DAVIDSON)","2015","1","2 - WORN, DAMAGED"
"19496178","SAN FELIPE","2023-04-02","0","2 - CLOUDY","HONDA","PILOT (HONDA)","2010","0","97 - NOT APPLICABLE"
"19496178","SAN FELIPE","2023-04-02","0","2 - CLOUDY","HONDA","PILOT (HONDA)","2010","0","97 - NOT APPLICABLE"
"19496178","SAN FELIPE","2023-04-02","0","2 - CLOUDY","HONDA","PILOT (HONDA)","2010","0","97 - NOT APPLICABLE"
"19496178","SAN FELIPE","2023-04-02","0","2 - CLOUDY","HARLEY-DAVIDSON","FLH (HARLEY-DAVIDSON)","2013","0","1 - NOT WORN"
"19471458","PORT ARTHUR","2023-04-03","0","1 - CLEAR","YAMAHA","XVZ13 (YAMAHA)","2003","0","1 - NOT WORN"
"19472340","DALLAS","2023-04-03","0","1 - CLEAR","CHEVROLET","TAHOE (CHEVROLET)","2002","0","97 - NOT APPLICABLE"
"19472340","DALLAS","2023-04-03","0","1 - CLEAR","HONDA","GL1800 (HONDA)","2008","0","2 - WORN, DAMAGED"
"19473401","OUTSIDE CITY LIMITS","2023-04-03","0","1 - CLEAR","HONDA","CHF50 (HONDA)","2005","0","3 - WORN, NOT DAMAGED"
"19486314","PLANO","2023-04-03","1","1 - CLEAR","YAMAHA","YZF1000 (YAMAHA)","2016","1","2 - WORN, DAMAGED"
"19486314","PLANO","2023-04-03","1","1 - CLEAR","TOYOTA","TUNDRA (TOYOTA)","2016","0","97 - NOT APPLICABLE"
"19490317","MIDLAND","2023-04-03","2","1 - CLEAR","HONDA","UNKNOWN (HONDA)","2014","1","2 - WORN, DAMAGED"
"19490317","MIDLAND","2023-04-03","2","1 - CLEAR","HONDA","UNKNOWN (HONDA)","2014","1","4 - WORN, UNK DAMAGE"
"19490317","MIDLAND","2023-04-03","2","1 - CLEAR","JEEP","WRANGLER (JEEP)","2008","0","97 - NOT APPLICABLE"
"19490317","MIDLAND","2023-04-03","2","1 - CLEAR","JEEP","WRANGLER (JEEP)","2008","0","97 - NOT APPLICABLE"
"19494529","EL PASO","2023-04-03","0","1 - CLEAR","CHEVROLET","COBALT (CHEVROLET)","2008","0","97 - NOT APPLICABLE"
"19494529","EL PASO","2023-04-03","0","1 - CLEAR","CHEVROLET","COBALT (CHEVROLET)","2008","0","97 - NOT APPLICABLE"
"19494529","EL PASO","2023-04-03","0","1 - CLEAR","HARLEY-DAVIDSON","XLH1100 (HARLEY-DAVIDSON)","2015","0","1 - NOT WORN"
"19508752","OUTSIDE CITY LIMITS","2023-04-03","0","1 - CLEAR","HONDA","CBR929 (HONDA)","2001","0","1 - NOT WORN"
"19472900","TEXAS CITY","2023-04-04","0","2 - CLOUDY","SUZUKI","GSX600 (SUZUKI)","2011","0","1 - NOT WORN"
"19472900","TEXAS CITY","2023-04-04","0","2 - CLOUDY","SUZUKI","GSX600 (SUZUKI)","2011","0","1 - NOT WORN"
"19472900","TEXAS CITY","2023-04-04","0","2 - CLOUDY","JEEP","CHEROKEE (JEEP)","2021","0","97 - NOT APPLICABLE"
"19475305","ABILENE","2023-04-04","0","1 - CLEAR","CAN-AM","RYKER (CAN-AM)","2021","0","99 - UNKNOWN IF WORN"
"19475305","ABILENE","2023-04-04","0","1 - CLEAR","HARLEY-DAVIDSON","FLD (HARLEY-DAVIDSON)","2003","0","1 - NOT WORN"
"19478596","AUSTIN","2023-04-04","0","1 - CLEAR","SUZUKI","UNKNOWN (SUZUKI)","2013","0","2 - WORN, DAMAGED"
"19478596","AUSTIN","2023-04-04","0","1 - CLEAR","TOYOTA","4RUNNER (TOYOTA)","2006","0","97 - NOT APPLICABLE"
"19480813","DALLAS","2023-04-04","0","2 - CLOUDY","HYUNDAI","ACCENT (HYUNDAI)","2016","0","97 - NOT APPLICABLE"
"19480813","DALLAS","2023-04-04","0","2 - CLOUDY","HYUNDAI","ACCENT (HYUNDAI)","2016","0","97 - NOT APPLICABLE"
"19480813","DALLAS","2023-04-04","0","2 - CLOUDY","HYUNDAI","ACCENT (HYUNDAI)","2016","0","97 - NOT APPLICABLE"
"19480813","DALLAS","2023-04-04","0","2 - CLOUDY","HYUNDAI","ACCENT (HYUNDAI)","2016","0","97 - NOT APPLICABLE"
"19480813","DALLAS","2023-04-04","0","2 - CLOUDY","KAWASAKI","NINJA ZX (KAWASAKI)","2022","0","1 - NOT WORN"
"19480813","DALLAS","2023-04-04","0","2 - CLOUDY","KAWASAKI","NINJA ZX (KAWASAKI)","2022","0","1 - NOT WORN"
"19528877","HOUSTON","2023-04-04","0","1 - CLEAR","UNKNOWN","UNKNOWN (UNKNOWN)","No Data","0","97 - NOT APPLICABLE"
"19528877","HOUSTON","2023-04-04","0","1 - CLEAR","OTHER (EXPLAIN IN NARRATIVE)","OTHER (EXPLAIN IN NARRATIVE) (OTHER (EXPLAIN IN NARRATIVE))","2020","0","1 - NOT WORN"
"19528877","HOUSTON","2023-04-04","0","1 - CLEAR","OTHER (EXPLAIN IN NARRATIVE)","OTHER (EXPLAIN IN NARRATIVE) (OTHER (EXPLAIN IN NARRATIVE))","2020","0","1 - NOT WORN"
"19493709","HEWITT","2023-04-05","0","1 - CLEAR","UNKNOWN","UNKNOWN (UNKNOWN)","2022","0","1 - NOT WORN"
"19552899","FORT WORTH","2023-04-05","1","1 - CLEAR","HYUNDAI","SONATA (HYUNDAI)","2015","0","97 - NOT APPLICABLE"
"19552899","FORT WORTH","2023-04-05","1","1 - CLEAR","KAWASAKI","EX400 (KAWASAKI)","2018","1","2 - WORN, DAMAGED"
"19496064","WAXAHACHIE","2023-04-06","1","1 - CLEAR","YAMAHA","YZF750 (YAMAHA)","2022","1","2 - WORN, DAMAGED"
"19496064","WAXAHACHIE","2023-04-06","1","1 - CLEAR","FORD","EXPLORER (FORD)","2018","0","97 - NOT APPLICABLE"
"19496064","WAXAHACHIE","2023-04-06","1","1 - CLEAR","FORD","EXPLORER (FORD)","2018","0","97 - NOT APPLICABLE"
"19522259","HOUSTON","2023-04-06","1","2 - CLOUDY","HARLEY-DAVIDSON","FXD (HARLEY-DAVIDSON)","2005","1","2 - WORN, DAMAGED"
"19522259","HOUSTON","2023-04-06","1","2 - CLOUDY","FORD","F59 (FORD)","2016","0","97 - NOT APPLICABLE"
"19523602","HOUSTON","2023-04-06","0","1 - CLEAR","KIA","UNKNOWN (KIA)","2016","0","97 - NOT APPLICABLE"
"19523602","HOUSTON","2023-04-06","0","1 - CLEAR","OTHER (EXPLAIN IN NARRATIVE)","OTHER (EXPLAIN IN NARRATIVE) (OTHER (EXPLAIN IN NARRATIVE))","No Data","0","1 - NOT WORN"
"19523602","HOUSTON","2023-04-06","0","1 - CLEAR","OTHER (EXPLAIN IN NARRATIVE)","OTHER (EXPLAIN IN NARRATIVE) (OTHER (EXPLAIN IN NARRATIVE))","No Data","0","1 - NOT WORN"
"19480397","OUTSIDE CITY LIMITS","2023-04-07","0","3 - RAIN","HARLEY-DAVIDSON","UNKNOWN (HARLEY-DAVIDSON)","2016","0","4 - WORN, UNK DAMAGE"
"19482012","OUTSIDE CITY LIMITS","2023-04-07","0","2 - CLOUDY","YAMAHA","UNKNOWN (YAMAHA)","1989","0","3 - WORN, NOT DAMAGED"
"19550249","FORT WORTH","2023-04-07","0","2 - CLOUDY","NISSAN","ROGUE (NISSAN)","2016","0","97 - NOT APPLICABLE"
"19550249","FORT WORTH","2023-04-07","0","2 - CLOUDY","UNKNOWN","UNKNOWN (UNKNOWN)","No Data","0","99 - UNKNOWN IF WORN"
"19479989","EL PASO","2023-04-08","0","1 - CLEAR","KIA","SOUL (KIA)","2013","0","97 - NOT APPLICABLE"
"19479989","EL PASO","2023-04-08","0","1 - CLEAR","KIA","SOUL (KIA)","2013","0","97 - NOT APPLICABLE"
"19479989","EL PASO","2023-04-08","0","1 - CLEAR","KIA","SOUL (KIA)","2013","0","97 - NOT APPLICABLE"
"19479989","EL PASO","2023-04-08","0","1 - CLEAR","HONDA","UNKNOWN (HONDA)","2006","0","1 - NOT WORN"
"19480210","TYLER","2023-04-08","0","1 - CLEAR","LINCOLN","NAVIGATOR (LINCOLN)","2007","0","97 - NOT APPLICABLE"
"19480210","TYLER","2023-04-08","0","1 - CLEAR","LINCOLN","NAVIGATOR (LINCOLN)","2007","0","97 - NOT APPLICABLE"
"19480210","TYLER","2023-04-08","0","1 - CLEAR","LINCOLN","NAVIGATOR (LINCOLN)","2007","0","97 - NOT APPLICABLE"
"19480210","TYLER","2023-04-08","0","1 - CLEAR","HARLEY-DAVIDSON","FLD (HARLEY-DAVIDSON)","2012","0","1 - NOT WORN"
"19482185","OUTSIDE CITY LIMITS","2023-04-08","0","1 - CLEAR","HONDA","GL1100 (HONDA)","2002","0","3 - WORN, NOT DAMAGED"
"19493197","OUTSIDE CITY LIMITS","2023-04-08","0","1 - CLEAR","HARLEY-DAVIDSON","XG750 (HARLEY-DAVIDSON)","2017","0","2 - WORN, DAMAGED"
"19495944","OUTSIDE CITY LIMITS","2023-04-08","1","1 - CLEAR","POLARIS","RZR (POLARIS)","2021","0","97 - NOT APPLICABLE"
"19495944","OUTSIDE CITY LIMITS","2023-04-08","1","1 - CLEAR","POLARIS","RZR (POLARIS)","2021","0","97 - NOT APPLICABLE"
"19495944","OUTSIDE CITY LIMITS","2023-04-08","1","1 - CLEAR","POLARIS","RZR (POLARIS)","2021","0","97 - NOT APPLICABLE"
"19495944","OUTSIDE CITY LIMITS","2023-04-08","1","1 - CLEAR","HONDA","CRF100 (HONDA)","2022","1","1 - NOT WORN"
"19523489","OUTSIDE CITY LIMITS","2023-04-08","0","1 - CLEAR","HONDA","GROM (HONDA)","2023","0","99 - UNKNOWN IF WORN"
"19523489","OUTSIDE CITY LIMITS","2023-04-08","0","1 - CLEAR","TOYOTA","RAV4 (TOYOTA)","2014","0","97 - NOT APPLICABLE"
"19482146","TROY","2023-04-09","0","1 - CLEAR","PONTIAC","GRAND PRIX (PONTIAC)","2002","0","97 - NOT APPLICABLE"
"19482146","TROY","2023-04-09","0","1 - CLEAR","PONTIAC","GRAND PRIX (PONTIAC)","2002","0","97 - NOT APPLICABLE"
"19482146","TROY","2023-04-09","0","1 - CLEAR","PONTIAC","GRAND PRIX (PONTIAC)","2002","0","97 - NOT APPLICABLE"
"19482146","TROY","2023-04-09","0","1 - CLEAR","PONTIAC","GRAND PRIX (PONTIAC)","2002","0","97 - NOT APPLICABLE"
"19482146","TROY","2023-04-09","0","1 - CLEAR","HONDA","CMX1100 (HONDA)","2022","0","2 - WORN, DAMAGED"
"19484095","HARKER HEIGHTS","2023-04-09","0","2 - CLOUDY","HARLEY-DAVIDSON","FLHX (HARLEY-DAVIDSON)","2016","0","3 - WORN, NOT DAMAGED"
"19484095","HARKER HEIGHTS","2023-04-09","0","2 - CLOUDY","FORD","TAURUS (FORD)","2019","0","97 - NOT APPLICABLE"
"19484876","OUTSIDE CITY LIMITS","2023-04-09","0","1 - CLEAR","KTM","UNKNOWN (KTM)","2015","0","2 - WORN, DAMAGED"
"19490769","WACO","2023-04-09","2","1 - CLEAR","CHRYSLER","300 (CHRYSLER)","2012","0","97 - NOT APPLICABLE"
"19490769","WACO","2023-04-09","2","1 - CLEAR","SUZUKI","AN400 (SUZUKI)","2006","1","2 - WORN, DAMAGED"
"19490769","WACO","2023-04-09","2","1 - CLEAR","SUZUKI","AN400 (SUZUKI)","2006","1","2 - WORN, DAMAGED"
"19493540","OUTSIDE CITY LIMITS","2023-04-09","0","1 - CLEAR","HARLEY-DAVIDSON","FLHR (HARLEY-DAVIDSON)","2021","0","2 - WORN, DAMAGED"
"19494133","LUBBOCK","2023-04-09","1","2 - CLOUDY","BMW","R1250 (BMW)","2022","1","1 - NOT WORN"
"19504777","OUTSIDE CITY LIMITS","2023-04-09","0","1 - CLEAR","HONDA","VTX1300 (HONDA)","2007","0","1 - NOT WORN"
"19506822","HOUSTON","2023-04-09","0","2 - CLOUDY","YAMAHA","UNKNOWN (YAMAHA)","2006","0","99 - UNKNOWN IF WORN"
"19506822","HOUSTON","2023-04-09","0","2 - CLOUDY","HARLEY-DAVIDSON","FLT (HARLEY-DAVIDSON)","2020","0","99 - UNKNOWN IF WORN"
"19507276","HOUSTON","2023-04-09","1","1 - CLEAR","HONDA","CBR1000 (HONDA)","2017","1","2 - WORN, DAMAGED"
"19552895","FORT WORTH","2023-04-09","1","1 - CLEAR","HARLEY-DAVIDSON","UNKNOWN (HARLEY-DAVIDSON)","2023","1","3 - WORN, NOT DAMAGED"
"19552895","FORT WORTH","2023-04-09","1","1 - CLEAR","VOLVO","UNKNOWN (VOLVO)","2020","0","97 - NOT APPLICABLE"
"19484049","EL PASO","2023-04-10","0","1 - CLEAR","FORD","TAURUS (FORD)","2018","0","97 - NOT APPLICABLE"
"19484049","EL PASO","2023-04-10","0","1 - CLEAR","YAMAHA","FJR1300 (YAMAHA)","2018","0","2 - WORN, DAMAGED"
"19484407","HARKER HEIGHTS","2023-04-10","0","1 - CLEAR","HARLEY-DAVIDSON","FXB (HARLEY-DAVIDSON)","2020","0","2 - WORN, DAMAGED"
"19488468","OUTSIDE CITY LIMITS","2023-04-10","1","1 - CLEAR","HARLEY-DAVIDSON","FLTRXS (HARLEY-DAVIDSON)","2020","1","1 - NOT WORN"
"19488468","OUTSIDE CITY LIMITS","2023-04-10","1","1 - CLEAR","FORD","RANGER (FORD)","2007","0","97 - NOT APPLICABLE"
"19488468","OUTSIDE CITY LIMITS","2023-04-10","1","1 - CLEAR","FORD","RANGER (FORD)","2007","0","97 - NOT APPLICABLE"
"19488468","OUTSIDE CITY LIMITS","2023-04-10","1","1 - CLEAR","FORD","RANGER (FORD)","2007","0","97 - NOT APPLICABLE"
"19488468","OUTSIDE CITY LIMITS","2023-04-10","1","1 - CLEAR","KIA","SORENTO (KIA)","2022","0","97 - NOT APPLICABLE"
"19488468","OUTSIDE CITY LIMITS","2023-04-10","1","1 - CLEAR","KIA","SORENTO (KIA)","2022","0","97 - NOT APPLICABLE"
"19489398","OUTSIDE CITY LIMITS","2023-04-10","1","1 - CLEAR","CHEVROLET","C1500 (CHEVROLET)","1999","0","97 - NOT APPLICABLE"
"19489398","OUTSIDE CITY LIMITS","2023-04-10","1","1 - CLEAR","HARLEY-DAVIDSON","FXD (HARLEY-DAVIDSON)","2012","1","2 - WORN, DAMAGED"
"19492130","OUTSIDE CITY LIMITS","2023-04-10","0","2 - CLOUDY","FORD","F250 (FORD)","2017","0","97 - NOT APPLICABLE"
"19492130","OUTSIDE CITY LIMITS","2023-04-10","0","2 - CLOUDY","KAWASAKI","NINJA ZX (KAWASAKI)","2013","0","2 - WORN, DAMAGED"
"19492309","DALLAS","2023-04-10","0","1 - CLEAR","HONDA","VTX1800 (HONDA)","2008","0","1 - NOT WORN"
"19495541","VICTORIA","2023-04-10","0","1 - CLEAR","SUZUKI","UNKNOWN (SUZUKI)","2002","0","99 - UNKNOWN IF WORN"
"19495541","VICTORIA","2023-04-10","0","1 - CLEAR","NISSAN","ALTRA (NISSAN)","2005","0","97 - NOT APPLICABLE"
"19495541","VICTORIA","2023-04-10","0","1 - CLEAR","NISSAN","ALTRA (NISSAN)","2005","0","97 - NOT APPLICABLE"
"19495541","VICTORIA","2023-04-10","0","1 - CLEAR","NISSAN","ALTRA (NISSAN)","2005","0","97 - NOT APPLICABLE"
"19497535","OUTSIDE CITY LIMITS","2023-04-10","1","1 - CLEAR","SUZUKI","UNKNOWN (SUZUKI)","1994","1","2 - WORN, DAMAGED"
"19497535","OUTSIDE CITY LIMITS","2023-04-10","1","1 - CLEAR","HYUNDAI","SANTA FE (HYUNDAI)","2021","0","97 - NOT APPLICABLE"
"19485580","OUTSIDE CITY LIMITS","2023-04-11","0","1 - CLEAR","HONDA","CBR1000 (HONDA)","2006","0","2 - WORN, DAMAGED"
"19487364","MESQUITE","2023-04-11","0","1 - CLEAR","KAWASAKI","NINJA ZX (KAWASAKI)","2017","0","2 - WORN, DAMAGED"
"19489118","LINDALE","2023-04-11","0","1 - CLEAR","HARLEY-DAVIDSON","FLHTK (HARLEY-DAVIDSON)","2011","0","1 - NOT WORN"
"19489118","LINDALE","2023-04-11","0","1 - CLEAR","VOLKSWAGEN","TIGUAN (VOLKSWAGEN)","2015","0","97 - NOT APPLICABLE"
"19490036","DALLAS","2023-04-11","1","1 - CLEAR","CHEVROLET","TRAX (CHEVROLET)","2016","0","97 - NOT APPLICABLE"
"19490036","DALLAS","2023-04-11","1","1 - CLEAR","HONDA","ACCORD (HONDA)","2009","0","97 - NOT APPLICABLE"
"19490036","DALLAS","2023-04-11","1","1 - CLEAR","KAWASAKI","ZX600 (KAWASAKI)","2019","1","2 - WORN, DAMAGED"
"19493561","OUTSIDE CITY LIMITS","2023-04-11","0","1 - CLEAR","HARLEY-DAVIDSON","FLSTNI (HARLEY-DAVIDSON)","2022","0","1 - NOT WORN"
"19493561","OUTSIDE CITY LIMITS","2023-04-11","0","1 - CLEAR","CHEVROLET","UPLANDER (CHEVROLET)","2015","0","97 - NOT APPLICABLE"
"19493594","AUSTIN","2023-04-11","0","1 - CLEAR","SUZUKI","UNKNOWN (SUZUKI)","2007","0","99 - UNKNOWN IF WORN"
"19493594","AUSTIN","2023-04-11","0","1 - CLEAR","HYUNDAI","SANTA FE (HYUNDAI)","2007","0","97 - NOT APPLICABLE"
"19494296","RHOME","2023-04-11","0","1 - CLEAR","HARLEY-DAVIDSON","FLHXSE (HARLEY-DAVIDSON)","2019","0","2 - WORN, DAMAGED"
"19494296","RHOME","2023-04-11","0","1 - CLEAR","CHEVROLET","TRAVERSE (CHEVROLET)","2023","0","97 - NOT APPLICABLE"
"19495687","GRAND PRAIRIE","2023-04-11","0","1 - CLEAR","BMW","S 1000 (BMW)","2020","0","4 - WORN, UNK DAMAGE"
"19499375","OUTSIDE CITY LIMITS","2023-04-11","0","1 - CLEAR","TOYOTA","CAMRY (TOYOTA)","2012","0","97 - NOT APPLICABLE"
"19499375","OUTSIDE CITY LIMITS","2023-04-11","0","1 - CLEAR","TOYOTA","CAMRY (TOYOTA)","2012","0","97 - NOT APPLICABLE"
"19499375","OUTSIDE CITY LIMITS","2023-04-11","0","1 - CLEAR","KTM","890 (KTM)","2022","0","3 - WORN, NOT DAMAGED"
"19514509","NEWARK","2023-04-11","0","1 - CLEAR","FORD","F150 (FORD)","2020","0","97 - NOT APPLICABLE"
"19514509","NEWARK","2023-04-11","0","1 - CLEAR","FORD","F150 (FORD)","2020","0","97 - NOT APPLICABLE"
"19514509","NEWARK","2023-04-11","0","1 - CLEAR","BMW","R SERIES (BMW)","2011","0","3 - WORN, NOT DAMAGED"
"19486776","KRUGERVILLE","2023-04-12","0","1 - CLEAR","LEXUS","RC (LEXUS)","2016","0","97 - NOT APPLICABLE"
"19486776","KRUGERVILLE","2023-04-12","0","1 - CLEAR","HARLEY-DAVIDSON","FLHC (HARLEY-DAVIDSON)","2018","0","4 - WORN, UNK DAMAGE"
"19487914","GARLAND","2023-04-12","0","1 - CLEAR","HONDA","ACCORD (HONDA)","1999","0","97 - NOT APPLICABLE"
"19487914","GARLAND","2023-04-12","0","1 - CLEAR","YAMAHA","FZ6 (YAMAHA)","2005","0","4 - WORN, UNK DAMAGE"
"19488054","AMARILLO","2023-04-12","0","1 - CLEAR","CHEVROLET","EQUINOX (CHEVROLET)","2018","0","97 - NOT APPLICABLE"
"19488054","AMARILLO","2023-04-12","0","1 - CLEAR","HARLEY-DAVIDSON","UNKNOWN (HARLEY-DAVIDSON)","1998","0","1 - NOT WORN"
"19488504","SAN ANTONIO","2023-04-12","0","1 - CLEAR","VOLKSWAGEN","JETTA (VOLKSWAGEN)","2017","0","97 - NOT APPLICABLE"
"19488504","SAN ANTONIO","2023-04-12","0","1 - CLEAR","HARLEY-DAVIDSON","FXLR (HARLEY-DAVIDSON)","2018","0","1 - NOT WORN"
"19488743","SWEETWATER","2023-04-12","0","1 - CLEAR","FORD","EDGE (FORD)","2022","0","97 - NOT APPLICABLE"
"19488743","SWEETWATER","2023-04-12","0","1 - CLEAR","HONDA","VTX1300 (HONDA)","2004","0","4 - WORN, UNK DAMAGE"
"19488830","HOUSTON","2023-04-12","0","2 - CLOUDY","OTHER (EXPLAIN IN NARRATIVE)","OTHER (EXPLAIN IN NARRATIVE) (OTHER (EXPLAIN IN NARRATIVE))","2022","0","1 - NOT WORN"
"19489193","NORTH RICHLAND HILLS","2023-04-12","0","1 - CLEAR","INDIAN MOTORCYCLE CO.","CHIEF (INDIAN MOTORCYCLE CO.)","2021","0","2 - WORN, DAMAGED"
"19489193","NORTH RICHLAND HILLS","2023-04-12","0","1 - CLEAR","LEXUS","IS 250 (LEXUS)","2008","0","97 - NOT APPLICABLE"
"19494514","ABILENE","2023-04-12","0","1 - CLEAR","CHEVROLET","COLORADO (CHEVROLET)","2020","0","97 - NOT APPLICABLE"
"19494514","ABILENE","2023-04-12","0","1 - CLEAR","HARLEY-DAVIDSON","UNKNOWN (HARLEY-DAVIDSON)","2008","0","1 - NOT WORN"
"19495481","OUTSIDE CITY LIMITS","2023-04-12","0","1 - CLEAR","HOMEMADE VEHICLE","UNKNOWN (HOMEMADE VEHICLE)","No Data","0","2 - WORN, DAMAGED"
"19495481","OUTSIDE CITY LIMITS","2023-04-12","0","1 - CLEAR","DODGE","UNKNOWN (DODGE)","2004","0","97 - NOT APPLICABLE"
"19499536","OUTSIDE CITY LIMITS","2023-04-12","0","2 - CLOUDY","HARLEY-DAVIDSON","FLH (HARLEY-DAVIDSON)","2021","0","2 - WORN, DAMAGED"
"19512210","CLEBURNE","2023-04-12","1","1 - CLEAR","HARLEY-DAVIDSON","UNKNOWN (HARLEY-DAVIDSON)","2013","1","99 - UNKNOWN IF WORN"
"19552678","FORT WORTH","2023-04-12","0","1 - CLEAR","BMW","R1200 (BMW)","2010","0","2 - WORN, DAMAGED"
"19552678","FORT WORTH","2023-04-12","0","1 - CLEAR","FORD","MUSTANG (FORD)","2012","0","97 - NOT APPLICABLE"
"19599914","FORT WORTH","2023-04-12","0","1 - CLEAR","HARLEY-DAVIDSON","FLHS (HARLEY-DAVIDSON)","2011","0","99 - UNKNOWN IF WORN"
"19599914","FORT WORTH","2023-04-12","0","1 - CLEAR","MAZDA","6 (MAZDA)","2008","0","97 - NOT APPLICABLE"
"19489153","SAN ANTONIO","2023-04-13","0","1 - CLEAR","HONDA","CT1100 (HONDA)","2007","0","3 - WORN, NOT DAMAGED"
"19489879","WEBSTER","2023-04-13","0","1 - CLEAR","KAWASAKI","ZR900 (KAWASAKI)","2018","0","3 - WORN, NOT DAMAGED"
"19489879","WEBSTER","2023-04-13","0","1 - CLEAR","DODGE","RAM 1500 (DODGE)","2007","0","97 - NOT APPLICABLE"
"19489879","WEBSTER","2023-04-13","0","1 - CLEAR","CHEVROLET","EQUINOX (CHEVROLET)","2015","0","97 - NOT APPLICABLE"
"19489896","BENBROOK","2023-04-13","0","1 - CLEAR","HARLEY-DAVIDSON","FLHXS (HARLEY-DAVIDSON)","2017","0","2 - WORN, DAMAGED"
"19489896","BENBROOK","2023-04-13","0","1 - CLEAR","HARLEY-DAVIDSON","FLHXS (HARLEY-DAVIDSON)","2017","0","2 - WORN, DAMAGED"
"19489896","BENBROOK","2023-04-13","0","1 - CLEAR","HONDA","ACCORD (HONDA)","2013","0","97 - NOT APPLICABLE"
"19489896","BENBROOK","2023-04-13","0","1 - CLEAR","CADILLAC","SRX (CADILLAC)","2012","0","97 - NOT APPLICABLE"
"19489896","BENBROOK","2023-04-13","0","1 - CLEAR","CHEVROLET","EQUINOX (CHEVROLET)","2018","0","97 - NOT APPLICABLE"
"19489896","BENBROOK","2023-04-13","0","1 - CLEAR","VOLKSWAGEN","PASSAT (VOLKSWAGEN)","2016","0","97 - NOT APPLICABLE"
"19489896","BENBROOK","2023-04-13","0","1 - CLEAR","TESLA","MODEL S (TESLA)","2022","0","97 - NOT APPLICABLE"
"19490549","PORT ARTHUR","2023-04-13","0","1 - CLEAR","CAN-AM","SPYDER ROADSTER (CAN-AM)","2012","0","1 - NOT WORN"
"19490549","PORT ARTHUR","2023-04-13","0","1 - CLEAR","NISSAN","FRONTIER (NISSAN)","2019","0","97 - NOT APPLICABLE"
"19490884","DALLAS","2023-04-13","0","1 - CLEAR","YAMAHA","YZFR6 (YAMAHA)","2020","0","2 - WORN, DAMAGED"
"19493844","AUSTIN","2023-04-13","0","1 - CLEAR","KAWASAKI","NINJA ZX (KAWASAKI)","2013","0","2 - WORN, DAMAGED"
"19493844","AUSTIN","2023-04-13","0","1 - CLEAR","KIA","SORENTO (KIA)","2022","0","97 - NOT APPLICABLE"
"19500117","MCKINNEY","2023-04-13","0","1 - CLEAR","HONDA","CBR600 (HONDA)","2009","0","2 - WORN, DAMAGED"
"19500117","MCKINNEY","2023-04-13","0","1 - CLEAR","SATURN","VUE (SATURN)","2006","0","97 - NOT APPLICABLE"
"19504411","CANTON","2023-04-13","1","1 - CLEAR","CHEVROLET","SILVERADO C1500 (CHEVROLET)","2000","0","97 - NOT APPLICABLE"
"19504411","CANTON","2023-04-13","1","1 - CLEAR","HARLEY-DAVIDSON","FXDWG (HARLEY-DAVIDSON)","2007","1","1 - NOT WORN"
"19508383","OUTSIDE CITY LIMITS","2023-04-13","0","1 - CLEAR","HARLEY-DAVIDSON","FLH (HARLEY-DAVIDSON)","2015","0","2 - WORN, DAMAGED"
"19511648","OUTSIDE CITY LIMITS","2023-04-13","0","2 - CLOUDY","YAMAHA","FZ1 (YAMAHA)","2006","0","1 - NOT WORN"
"19512636","ANAHUAC","2023-04-13","0","1 - CLEAR","FORD","F150 (FORD)","2019","0","97 - NOT APPLICABLE"
"19512636","ANAHUAC","2023-04-13","0","1 - CLEAR","ALL OTHER MAKES","UNKNOWN (ALL OTHER MAKES)","2023","0","2 - WORN, DAMAGED"
"19490591","VIDOR","2023-04-14","0","1 - CLEAR","HARLEY-DAVIDSON","FXDWG (HARLEY-DAVIDSON)","2003","0","4 - WORN, UNK DAMAGE"
"19490591","VIDOR","2023-04-14","0","1 - CLEAR","FORD","EDGE (FORD)","2020","0","97 - NOT APPLICABLE"
"19496462","PLANO","2023-04-14","0","1 - CLEAR","SUZUKI","GSX (SUZUKI)","2004","0","2 - WORN, DAMAGED"
"19496927","DALLAS","2023-04-14","0","1 - CLEAR","HONDA","CMX1100 (HONDA)","2022","0","3 - WORN, NOT DAMAGED"
"19498384","FORNEY","2023-04-14","0","1 - CLEAR","UNKNOWN","UNKNOWN (UNKNOWN)","2020","0","2 - WORN, DAMAGED"
"19498384","FORNEY","2023-04-14","0","1 - CLEAR","AUDI","Q5 (AUDI)","2022","0","97 - NOT APPLICABLE"
"19505985","BELLMEAD","2023-04-14","0","1 - CLEAR","MINI","COOPER (MINI)","2020","0","97 - NOT APPLICABLE"
"19505985","BELLMEAD","2023-04-14","0","1 - CLEAR","MINI","COOPER (MINI)","2020","0","97 - NOT APPLICABLE"
"19505985","BELLMEAD","2023-04-14","0","1 - CLEAR","MINI","COOPER (MINI)","2020","0","97 - NOT APPLICABLE"
"19505985","BELLMEAD","2023-04-14","0","1 - CLEAR","HARLEY-DAVIDSON","UNKNOWN (HARLEY-DAVIDSON)","2008","0","1 - NOT WORN"
"19516243","HOUSTON","2023-04-14","0","1 - CLEAR","HONDA","UNKNOWN (HONDA)","2014","0","1 - NOT WORN"
"19516243","HOUSTON","2023-04-14","0","1 - CLEAR","FORD","F250 (FORD)","2019","0","97 - NOT APPLICABLE"
"19491157","OUTSIDE CITY LIMITS","2023-04-15","0","1 - CLEAR","HARLEY-DAVIDSON","FLFBS (HARLEY-DAVIDSON)","2003","0","1 - NOT WORN"
"19491714","SCHULENBURG","2023-04-15","0","1 - CLEAR","HONDA","GL1800 (HONDA)","2021","0","99 - UNKNOWN IF WORN"
"19491714","SCHULENBURG","2023-04-15","0","1 - CLEAR","HONDA","GL1800 (HONDA)","2021","0","4 - WORN, UNK DAMAGE"
"19491915","OUTSIDE CITY LIMITS","2023-04-15","0","1 - CLEAR","HARLEY-DAVIDSON","FXD (HARLEY-DAVIDSON)","2010","0","1 - NOT WORN"
"19492350","EAST MOUNTAIN","2023-04-15","0","1 - CLEAR","ALL OTHER MAKES","UNKNOWN (ALL OTHER MAKES)","2022","0","1 - NOT WORN"
"19492350","EAST MOUNTAIN","2023-04-15","0","1 - CLEAR","ALL OTHER MAKES","UNKNOWN (ALL OTHER MAKES)","2022","0","1 - NOT WORN"
"19492350","EAST MOUNTAIN","2023-04-15","0","1 - CLEAR","ALL OTHER MAKES","UNKNOWN (ALL OTHER MAKES)","2022","0","1 - NOT WORN"
"19492350","EAST MOUNTAIN","2023-04-15","0","1 - CLEAR","FORD","ESCORT (FORD)","2021","0","97 - NOT APPLICABLE"
"19492408","HOUSTON","2023-04-15","0","1 - CLEAR","OTHER (EXPLAIN IN NARRATIVE)","UNKNOWN (OTHER (EXPLAIN IN NARRATIVE))","2021","0","1 - NOT WORN"
"19493987","OUTSIDE CITY LIMITS","2023-04-15","0","1 - CLEAR","HARLEY-DAVIDSON","FLH (HARLEY-DAVIDSON)","2014","0","1 - NOT WORN"
"19493999","AUSTIN","2023-04-15","0","1 - CLEAR","HONDA","UNKNOWN (HONDA)","2006","0","2 - WORN, DAMAGED"
"19493999","AUSTIN","2023-04-15","0","1 - CLEAR","BMW","330 (BMW)","2017","0","97 - NOT APPLICABLE"
"19493999","AUSTIN","2023-04-15","0","1 - CLEAR","BMW","330 (BMW)","2017","0","97 - NOT APPLICABLE"
"19493999","AUSTIN","2023-04-15","0","1 - CLEAR","TOYOTA","4RUNNER (TOYOTA)","2020","0","97 - NOT APPLICABLE"
"19493999","AUSTIN","2023-04-15","0","1 - CLEAR","TOYOTA","4RUNNER (TOYOTA)","2020","0","97 - NOT APPLICABLE"
"19493999","AUSTIN","2023-04-15","0","1 - CLEAR","FORD","F150 (FORD)","2023","0","97 - NOT APPLICABLE"
"19493999","AUSTIN","2023-04-15","0","1 - CLEAR","FORD","F150 (FORD)","2023","0","97 - NOT APPLICABLE"
"19494706","SAN ANTONIO","2023-04-15","0","1 - CLEAR","DUCATI","SUPERSPORT (DUCATI)","1994","0","4 - WORN, UNK DAMAGE"
"19494706","SAN ANTONIO","2023-04-15","0","1 - CLEAR","KIA","OPTIMA (KIA)","2018","0","97 - NOT APPLICABLE"
"19494706","SAN ANTONIO","2023-04-15","0","1 - CLEAR","KIA","OPTIMA (KIA)","2018","0","97 - NOT APPLICABLE"
"19494706","SAN ANTONIO","2023-04-15","0","1 - CLEAR","KIA","OPTIMA (KIA)","2018","0","97 - NOT APPLICABLE"
"19494756","HOUSTON","2023-04-15","0","1 - CLEAR","SUZUKI","SV650 (SUZUKI)","2020","0","4 - WORN, UNK DAMAGE"
"19494917","OUTSIDE CITY LIMITS","2023-04-15","0","1 - CLEAR","HARLEY-DAVIDSON","FLHR (HARLEY-DAVIDSON)","2005","0","2 - WORN, DAMAGED"
"19494917","OUTSIDE CITY LIMITS","2023-04-15","0","1 - CLEAR","JEEP","WRANGLER (JEEP)","2013","0","97 - NOT APPLICABLE"
"19499743","OUTSIDE CITY LIMITS","2023-04-15","0","2 - CLOUDY","KAWASAKI","UNKNOWN (KAWASAKI)","2003","0","1 - NOT WORN"
"19499743","OUTSIDE CITY LIMITS","2023-04-15","0","2 - CLOUDY","KAWASAKI","UNKNOWN (KAWASAKI)","2003","0","1 - NOT WORN"
"19499743","OUTSIDE CITY LIMITS","2023-04-15","0","2 - CLOUDY","HARLEY-DAVIDSON","FXB (HARLEY-DAVIDSON)","2020","0","1 - NOT WORN"
"19501582","LUBBOCK","2023-04-15","1","1 - CLEAR","KIA","SORENTO (KIA)","2011","0","97 - NOT APPLICABLE"
"19501582","LUBBOCK","2023-04-15","1","1 - CLEAR","HARLEY-DAVIDSON","FLH (HARLEY-DAVIDSON)","2017","1","1 - NOT WORN"
"19501602","CLEBURNE","2023-04-15","1","1 - CLEAR","HARLEY-DAVIDSON","FLHP (HARLEY-DAVIDSON)","2016","1","1 - NOT WORN"
"19501602","CLEBURNE","2023-04-15","1","1 - CLEAR","FORD","EDGE (FORD)","2014","0","97 - NOT APPLICABLE"
"19501602","CLEBURNE","2023-04-15","1","1 - CLEAR","FORD","EDGE (FORD)","2014","0","97 - NOT APPLICABLE"
"19504356","OUTSIDE CITY LIMITS","2023-04-15","0","1 - CLEAR","BMW","F700 (BMW)","2014","0","3 - WORN, NOT DAMAGED"
"19506969","KEENE","2023-04-15","0","1 - CLEAR","HARLEY-DAVIDSON","UNKNOWN (HARLEY-DAVIDSON)","2002","0","1 - NOT WORN"
"19515163","OUTSIDE CITY LIMITS","2023-04-15","0","2 - CLOUDY","HARLEY-DAVIDSON","UNKNOWN (HARLEY-DAVIDSON)","2004","0","1 - NOT WORN"
"19522654","OUTSIDE CITY LIMITS","2023-04-15","1","2 - CLOUDY","KAWASAKI","ZX600 (KAWASAKI)","2007","1","1 - NOT WORN"
"19492515","OUTSIDE CITY LIMITS","2023-04-16","0","1 - CLEAR","HONDA","CB500 (HONDA)","2014","0","2 - WORN, DAMAGED"
"19492595","SELMA","2023-04-16","0","1 - CLEAR","SUZUKI","GS750 (SUZUKI)","2019","0","2 - WORN, DAMAGED"
"19492595","SELMA","2023-04-16","0","1 - CLEAR","TOYOTA","CAMRY (TOYOTA)","2022","0","97 - NOT APPLICABLE"
"19492595","SELMA","2023-04-16","0","1 - CLEAR","TOYOTA","CAMRY (TOYOTA)","2022","0","97 - NOT APPLICABLE"
"19492595","SELMA","2023-04-16","0","1 - CLEAR","CHEVROLET","MALIBU (CHEVROLET)","2010","0","97 - NOT APPLICABLE"
"19492595","SELMA","2023-04-16","0","1 - CLEAR","HONDA","ACCORD (HONDA)","2011","0","97 - NOT APPLICABLE"
"19492595","SELMA","2023-04-16","0","1 - CLEAR","KIA","TELLURIDE (KIA)","2023","0","97 - NOT APPLICABLE"
"19494808","HOUSTON","2023-04-16","0","1 - CLEAR","FORD","TAURUS (FORD)","2013","0","97 - NOT APPLICABLE"
"19494808","HOUSTON","2023-04-16","0","1 - CLEAR","FORD","TAURUS (FORD)","2013","0","97 - NOT APPLICABLE"
"19494808","HOUSTON","2023-04-16","0","1 - CLEAR","UNKNOWN","UNKNOWN (UNKNOWN)","No Data","0","4 - WORN, UNK DAMAGE"
"19495357","RICHARDSON","2023-04-16","0","1 - CLEAR","LEXUS","RX 350 (LEXUS)","2013","0","97 - NOT APPLICABLE"
"19495357","RICHARDSON","2023-04-16","0","1 - CLEAR","HARLEY-DAVIDSON","FLSTC (HARLEY-DAVIDSON)","1999","0","1 - NOT WORN"
"19496965","ABILENE","2023-04-16","0","1 - CLEAR","HARLEY-DAVIDSON","FLHTCUTG (HARLEY-DAVIDSON)","2013","0","1 - NOT WORN"
"19498940","WAXAHACHIE","2023-04-16","0","2 - CLOUDY","RAM","No Data","No Data","0","97 - NOT APPLICABLE"
"19498940","WAXAHACHIE","2023-04-16","0","2 - CLOUDY","KAWASAKI","VN1500 (KAWASAKI)","2015","0","4 - WORN, UNK DAMAGE"
"19499234","OUTSIDE CITY LIMITS","2023-04-16","0","1 - CLEAR","YAMAHA","MT-01 (YAMAHA)","2020","0","2 - WORN, DAMAGED"
"19499234","OUTSIDE CITY LIMITS","2023-04-16","0","1 - CLEAR","VOLKSWAGEN","BEETLE (VOLKSWAGEN)","2013","0","97 - NOT APPLICABLE"
"19499234","OUTSIDE CITY LIMITS","2023-04-16","0","1 - CLEAR","VOLKSWAGEN","BEETLE (VOLKSWAGEN)","2013","0","97 - NOT APPLICABLE"
"19505374","OUTSIDE CITY LIMITS","2023-04-16","0","1 - CLEAR","SUZUKI","UNKNOWN (SUZUKI)","2001","0","1 - NOT WORN"
"19507227","OUTSIDE CITY LIMITS","2023-04-16","0","1 - CLEAR","HARLEY-DAVIDSON","FLSTF (HARLEY-DAVIDSON)","2007","0","1 - NOT WORN"
"19507688","NASH (BOWIE)","2023-04-16","0","1 - CLEAR","HONDA","CBR600 (HONDA)","2010","0","1 - NOT WORN"
"19507688","NASH (BOWIE)","2023-04-16","0","1 - CLEAR","HONDA","CBR600 (HONDA)","2010","0","1 - NOT WORN"
"19522609","OUTSIDE CITY LIMITS","2023-04-16","1","1 - CLEAR","INDIAN MOTORCYCLE CO.","UNKNOWN (INDIAN MOTORCYCLE CO.)","2022","1","3 - WORN, NOT DAMAGED"
"19524469","OUTSIDE CITY LIMITS","2023-04-16","0","1 - CLEAR","HARLEY-DAVIDSON","FLD (HARLEY-DAVIDSON)","2009","0","1 - NOT WORN"
"19524469","OUTSIDE CITY LIMITS","2023-04-16","0","1 - CLEAR","HARLEY-DAVIDSON","FLD (HARLEY-DAVIDSON)","2009","0","1 - NOT WORN"
"19527906","HOUSTON","2023-04-16","0","1 - CLEAR","HONDA","UNKNOWN (HONDA)","1998","0","1 - NOT WORN"
"19530113","OUTSIDE CITY LIMITS","2023-04-16","0","1 - CLEAR","HONDA","NC750X (HONDA)","2018","0","3 - WORN, NOT DAMAGED"
"19604422","OUTSIDE CITY LIMITS","2023-04-16","0","1 - CLEAR","HARLEY-DAVIDSON","UNKNOWN (HARLEY-DAVIDSON)","2003","0","4 - WORN, UNK DAMAGE"
"19604422","OUTSIDE CITY LIMITS","2023-04-16","0","1 - CLEAR","HARLEY-DAVIDSON","UNKNOWN (HARLEY-DAVIDSON)","2003","0","4 - WORN, UNK DAMAGE"
"19495183","BEAUMONT","2023-04-17","0","1 - CLEAR","YAMAHA","YZF600 (YAMAHA)","2008","0","2 - WORN, DAMAGED"
"19495183","BEAUMONT","2023-04-17","0","1 - CLEAR","RAM","2500 (RAM)","2019","0","97 - NOT APPLICABLE"
"19495948","GREENVILLE","2023-04-17","0","1 - CLEAR","NISSAN","SENTRA (NISSAN)","2022","0","97 - NOT APPLICABLE"
"19495948","GREENVILLE","2023-04-17","0","1 - CLEAR","HARLEY-DAVIDSON","XLH883 (HARLEY-DAVIDSON)","2018","0","4 - WORN, UNK DAMAGE"
"19496885","PARIS","2023-04-17","0","1 - CLEAR","SUZUKI","RM-Z250 (SUZUKI)","2005","0","2 - WORN, DAMAGED"
"19497502","HUMBLE","2023-04-17","0","1 - CLEAR","KAWASAKI","ZR1100 (KAWASAKI)","2018","0","2 - WORN, DAMAGED"
"19497805","DONNA","2023-04-17","1","1 - CLEAR","HARLEY-DAVIDSON","UNKNOWN (HARLEY-DAVIDSON)","2005","1","1 - NOT WORN"
"19497805","DONNA","2023-04-17","1","1 - CLEAR","FORD","F150 (FORD)","2016","0","97 - NOT APPLICABLE"
"19500125","ARLINGTON","2023-04-17","0","1 - CLEAR","TOYOTA","CAMRY (TOYOTA)","2015","0","97 - NOT APPLICABLE"
"19500125","ARLINGTON","2023-04-17","0","1 - CLEAR","HARLEY-DAVIDSON","FLH (HARLEY-DAVIDSON)","2018","0","1 - NOT WORN"
"19502664","HOUSTON","2023-04-17","0","1 - CLEAR","OTHER (EXPLAIN IN NARRATIVE)","OTHER (EXPLAIN IN NARRATIVE) (OTHER (EXPLAIN IN NARRATIVE))","2022","0","2 - WORN, DAMAGED"
"19509824","DALLAS","2023-04-17","0","1 - CLEAR","HONDA","CR-V (HONDA)","2003","0","97 - NOT APPLICABLE"
"19509824","DALLAS","2023-04-17","0","1 - CLEAR","YAMAHA","FZ09 (YAMAHA)","2014","0","2 - WORN, DAMAGED"
"19515312","DALLAS","2023-04-17","0","1 - CLEAR","SUZUKI","GSX (SUZUKI)","2008","0","4 - WORN, UNK DAMAGE"
"19528752","HOUSTON","2023-04-17","0","1 - CLEAR","CHEVROLET","CAMARO (CHEVROLET)","2020","0","97 - NOT APPLICABLE"
"19528752","HOUSTON","2023-04-17","0","1 - CLEAR","HONDA","VTX1300 (HONDA)","2007","0","2 - WORN, DAMAGED"
"19528752","HOUSTON","2023-04-17","0","1 - CLEAR","HONDA","ACCORD (HONDA)","2017","0","97 - NOT APPLICABLE"
"19531406","HOUSTON","2023-04-17","1","1 - CLEAR","YAMAHA","YZF1000 (YAMAHA)","2014","1","2 - WORN, DAMAGED"
"19531406","HOUSTON","2023-04-17","1","1 - CLEAR","FREIGHTLINER","CASCADIA 113 (FREIGHTLINER)","2023","0","97 - NOT APPLICABLE"
"19506195","RICHARDSON","2023-04-18","0","2 - CLOUDY","HONDA","PILOT (HONDA)","2020","0","97 - NOT APPLICABLE"
"19506195","RICHARDSON","2023-04-18","0","2 - CLOUDY","TRIUMPH MOTORCYCLE","SCRAMBLER (TRIUMPH MOTORCYCLE)","2014","0","2 - WORN, DAMAGED"
"19507342","EL PASO","2023-04-18","0","1 - CLEAR","HYOSUNG","GD250R (HYOSUNG)","2015","0","2 - WORN, DAMAGED"
"19507830","ROSENBERG","2023-04-18","0","2 - CLOUDY","CHEVROLET","IMPALA (CHEVROLET)","2017","0","97 - NOT APPLICABLE"
"19507830","ROSENBERG","2023-04-18","0","2 - CLOUDY","CHEVROLET","IMPALA (CHEVROLET)","2017","0","97 - NOT APPLICABLE"
"19507830","ROSENBERG","2023-04-18","0","2 - CLOUDY","HONDA","VT750 (HONDA)","2000","0","1 - NOT WORN"
"19500210","OUTSIDE CITY LIMITS","2023-04-19","0","2 - CLOUDY","YAMAHA","UNKNOWN (YAMAHA)","2023","0","2 - WORN, DAMAGED"
"19500552","JUSTIN","2023-04-19","0","1 - CLEAR","TOYOTA","4RUNNER (TOYOTA)","1999","0","97 - NOT APPLICABLE"
"19500552","JUSTIN","2023-04-19","0","1 - CLEAR","HARLEY-DAVIDSON","UNKNOWN (HARLEY-DAVIDSON)","2012","0","1 - NOT WORN"
"19500778","PASADENA","2023-04-19","0","2 - CLOUDY","HONDA","CB500 (HONDA)","2018","0","4 - WORN, UNK DAMAGE"
"19501426","OUTSIDE CITY LIMITS","2023-04-19","0","8 - SEVERE CROSSWINDS","KTM","UNKNOWN (KTM)","2014","0","2 - WORN, DAMAGED"
"19503786","OUTSIDE CITY LIMITS","2023-04-19","0","2 - CLOUDY","VICTORY MOTORCYCLES","VEGAS (VICTORY MOTORCYCLES)","2015","0","1 - NOT WORN"
"19505303","DALLAS","2023-04-19","0","1 - CLEAR","FORD","BRONCO SPORT (FORD)","2022","0","97 - NOT APPLICABLE"
"19505303","DALLAS","2023-04-19","0","1 - CLEAR","YAMAHA","YZFR6 (YAMAHA)","2017","0","2 - WORN, DAMAGED"
"19505664","THE COLONY","2023-04-19","1","2 - CLOUDY","HARLEY-DAVIDSON","UNKNOWN (HARLEY-DAVIDSON)","2003","1","1 - NOT WORN"
"19510948","OUTSIDE CITY LIMITS","2023-04-19","0","1 - CLEAR","FORD","F250 (FORD)","2016","0","97 - NOT APPLICABLE"
"19510948","OUTSIDE CITY LIMITS","2023-04-19","0","1 - CLEAR","HARLEY-DAVIDSON","FXB (HARLEY-DAVIDSON)","2008","0","2 - WORN, DAMAGED"
"19512694","GRAND PRAIRIE","2023-04-19","0","1 - CLEAR","No Data","No Data","No Data","0","97 - NOT APPLICABLE"
"19512694","GRAND PRAIRIE","2023-04-19","0","1 - CLEAR","TOYOTA","COROLLA (TOYOTA)","2011","0","97 - NOT APPLICABLE"
"19512694","GRAND PRAIRIE","2023-04-19","0","1 - CLEAR","CAN-AM","RYKER (CAN-AM)","2022","0","4 - WORN, UNK DAMAGE"
"19512694","GRAND PRAIRIE","2023-04-19","0","1 - CLEAR","FREIGHTLINER","CASCADIA 113 (FREIGHTLINER)","2021","0","97 - NOT APPLICABLE"
"19512694","GRAND PRAIRIE","2023-04-19","0","1 - CLEAR","HONDA","ODYSSEY (HONDA)","2015","0","97 - NOT APPLICABLE"
"19512694","GRAND PRAIRIE","2023-04-19","0","1 - CLEAR","HONDA","ODYSSEY (HONDA)","2015","0","97 - NOT APPLICABLE"
"19513429","OUTSIDE CITY LIMITS","2023-04-19","0","2 - CLOUDY","KAWASAKI","KAF700 (KAWASAKI)","2004","0","2 - WORN, DAMAGED"
"19514437","OUTSIDE CITY LIMITS","2023-04-19","1","2 - CLOUDY","FORD","F150 (FORD)","2015","0","97 - NOT APPLICABLE"
"19514437","OUTSIDE CITY LIMITS","2023-04-19","1","2 - CLOUDY","HARLEY-DAVIDSON","FLHR (HARLEY-DAVIDSON)","2000","1","3 - WORN, NOT DAMAGED"
"19562783","FORT WORTH","2023-04-19","0","1 - CLEAR","KAWASAKI","NINJA ZX (KAWASAKI)","2023","0","2 - WORN, DAMAGED"
"19562783","FORT WORTH","2023-04-19","0","1 - CLEAR","FORD","EDGE (FORD)","2013","0","97 - NOT APPLICABLE"
"19562783","FORT WORTH","2023-04-19","0","1 - CLEAR","FORD","EDGE (FORD)","2013","0","97 - NOT APPLICABLE"
"19501773","BURLESON","2023-04-20","0","1 - CLEAR","OTHER (EXPLAIN IN NARRATIVE)","OTHER (EXPLAIN IN NARRATIVE) (OTHER (EXPLAIN IN NARRATIVE))","2023","0","1 - NOT WORN"
"19515613","EL PASO","2023-04-20","1","1 - CLEAR","HONDA","CBR600 (HONDA)","1990","1","99 - UNKNOWN IF WORN"
"19520287","PEASTER","2023-04-20","1","2 - CLOUDY","HARLEY-DAVIDSON","FLHXS (HARLEY-DAVIDSON)","2017","1","1 - NOT WORN"
"19520287","PEASTER","2023-04-20","1","2 - CLOUDY","KIA","SEDONA (KIA)","2019","0","97 - NOT APPLICABLE"
"19523013","FULTON","2023-04-20","1","1 - CLEAR","NISSAN","ALTIMA (NISSAN)","2011","0","97 - NOT APPLICABLE"
"19523013","FULTON","2023-04-20","1","1 - CLEAR","NISSAN","ALTIMA (NISSAN)","2011","0","97 - NOT APPLICABLE"
"19523013","FULTON","2023-04-20","1","1 - CLEAR","HARLEY-DAVIDSON","FXD (HARLEY-DAVIDSON)","2008","1","1 - NOT WORN"
"19527270","CORPUS CHRISTI","2023-04-20","0","1 - CLEAR","HARLEY-DAVIDSON","XLH1100 (HARLEY-DAVIDSON)","2003","0","1 - NOT WORN"
"19563486","FORT WORTH","2023-04-20","0","1 - CLEAR","MAZDA","3 (MAZDA)","2014","0","97 - NOT APPLICABLE"
"19563486","FORT WORTH","2023-04-20","0","1 - CLEAR","SUZUKI","GS500 (SUZUKI)","2002","0","99 - UNKNOWN IF WORN"
"19502760","SAN ANTONIO","2023-04-21","1","1 - CLEAR","HONDA","UNKNOWN (HONDA)","1977","1","2 - WORN, DAMAGED"
"19502760","SAN ANTONIO","2023-04-21","1","1 - CLEAR","KENWORTH","T880 (KENWORTH)","2019","0","97 - NOT APPLICABLE"
"19502793","OUTSIDE CITY LIMITS","2023-04-21","0","1 - CLEAR","KAWASAKI","NINJA ZX (KAWASAKI)","2023","0","3 - WORN, NOT DAMAGED"
"19503440","SAN ANTONIO","2023-04-21","1","2 - CLOUDY","YAMAHA","XVS1100 (YAMAHA)","2011","1","2 - WORN, DAMAGED"
"19503871","ENNIS","2023-04-21","0","1 - CLEAR","HONDA","UNKNOWN (HONDA)","2000","0","1 - NOT WORN"
"19504377","OUTSIDE CITY LIMITS","2023-04-21","0","1 - CLEAR","FORD","F250 (FORD)","2016","0","97 - NOT APPLICABLE"
"19504377","OUTSIDE CITY LIMITS","2023-04-21","0","1 - CLEAR","HARLEY-DAVIDSON","RA1250 (HARLEY-DAVIDSON)","2021","0","4 - WORN, UNK DAMAGE"
"19504849","OUTSIDE CITY LIMITS","2023-04-21","0","1 - CLEAR","HARLEY-DAVIDSON","FLT (HARLEY-DAVIDSON)","2013","0","1 - NOT WORN"
"19504849","OUTSIDE CITY LIMITS","2023-04-21","0","1 - CLEAR","NISSAN","ALTIMA (NISSAN)","2011","0","97 - NOT APPLICABLE"
"19505029","OUTSIDE CITY LIMITS","2023-04-21","0","1 - CLEAR","HARLEY-DAVIDSON","FLT (HARLEY-DAVIDSON)","2016","0","1 - NOT WORN"
"19506771","DEL RIO","2023-04-21","0","1 - CLEAR","CHEVROLET","C2500 (CHEVROLET)","2015","0","97 - NOT APPLICABLE"
"19506771","DEL RIO","2023-04-21","0","1 - CLEAR","HARLEY-DAVIDSON","FLSTN (HARLEY-DAVIDSON)","2005","0","1 - NOT WORN"
"19508271","ARLINGTON","2023-04-21","1","1 - CLEAR","SUZUKI","GSX-R600 (SUZUKI)","2008","1","3 - WORN, NOT DAMAGED"
"19508271","ARLINGTON","2023-04-21","1","1 - CLEAR","MERCURY","MARINER (MERCURY)","2007","0","97 - NOT APPLICABLE"
"19509174","MIDLOTHIAN","2023-04-21","0","1 - CLEAR","HONDA","CR-V (HONDA)","2008","0","97 - NOT APPLICABLE"
"19509174","MIDLOTHIAN","2023-04-21","0","1 - CLEAR","HARLEY-DAVIDSON","FLH (HARLEY-DAVIDSON)","2015","0","1 - NOT WORN"
"19509174","MIDLOTHIAN","2023-04-21","0","1 - CLEAR","HARLEY-DAVIDSON","FLH (HARLEY-DAVIDSON)","2015","0","1 - NOT WORN"
"19517179","SOCORRO","2023-04-21","0","1 - CLEAR","HYUNDAI","TIBURON (HYUNDAI)","2004","0","97 - NOT APPLICABLE"
"19517179","SOCORRO","2023-04-21","0","1 - CLEAR","HYUNDAI","TIBURON (HYUNDAI)","2004","0","97 - NOT APPLICABLE"
"19517179","SOCORRO","2023-04-21","0","1 - CLEAR","YAMAHA","YZFR6 (YAMAHA)","2009","0","4 - WORN, UNK DAMAGE"
"19524369","SNYDER","2023-04-21","0","1 - CLEAR","TOYOTA","TUNDRA (TOYOTA)","2017","0","97 - NOT APPLICABLE"
"19524369","SNYDER","2023-04-21","0","1 - CLEAR","TOYOTA","TUNDRA (TOYOTA)","2017","0","97 - NOT APPLICABLE"
"19524369","SNYDER","2023-04-21","0","1 - CLEAR","VICTORY MOTORCYCLES","UNKNOWN (VICTORY MOTORCYCLES)","2004","0","1 - NOT WORN"
"19535393","OUTSIDE CITY LIMITS","2023-04-21","0","1 - CLEAR","HARLEY-DAVIDSON","XL883 (HARLEY-DAVIDSON)","2005","0","2 - WORN, DAMAGED"
"19535393","OUTSIDE CITY LIMITS","2023-04-21","0","1 - CLEAR","JEEP","WRANGLER (JEEP)","2021","0","97 - NOT APPLICABLE"
"19535393","OUTSIDE CITY LIMITS","2023-04-21","0","1 - CLEAR","JEEP","WRANGLER (JEEP)","2021","0","97 - NOT APPLICABLE"
"19535393","OUTSIDE CITY LIMITS","2023-04-21","0","1 - CLEAR","JEEP","WRANGLER (JEEP)","2021","0","97 - NOT APPLICABLE"
"19503555","LEWISVILLE","2023-04-22","0","2 - CLOUDY","CHEVROLET","SILVERADO (CHEVROLET)","2022","0","97 - NOT APPLICABLE"
"19503555","LEWISVILLE","2023-04-22","0","2 - CLOUDY","HARLEY MURRAY INC","UNKNOWN (HARLEY MURRAY INC)","2017","0","1 - NOT WORN"
"19505229","VIDOR","2023-04-22","0","1 - CLEAR","HARLEY-DAVIDSON","FLTCUI (HARLEY-DAVIDSON)","2012","0","4 - WORN, UNK DAMAGE"
"19505229","VIDOR","2023-04-22","0","1 - CLEAR","HARLEY-DAVIDSON","FLTCUI (HARLEY-DAVIDSON)","2012","0","4 - WORN, UNK DAMAGE"
"19505317","SAN ANTONIO","2023-04-22","0","1 - CLEAR","HARLEY-DAVIDSON","FLS (HARLEY-DAVIDSON)","2017","0","1 - NOT WORN"
"19505482","OUTSIDE CITY LIMITS","2023-04-22","0","1 - CLEAR","FORD","F150 (FORD)","2007","0","97 - NOT APPLICABLE"
"19505482","OUTSIDE CITY LIMITS","2023-04-22","0","1 - CLEAR","FORD","F150 (FORD)","2007","0","97 - NOT APPLICABLE"
"19505482","OUTSIDE CITY LIMITS","2023-04-22","0","1 - CLEAR","FORD","F150 (FORD)","2007","0","97 - NOT APPLICABLE"
"19505482","OUTSIDE CITY LIMITS","2023-04-22","0","1 - CLEAR","FORD","F150 (FORD)","2007","0","97 - NOT APPLICABLE"
"19505482","OUTSIDE CITY LIMITS","2023-04-22","0","1 - CLEAR","FORD","F150 (FORD)","2007","0","97 - NOT APPLICABLE"
"19505482","OUTSIDE CITY LIMITS","2023-04-22","0","1 - CLEAR","HARLEY-DAVIDSON","UNKNOWN (HARLEY-DAVIDSON)","2012","0","2 - WORN, DAMAGED"
"19511992","DALLAS","2023-04-22","0","1 - CLEAR","FORD","FUSION (FORD)","2016","0","97 - NOT APPLICABLE"
"19511992","DALLAS","2023-04-22","0","1 - CLEAR","HONDA","VT750 (HONDA)","2009","0","1 - NOT WORN"
"19512788","OUTSIDE CITY LIMITS","2023-04-22","0","1 - CLEAR","HONDA","CIVIC (HONDA)","2019","0","97 - NOT APPLICABLE"
"19512788","OUTSIDE CITY LIMITS","2023-04-22","0","1 - CLEAR","HARLEY-DAVIDSON","FLHXS (HARLEY-DAVIDSON)","2022","0","4 - WORN, UNK DAMAGE"
"19513433","OUTSIDE CITY LIMITS","2023-04-22","0","1 - CLEAR","HARLEY-DAVIDSON","FLSTSC (HARLEY-DAVIDSON)","2007","0","2 - WORN, DAMAGED"
"19513588","OUTSIDE CITY LIMITS","2023-04-22","1","1 - CLEAR","GMC","SIERRA (GMC)","2020","0","97 - NOT APPLICABLE"
"19513588","OUTSIDE CITY LIMITS","2023-04-22","1","1 - CLEAR","ALL OTHER MAKES","UNKNOWN (ALL OTHER MAKES)","2016","1","4 - WORN, UNK DAMAGE"
"19513825","OUTSIDE CITY LIMITS","2023-04-22","0","1 - CLEAR","SUZUKI","UNKNOWN (SUZUKI)","2012","0","99 - UNKNOWN IF WORN"
"19513825","OUTSIDE CITY LIMITS","2023-04-22","0","1 - CLEAR","FORD","EXPLORER SPORT TRAC (FORD)","2018","0","97 - NOT APPLICABLE"
"19513825","OUTSIDE CITY LIMITS","2023-04-22","0","1 - CLEAR","FORD","EXPLORER SPORT TRAC (FORD)","2018","0","97 - NOT APPLICABLE"
"19513825","OUTSIDE CITY LIMITS","2023-04-22","0","1 - CLEAR","FORD","EXPLORER SPORT TRAC (FORD)","2018","0","97 - NOT APPLICABLE"
"19513825","OUTSIDE CITY LIMITS","2023-04-22","0","1 - CLEAR","TOYOTA","TACOMA (TOYOTA)","2014","0","97 - NOT APPLICABLE"
"19514681","VINTON","2023-04-22","0","1 - CLEAR","HONDA","TRX420 (HONDA)","2015","0","1 - NOT WORN"
"19517027","OUTSIDE CITY LIMITS","2023-04-22","0","2 - CLOUDY","KAWASAKI","VN1500 (KAWASAKI)","2002","0","1 - NOT WORN"
"19508882","CORPUS CHRISTI","2023-04-23","0","1 - CLEAR","YAMAHA","UNKNOWN (YAMAHA)","2004","0","1 - NOT WORN"
"19508882","CORPUS CHRISTI","2023-04-23","0","1 - CLEAR","YAMAHA","UNKNOWN (YAMAHA)","2004","0","4 - WORN, UNK DAMAGE"
"19526967","OUTSIDE CITY LIMITS","2023-04-23","0","2 - CLOUDY","YAMAHA","MT09 (YAMAHA)","2019","0","2 - WORN, DAMAGED"
"19526967","OUTSIDE CITY LIMITS","2023-04-23","0","2 - CLOUDY","SATURN","L200 (SATURN)","2003","0","97 - NOT APPLICABLE"
"19526967","OUTSIDE CITY LIMITS","2023-04-23","0","2 - CLOUDY","SATURN","L200 (SATURN)","2003","0","97 - NOT APPLICABLE"
"19508382","GRAND PRAIRIE","2023-04-24","0","1 - CLEAR","YAMAHA","UNKNOWN (YAMAHA)","2017","0","2 - WORN, DAMAGED"
"19508645","SAN ANTONIO","2023-04-24","0","1 - CLEAR","HARLEY-DAVIDSON","UNKNOWN (HARLEY-DAVIDSON)","2014","0","4 - WORN, UNK DAMAGE"
"19509611","OUTSIDE CITY LIMITS","2023-04-24","0","1 - CLEAR","FORD","EDGE (FORD)","2008","0","97 - NOT APPLICABLE"
"19509611","OUTSIDE CITY LIMITS","2023-04-24","0","1 - CLEAR","HONDA","CBR600 (HONDA)","2003","0","2 - WORN, DAMAGED"
"19510232","OUTSIDE CITY LIMITS","2023-04-24","0","1 - CLEAR","HARLEY-DAVIDSON","FLHTK (HARLEY-DAVIDSON)","2017","0","1 - NOT WORN"
"19522024","OUTSIDE CITY LIMITS","2023-04-24","0","1 - CLEAR","HARLEY-DAVIDSON","UNKNOWN (HARLEY-DAVIDSON)","2005","0","2 - WORN, DAMAGED"
"19522024","OUTSIDE CITY LIMITS","2023-04-24","0","1 - CLEAR","FORD","F350 (FORD)","2019","0","97 - NOT APPLICABLE"
"19522024","OUTSIDE CITY LIMITS","2023-04-24","0","1 - CLEAR","FORD","F350 (FORD)","2019","0","97 - NOT APPLICABLE"
"19526430","OUTSIDE CITY LIMITS","2023-04-24","0","1 - CLEAR","HARLEY-DAVIDSON","FLHXS (HARLEY-DAVIDSON)","2017","0","2 - WORN, DAMAGED"
"19530486","SHERMAN","2023-04-24","1","1 - CLEAR","HARLEY-DAVIDSON","FXD (HARLEY-DAVIDSON)","2012","1","1 - NOT WORN"
"19510361","AMARILLO","2023-04-25","0","1 - CLEAR","HARLEY-DAVIDSON","UNKNOWN (HARLEY-DAVIDSON)","1996","0","1 - NOT WORN"
"19527250","OUTSIDE CITY LIMITS","2023-04-25","1","1 - CLEAR","GMC","YUKON (GMC)","2022","0","97 - NOT APPLICABLE"
"19527250","OUTSIDE CITY LIMITS","2023-04-25","1","1 - CLEAR","YAMAHA","XVS1300 (YAMAHA)","2013","1","3 - WORN, NOT DAMAGED"
"19552862","FORT WORTH","2023-04-25","1","2 - CLOUDY","CHEVROLET","CORVETTE (CHEVROLET)","2011","0","97 - NOT APPLICABLE"
"19552862","FORT WORTH","2023-04-25","1","2 - CLOUDY","CHEVROLET","CORVETTE (CHEVROLET)","2011","0","97 - NOT APPLICABLE"
"19552862","FORT WORTH","2023-04-25","1","2 - CLOUDY","OTHER (EXPLAIN IN NARRATIVE)","OTHER (EXPLAIN IN NARRATIVE) (OTHER (EXPLAIN IN NARRATIVE))","2007","1","1 - NOT WORN"
"19509837","DALLAS","2023-04-26","0","2 - CLOUDY","SUZUKI","GSX-R600 (SUZUKI)","2002","0","1 - NOT WORN"
"19509837","DALLAS","2023-04-26","0","2 - CLOUDY","MERCURY","GRAND MARQUIS (MERCURY)","2004","0","97 - NOT APPLICABLE"
"19511971","EL PASO","2023-04-26","0","1 - CLEAR","FREIGHTLINER","UNKNOWN (FREIGHTLINER)","2014","0","97 - NOT APPLICABLE"
"19511971","EL PASO","2023-04-26","0","1 - CLEAR","SUZUKI","GSX-R1000 (SUZUKI)","2006","0","4 - WORN, UNK DAMAGE"
"19512242","OUTSIDE CITY LIMITS","2023-04-26","0","2 - CLOUDY","HONDA","CBR600 (HONDA)","2016","0","2 - WORN, DAMAGED"
"19512242","OUTSIDE CITY LIMITS","2023-04-26","0","2 - CLOUDY","LEXUS","RX (LEXUS)","2021","0","97 - NOT APPLICABLE"
"19512544","OUTSIDE CITY LIMITS","2023-04-26","0","2 - CLOUDY","TRIUMPH MOTORCYCLE","SPEED TRIPLE (TRIUMPH MOTORCYCLE)","2010","0","2 - WORN, DAMAGED"
"19512544","OUTSIDE CITY LIMITS","2023-04-26","0","2 - CLOUDY","TOYOTA","COROLLA (TOYOTA)","2021","0","97 - NOT APPLICABLE"
"19515200","HOUSTON","2023-04-26","0","1 - CLEAR","UNKNOWN","UNKNOWN (UNKNOWN)","No Data","0","97 - NOT APPLICABLE"
"19515200","HOUSTON","2023-04-26","0","1 - CLEAR","HONDA","CMX250 (HONDA)","2022","0","3 - WORN, NOT DAMAGED"
"19523951","OUTSIDE CITY LIMITS","2023-04-26","0","1 - CLEAR","CAN-AM","RYKER (CAN-AM)","2020","0","1 - NOT WORN"
"19524004","OUTSIDE CITY LIMITS","2023-04-26","0","1 - CLEAR","FORD","F150 (FORD)","1993","0","97 - NOT APPLICABLE"
"19524004","OUTSIDE CITY LIMITS","2023-04-26","0","1 - CLEAR","KAWASAKI","EX500 (KAWASAKI)","2006","0","99 - UNKNOWN IF WORN"
"19524004","OUTSIDE CITY LIMITS","2023-04-26","0","1 - CLEAR","KAWASAKI","EX500 (KAWASAKI)","2006","0","1 - NOT WORN"
"19672012","FORT WORTH","2023-04-26","0","3 - RAIN","OTHER (EXPLAIN IN NARRATIVE)","OTHER (EXPLAIN IN NARRATIVE) (OTHER (EXPLAIN IN NARRATIVE))","2022","0","2 - WORN, DAMAGED"
"19672012","FORT WORTH","2023-04-26","0","3 - RAIN","TOYOTA","RAV4 (TOYOTA)","2021","0","97 - NOT APPLICABLE"
"19672012","FORT WORTH","2023-04-26","0","3 - RAIN","TOYOTA","RAV4 (TOYOTA)","2021","0","97 - NOT APPLICABLE"
"19672012","FORT WORTH","2023-04-26","0","3 - RAIN","TOYOTA","RAV4 (TOYOTA)","2021","0","97 - NOT APPLICABLE"
"19513989","WHITEHOUSE","2023-04-27","0","1 - CLEAR","SUBARU","LEGACY (SUBARU)","2017","0","97 - NOT APPLICABLE"
"19513989","WHITEHOUSE","2023-04-27","0","1 - CLEAR","HONDA","VTX1300 (HONDA)","2004","0","4 - WORN, UNK DAMAGE"
"19514154","DALLAS","2023-04-27","0","1 - CLEAR","NISSAN","ALTIMA (NISSAN)","2019","0","97 - NOT APPLICABLE"
"19514154","DALLAS","2023-04-27","0","1 - CLEAR","HARLEY-DAVIDSON","FLT (HARLEY-DAVIDSON)","2020","0","2 - WORN, DAMAGED"
"19514370","PORT ARTHUR","2023-04-27","0","3 - RAIN","YAMAHA","UNKNOWN (YAMAHA)","2016","0","2 - WORN, DAMAGED"
"19514370","PORT ARTHUR","2023-04-27","0","3 - RAIN","HONDA","ODYSSEY (HONDA)","2018","0","97 - NOT APPLICABLE"
"19514370","PORT ARTHUR","2023-04-27","0","3 - RAIN","HONDA","ODYSSEY (HONDA)","2018","0","97 - NOT APPLICABLE"
"19514370","PORT ARTHUR","2023-04-27","0","3 - RAIN","HONDA","ODYSSEY (HONDA)","2018","0","97 - NOT APPLICABLE"
"19515340","SAN ANTONIO","2023-04-27","0","1 - CLEAR","YAMAHA","UNKNOWN (YAMAHA)","2000","0","1 - NOT WORN"
"19515340","SAN ANTONIO","2023-04-27","0","1 - CLEAR","NISSAN","ALTIMA (NISSAN)","2017","0","97 - NOT APPLICABLE"
"19518479","CORPUS CHRISTI","2023-04-27","0","1 - CLEAR","TOYOTA","COROLLA (TOYOTA)","2015","0","97 - NOT APPLICABLE"
"19518479","CORPUS CHRISTI","2023-04-27","0","1 - CLEAR","SUZUKI","GSX (SUZUKI)","2022","0","2 - WORN, DAMAGED"
"19519414","OUTSIDE CITY LIMITS","2023-04-27","0","1 - CLEAR","KAWASAKI","VN1500 (KAWASAKI)","2006","0","1 - NOT WORN"
"19519850","OUTSIDE CITY LIMITS","2023-04-27","0","1 - CLEAR","YAMAHA","YZFR3 (YAMAHA)","2017","0","3 - WORN, NOT DAMAGED"
"19521710","BRYAN","2023-04-27","1","1 - CLEAR","KAWASAKI","ZX600 (KAWASAKI)","2023","1","2 - WORN, DAMAGED"
"19521710","BRYAN","2023-04-27","1","1 - CLEAR","CADILLAC","CTS (CADILLAC)","2008","0","97 - NOT APPLICABLE"
"19533428","PLAINVIEW","2023-04-27","0","1 - CLEAR","DODGE","RAM 1500 (DODGE)","2020","0","97 - NOT APPLICABLE"
"19533428","PLAINVIEW","2023-04-27","0","1 - CLEAR","HARLEY-DAVIDSON","XL1200 (HARLEY-DAVIDSON)","2005","0","1 - NOT WORN"
"19533467","OUTSIDE CITY LIMITS","2023-04-27","0","1 - CLEAR","HARLEY-DAVIDSON","FLHX (HARLEY-DAVIDSON)","2014","0","1 - NOT WORN"
"19533467","OUTSIDE CITY LIMITS","2023-04-27","0","1 - CLEAR","UNKNOWN","UNKNOWN (UNKNOWN)","No Data","0","97 - NOT APPLICABLE"
"19537526","COPPELL","2023-04-27","1","1 - CLEAR","TOYOTA","TACOMA (TOYOTA)","2017","0","97 - NOT APPLICABLE"
"19537526","COPPELL","2023-04-27","1","1 - CLEAR","YAMAHA","YZFR1 (YAMAHA)","2017","1","2 - WORN, DAMAGED"
"19514045","BRIDGE CITY","2023-04-28","0","1 - CLEAR","HONDA","CBR600 (HONDA)","2001","0","1 - NOT WORN"
"19515231","SAN ANTONIO","2023-04-28","0","1 - CLEAR","HONDA","UNKNOWN (HONDA)","2019","0","99 - UNKNOWN IF WORN"
"19515231","SAN ANTONIO","2023-04-28","0","1 - CLEAR","FORD","F250 (FORD)","2020","0","97 - NOT APPLICABLE"
"19515231","SAN ANTONIO","2023-04-28","0","1 - CLEAR","FORD","F250 (FORD)","2020","0","97 - NOT APPLICABLE"
"19515292","LAKE JACKSON","2023-04-28","0","2 - CLOUDY","YAMAHA","MT03 (YAMAHA)","2022","0","2 - WORN, DAMAGED"
"19515481","OUTSIDE CITY LIMITS","2023-04-28","1","1 - CLEAR","SUZUKI","GSX (SUZUKI)","2019","1","2 - WORN, DAMAGED"
"19519369","OUTSIDE CITY LIMITS","2023-04-28","1","2 - CLOUDY","SUZUKI","GSX1300 (SUZUKI)","2009","1","2 - WORN, DAMAGED"
"19527500","DALLAS","2023-04-28","0","1 - CLEAR","KAWASAKI","NINJA ZX (KAWASAKI)","2019","0","2 - WORN, DAMAGED"
"19530747","CONROE","2023-04-28","1","2 - CLOUDY","KAWASAKI","UNKNOWN (KAWASAKI)","2018","1","2 - WORN, DAMAGED"
"19530747","CONROE","2023-04-28","1","2 - CLOUDY","FORD","F650 (FORD)","2006","0","97 - NOT APPLICABLE"
"19537861","BURNET","2023-04-28","0","2 - CLOUDY","SUZUKI","UNKNOWN (SUZUKI)","2005","0","4 - WORN, UNK DAMAGE"
"19539158","DALLAS","2023-04-28","1","1 - CLEAR","KAWASAKI","EX400 (KAWASAKI)","2021","1","2 - WORN, DAMAGED"
"19551151","GUN BARREL CITY","2023-04-28","1","2 - CLOUDY","FORD","EDGE (FORD)","2017","0","97 - NOT APPLICABLE"
"19551151","GUN BARREL CITY","2023-04-28","1","2 - CLOUDY","FORD","EDGE (FORD)","2017","0","97 - NOT APPLICABLE"
"19551151","GUN BARREL CITY","2023-04-28","1","2 - CLOUDY","SUZUKI","GSX (SUZUKI)","2017","1","2 - WORN, DAMAGED"
"19551151","GUN BARREL CITY","2023-04-28","1","2 - CLOUDY","FREIGHTLINER","CASCADIA 113 (FREIGHTLINER)","1998","0","97 - NOT APPLICABLE"
"19555852","OUTSIDE CITY LIMITS","2023-04-28","0","2 - CLOUDY","HARLEY-DAVIDSON","FLH (HARLEY-DAVIDSON)","2023","0","3 - WORN, NOT DAMAGED"
"19555852","OUTSIDE CITY LIMITS","2023-04-28","0","2 - CLOUDY","HARLEY-DAVIDSON","FLH (HARLEY-DAVIDSON)","2023","0","3 - WORN, NOT DAMAGED"
"19562089","OUTSIDE CITY LIMITS","2023-04-28","0","1 - CLEAR","SUZUKI","UNKNOWN (SUZUKI)","2004","0","1 - NOT WORN"
"19517908","SAN ANTONIO","2023-04-29","0","1 - CLEAR","KAWASAKI","UNKNOWN (KAWASAKI)","2014","0","1 - NOT WORN"
"19517908","SAN ANTONIO","2023-04-29","0","1 - CLEAR","INTERNATIONAL","LT625 (INTERNATIONAL)","2020","0","97 - NOT APPLICABLE"
"19520626","OUTSIDE CITY LIMITS","2023-04-29","0","1 - CLEAR","HARLEY-DAVIDSON","UNKNOWN (HARLEY-DAVIDSON)","2008","0","1 - NOT WORN"
"19525144","OUTSIDE CITY LIMITS","2023-04-29","0","1 - CLEAR","HONDA","GL1500 (HONDA)","1999","0","2 - WORN, DAMAGED"
"19525922","GRAPEVINE","2023-04-29","0","1 - CLEAR","SUZUKI","GSX (SUZUKI)","2007","0","3 - WORN, NOT DAMAGED"
"19529184","ROCKWALL","2023-04-29","0","1 - CLEAR","HARLEY-DAVIDSON","FXD (HARLEY-DAVIDSON)","2007","0","1 - NOT WORN"
"19529184","ROCKWALL","2023-04-29","0","1 - CLEAR","HARLEY-DAVIDSON","FXD (HARLEY-DAVIDSON)","2007","0","1 - NOT WORN"
"19529184","ROCKWALL","2023-04-29","0","1 - CLEAR","No Data","No Data","No Data","0","97 - NOT APPLICABLE"
"19531504","OUTSIDE CITY LIMITS","2023-04-29","1","1 - CLEAR","ALL OTHER MAKES","UNKNOWN (ALL OTHER MAKES)","No Data","1","1 - NOT WORN"
"19532868","LUBBOCK","2023-04-29","1","1 - CLEAR","HARLEY-DAVIDSON","XL1200 (HARLEY-DAVIDSON)","2023","1","1 - NOT WORN"
"19538549","OUTSIDE CITY LIMITS","2023-04-29","1","1 - CLEAR","CADILLAC","ESCALADE (CADILLAC)","2015","0","97 - NOT APPLICABLE"
"19538549","OUTSIDE CITY LIMITS","2023-04-29","1","1 - CLEAR","SUZUKI","GSX (SUZUKI)","2003","1","2 - WORN, DAMAGED"
"19543958","NEW BRAUNFELS","2023-04-29","0","1 - CLEAR","KAWASAKI","ZX1100 (KAWASAKI)","2008","0","2 - WORN, DAMAGED"
"19547807","OUTSIDE CITY LIMITS","2023-04-29","0","1 - CLEAR","HARLEY-DAVIDSON","FLH (HARLEY-DAVIDSON)","2015","0","2 - WORN, DAMAGED"
"19611349","AMARILLO","2023-04-29","0","1 - CLEAR","HONDA","UNKNOWN (HONDA)","2016","0","2 - WORN, DAMAGED"
"19611349","AMARILLO","2023-04-29","0","1 - CLEAR","CHEVROLET","SILVERADO (CHEVROLET)","2007","0","97 - NOT APPLICABLE"
"19517637","OUTSIDE CITY LIMITS","2023-04-30","0","1 - CLEAR","HARLEY-DAVIDSON","FLHTI (HARLEY-DAVIDSON)","2006","0","1 - NOT WORN"
"19518123","SAN ANTONIO","2023-04-30","0","1 - CLEAR","LEXUS","NX (LEXUS)","2018","0","97 - NOT APPLICABLE"
"19518123","SAN ANTONIO","2023-04-30","0","1 - CLEAR","SUZUKI","DR-Z125 (SUZUKI)","2022","0","99 - UNKNOWN IF WORN"
"19518123","SAN ANTONIO","2023-04-30","0","1 - CLEAR","OTHER (EXPLAIN IN NARRATIVE)","OTHER (EXPLAIN IN NARRATIVE) (OTHER (EXPLAIN IN NARRATIVE))","2020","0","1 - NOT WORN"
"19518156","DENTON","2023-04-30","0","1 - CLEAR","HONDA","CBR600 (HONDA)","2003","0","2 - WORN, DAMAGED"
"19518156","DENTON","2023-04-30","0","1 - CLEAR","TOYOTA","PRIUS (TOYOTA)","2017","0","97 - NOT APPLICABLE"
"19518374","EL PASO","2023-04-30","1","1 - CLEAR","YAMAHA","YZF1000 (YAMAHA)","2016","1","2 - WORN, DAMAGED"
"19518456","AUSTIN","2023-04-30","0","1 - CLEAR","YAMAHA","UNKNOWN (YAMAHA)","2022","0","2 - WORN, DAMAGED"
"19518456","AUSTIN","2023-04-30","0","1 - CLEAR","FORD","EXPLORER (FORD)","2005","0","97 - NOT APPLICABLE"
"19518688","OUTSIDE CITY LIMITS","2023-04-30","0","1 - CLEAR","HARLEY-DAVIDSON","FLT (HARLEY-DAVIDSON)","2023","0","2 - WORN, DAMAGED"
"19518925","OUTSIDE CITY LIMITS","2023-04-30","1","1 - CLEAR","HARLEY-DAVIDSON","FXSTD (HARLEY-DAVIDSON)","2003","1","4 - WORN, UNK DAMAGE"
"19523202","HORIZON CITY","2023-04-30","0","1 - CLEAR","HONDA","CBR600 (HONDA)","2022","0","2 - WORN, DAMAGED"
"19525556","OUTSIDE CITY LIMITS","2023-04-30","1","1 - CLEAR","FORD","F350 (FORD)","2022","0","97 - NOT APPLICABLE"
"19525556","OUTSIDE CITY LIMITS","2023-04-30","1","1 - CLEAR","KAWASAKI","LZ1000 (KAWASAKI)","2017","1","2 - WORN, DAMAGED"
"19529657","HOUSTON","2023-04-30","0","1 - CLEAR","RAM","1500 (RAM)","2019","0","97 - NOT APPLICABLE"
"19529657","HOUSTON","2023-04-30","0","1 - CLEAR","RAM","1500 (RAM)","2019","0","97 - NOT APPLICABLE"
"19529657","HOUSTON","2023-04-30","0","1 - CLEAR","UNKNOWN","UNKNOWN (UNKNOWN)","No Data","0","1 - NOT WORN"
"19530220","SAN ANTONIO","2023-04-30","0","2 - CLOUDY","YAMAHA","YZF600 (YAMAHA)","2022","0","2 - WORN, DAMAGED"
"19530220","SAN ANTONIO","2023-04-30","0","2 - CLOUDY","KIA","SPORTAGE (KIA)","2008","0","97 - NOT APPLICABLE"
"19530376","PALMER","2023-04-30","0","1 - CLEAR","HARLEY-DAVIDSON","UNKNOWN (HARLEY-DAVIDSON)","2010","0","1 - NOT WORN"
"19530376","PALMER","2023-04-30","0","1 - CLEAR","VOLKSWAGEN","PASSAT (VOLKSWAGEN)","2014","0","97 - NOT APPLICABLE"
"19530376","PALMER","2023-04-30","0","1 - CLEAR","VOLKSWAGEN","PASSAT (VOLKSWAGEN)","2014","0","97 - NOT APPLICABLE"
"19532006","OUTSIDE CITY LIMITS","2023-04-30","0","1 - CLEAR","KTM","525 (KTM)","2005","0","2 - WORN, DAMAGED"
"19534035","OUTSIDE CITY LIMITS","2023-04-30","1","1 - CLEAR","HARLEY-DAVIDSON","FLSTF (HARLEY-DAVIDSON)","2017","1","1 - NOT WORN"
"19534035","OUTSIDE CITY LIMITS","2023-04-30","1","1 - CLEAR","HARLEY-DAVIDSON","XL1200 (HARLEY-DAVIDSON)","2007","0","1 - NOT WORN"
"19534035","OUTSIDE CITY LIMITS","2023-04-30","1","1 - CLEAR","NISSAN","SENTRA (NISSAN)","2015","0","97 - NOT APPLICABLE"
"19536733","DENTON","2023-04-30","1","1 - CLEAR","UNKNOWN","UNKNOWN (UNKNOWN)","No Data","0","97 - NOT APPLICABLE"
"19536733","DENTON","2023-04-30","1","1 - CLEAR","SUZUKI","GSX-R750 (SUZUKI)","2019","1","2 - WORN, DAMAGED"
"19536733","DENTON","2023-04-30","1","1 - CLEAR","NISSAN","ROGUE (NISSAN)","2017","0","97 - NOT APPLICABLE"
"19536733","DENTON","2023-04-30","1","1 - CLEAR","NISSAN","ROGUE (NISSAN)","2017","0","97 - NOT APPLICABLE"
"19536733","DENTON","2023-04-30","1","1 - CLEAR","NISSAN","ROGUE (NISSAN)","2017","0","97 - NOT APPLICABLE"
"19536733","DENTON","2023-04-30","1","1 - CLEAR","NISSAN","ROGUE (NISSAN)","2017","0","97 - NOT APPLICABLE"
"19536733","DENTON","2023-04-30","1","1 - CLEAR","NISSAN","ROGUE (NISSAN)","2017","0","97 - NOT APPLICABLE"
"19538234","OUTSIDE CITY LIMITS","2023-04-30","1","1 - CLEAR","OLDSMOBILE","88 (OLDSMOBILE)","1992","0","97 - NOT APPLICABLE"
"19538234","OUTSIDE CITY LIMITS","2023-04-30","1","1 - CLEAR","OLDSMOBILE","88 (OLDSMOBILE)","1992","1","97 - NOT APPLICABLE"
"19538234","OUTSIDE CITY LIMITS","2023-04-30","1","1 - CLEAR","OLDSMOBILE","88 (OLDSMOBILE)","1992","0","97 - NOT APPLICABLE"
"19538234","OUTSIDE CITY LIMITS","2023-04-30","1","1 - CLEAR","HARLEY-DAVIDSON","FLT (HARLEY-DAVIDSON)","2020","0","1 - NOT WORN"
"19544881","OUTSIDE CITY LIMITS","2023-04-30","0","1 - CLEAR","KAWASAKI","UNKNOWN (KAWASAKI)","2012","0","2 - WORN, DAMAGED"
"19546066","OUTSIDE CITY LIMITS","2023-04-30","1","1 - CLEAR","YAMAHA","FZ6 (YAMAHA)","2012","0","1 - NOT WORN"
"19546066","OUTSIDE CITY LIMITS","2023-04-30","1","1 - CLEAR","YAMAHA","FZ6 (YAMAHA)","2012","1","1 - NOT WORN"
"19552537","FORT WORTH","2023-04-30","1","1 - CLEAR","HONDA","CBR1000 (HONDA)","2007","1","1 - NOT WORN"
"19552537","FORT WORTH","2023-04-30","1","1 - CLEAR","TOYOTA","CAMRY (TOYOTA)","2014","0","97 - NOT APPLICABLE"
"19519952","OUTSIDE CITY LIMITS","2023-05-01","0","1 - CLEAR","CHEVROLET","S10 (CHEVROLET)","1992","0","97 - NOT APPLICABLE"
"19519952","OUTSIDE CITY LIMITS","2023-05-01","0","1 - CLEAR","BMW","F800 (BMW)","2009","0","2 - WORN, DAMAGED"
"19520904","SAN ANTONIO","2023-05-01","0","1 - CLEAR","KTM","690 (KTM)","2022","0","3 - WORN, NOT DAMAGED"
"19521717","TEXAS CITY","2023-05-01","0","1 - CLEAR","FORD","F150 (FORD)","2002","0","97 - NOT APPLICABLE"
"19521717","TEXAS CITY","2023-05-01","0","1 - CLEAR","FORD","F150 (FORD)","2002","0","97 - NOT APPLICABLE"
"19521717","TEXAS CITY","2023-05-01","0","1 - CLEAR","VICTORY MOTORCYCLES","UNKNOWN (VICTORY MOTORCYCLES)","2000","0","1 - NOT WORN"
"19522049","OUTSIDE CITY LIMITS","2023-05-01","0","1 - CLEAR","HONDA","HR-V (HONDA)","2019","0","97 - NOT APPLICABLE"
"19522049","OUTSIDE CITY LIMITS","2023-05-01","0","1 - CLEAR","HARLEY-DAVIDSON","FLT (HARLEY-DAVIDSON)","2017","0","3 - WORN, NOT DAMAGED"
"19522224","DALLAS","2023-05-01","0","1 - CLEAR","ALL OTHER MAKES","UNKNOWN (ALL OTHER MAKES)","2016","0","1 - NOT WORN"
"19522224","DALLAS","2023-05-01","0","1 - CLEAR","SPARTAN MOTORS","FIRETRUCK (SPARTAN MOTORS)","2014","0","97 - NOT APPLICABLE"
"19522224","DALLAS","2023-05-01","0","1 - CLEAR","SPARTAN MOTORS","FIRETRUCK (SPARTAN MOTORS)","2014","0","97 - NOT APPLICABLE"
"19522224","DALLAS","2023-05-01","0","1 - CLEAR","SPARTAN MOTORS","FIRETRUCK (SPARTAN MOTORS)","2014","0","97 - NOT APPLICABLE"
"19522224","DALLAS","2023-05-01","0","1 - CLEAR","SPARTAN MOTORS","FIRETRUCK (SPARTAN MOTORS)","2014","0","97 - NOT APPLICABLE"
"19523147","AUSTIN","2023-05-01","0","1 - CLEAR","TOYOTA","PRIUS (TOYOTA)","2010","0","97 - NOT APPLICABLE"
"19523147","AUSTIN","2023-05-01","0","1 - CLEAR","KAWASAKI","VULCAN 2000 (KAWASAKI)","2023","0","2 - WORN, DAMAGED"
"19523516","OUTSIDE CITY LIMITS","2023-05-01","0","1 - CLEAR","HARLEY-DAVIDSON","FLH (HARLEY-DAVIDSON)","2021","0","2 - WORN, DAMAGED"
"19523516","OUTSIDE CITY LIMITS","2023-05-01","0","1 - CLEAR","CHEVROLET","SILVERADO (CHEVROLET)","2009","0","97 - NOT APPLICABLE"
"19523516","OUTSIDE CITY LIMITS","2023-05-01","0","1 - CLEAR","CHEVROLET","SILVERADO (CHEVROLET)","2009","0","97 - NOT APPLICABLE"
"19528010","MCKINNEY","2023-05-01","0","1 - CLEAR","SUZUKI","GZ250 (SUZUKI)","2001","0","1 - NOT WORN"
"19532762","OUTSIDE CITY LIMITS","2023-05-01","0","1 - CLEAR","HARLEY-DAVIDSON","FLH (HARLEY-DAVIDSON)","2014","0","3 - WORN, NOT DAMAGED"
"19532762","OUTSIDE CITY LIMITS","2023-05-01","0","1 - CLEAR","HARLEY-DAVIDSON","FLH (HARLEY-DAVIDSON)","2014","0","3 - WORN, NOT DAMAGED"
"19533979","HOUSTON","2023-05-01","0","1 - CLEAR","DODGE","JOURNEY (DODGE)","2018","0","97 - NOT APPLICABLE"
"19533979","HOUSTON","2023-05-01","0","1 - CLEAR","DODGE","JOURNEY (DODGE)","2018","0","97 - NOT APPLICABLE"
"19533979","HOUSTON","2023-05-01","0","1 - CLEAR","DODGE","JOURNEY (DODGE)","2018","0","97 - NOT APPLICABLE"
"19533979","HOUSTON","2023-05-01","0","1 - CLEAR","DODGE","JOURNEY (DODGE)","2018","0","97 - NOT APPLICABLE"
"19533979","HOUSTON","2023-05-01","0","1 - CLEAR","YAMAHA","MJ50 (YAMAHA)","2017","0","3 - WORN, NOT DAMAGED"
"19533979","HOUSTON","2023-05-01","0","1 - CLEAR","YAMAHA","MJ50 (YAMAHA)","2017","0","4 - WORN, UNK DAMAGE"
"19539942","OUTSIDE CITY LIMITS","2023-05-01","0","1 - CLEAR","UNKNOWN","UNKNOWN (UNKNOWN)","No Data","0","97 - NOT APPLICABLE"
"19539942","OUTSIDE CITY LIMITS","2023-05-01","0","1 - CLEAR","KWIK-LOC","UNKNOWN (KWIK-LOC)","2002","0","2 - WORN, DAMAGED"
"19563443","SHENANDOAH","2023-05-01","1","1 - CLEAR","HARLEY-DAVIDSON","UNKNOWN (HARLEY-DAVIDSON)","2022","1","1 - NOT WORN"
"19620120","ROUND ROCK","2023-05-01","0","1 - CLEAR","KAWASAKI","UNKNOWN (KAWASAKI)","2017","0","4 - WORN, UNK DAMAGE"
"19620120","ROUND ROCK","2023-05-01","0","1 - CLEAR","TOYOTA","CAMRY (TOYOTA)","2023","0","97 - NOT APPLICABLE"
"19531603","OUTSIDE CITY LIMITS","2023-05-02","0","1 - CLEAR","HARLEY-DAVIDSON","UNKNOWN (HARLEY-DAVIDSON)","2012","0","99 - UNKNOWN IF WORN"
"19669034","HOUSTON","2023-05-02","1","1 - CLEAR","SUZUKI","GSX-R600 (SUZUKI)","2006","1","1 - NOT WORN"
"19669034","HOUSTON","2023-05-02","1","1 - CLEAR","MERCEDES-BENZ","GLA (MERCEDES-BENZ)","2018","0","97 - NOT APPLICABLE"
"19669034","HOUSTON","2023-05-02","1","1 - CLEAR","MERCEDES-BENZ","GLA (MERCEDES-BENZ)","2018","0","97 - NOT APPLICABLE"
"19669034","HOUSTON","2023-05-02","1","1 - CLEAR","MERCEDES-BENZ","GLA (MERCEDES-BENZ)","2018","0","97 - NOT APPLICABLE"
"19522970","MINERAL WELLS","2023-05-03","0","1 - CLEAR","TOYOTA","HIGHLANDER (TOYOTA)","2006","0","97 - NOT APPLICABLE"
"19522970","MINERAL WELLS","2023-05-03","0","1 - CLEAR","TOYOTA","HIGHLANDER (TOYOTA)","2006","0","97 - NOT APPLICABLE"
"19522970","MINERAL WELLS","2023-05-03","0","1 - CLEAR","CAN-AM","SPYDER ROADSTER (CAN-AM)","2014","0","4 - WORN, UNK DAMAGE"
"19524683","LUCAS","2023-05-03","0","1 - CLEAR","YAMAHA","TT-R110E (YAMAHA)","2019","0","1 - NOT WORN"
"19525308","AUSTIN","2023-05-03","0","1 - CLEAR","NISSAN","LEAF (NISSAN)","2018","0","97 - NOT APPLICABLE"
"19525308","AUSTIN","2023-05-03","0","1 - CLEAR","NISSAN","LEAF (NISSAN)","2018","0","97 - NOT APPLICABLE"
"19525308","AUSTIN","2023-05-03","0","1 - CLEAR","NISSAN","LEAF (NISSAN)","2018","0","97 - NOT APPLICABLE"
"19525308","AUSTIN","2023-05-03","0","1 - CLEAR","HARLEY-DAVIDSON","FLHTCU (HARLEY-DAVIDSON)","2012","0","1 - NOT WORN"
"19531065","OUTSIDE CITY LIMITS","2023-05-03","0","1 - CLEAR","JEEP","WRANGLER (JEEP)","2012","0","97 - NOT APPLICABLE"
"19531065","OUTSIDE CITY LIMITS","2023-05-03","0","1 - CLEAR","JEEP","WRANGLER (JEEP)","2012","0","97 - NOT APPLICABLE"
"19531065","OUTSIDE CITY LIMITS","2023-05-03","0","1 - CLEAR","SUZUKI","UNKNOWN (SUZUKI)","2002","0","2 - WORN, DAMAGED"
"19532901","ALLEN","2023-05-03","0","1 - CLEAR","FORD","EXPEDITION (FORD)","2022","0","97 - NOT APPLICABLE"
"19532901","ALLEN","2023-05-03","0","1 - CLEAR","KAWASAKI","EX400 (KAWASAKI)","2023","0","2 - WORN, DAMAGED"
"19532908","OUTSIDE CITY LIMITS","2023-05-03","0","1 - CLEAR","ALL OTHER MAKES","UNKNOWN (ALL OTHER MAKES)","2022","0","1 - NOT WORN"
"19533341","BAY CITY","2023-05-03","0","1 - CLEAR","HONDA","GL1800 (HONDA)","2007","0","2 - WORN, DAMAGED"
"19590747","HOUSTON","2023-05-03","0","1 - CLEAR","BMW","S 1000 (BMW)","2014","0","3 - WORN, NOT DAMAGED"
"19526420","IRVING","2023-05-04","0","1 - CLEAR","KAWASAKI","EX650 (KAWASAKI)","2021","0","2 - WORN, DAMAGED"
"19537505","OUTSIDE CITY LIMITS","2023-05-04","1","1 - CLEAR","SUZUKI","UNKNOWN (SUZUKI)","2000","1","1 - NOT WORN"
"19538024","OUTSIDE CITY LIMITS","2023-05-04","1","2 - CLOUDY","HARLEY-DAVIDSON","FLTR (HARLEY-DAVIDSON)","2021","1","1 - NOT WORN"
"19553817","TYLER","2023-05-04","0","1 - CLEAR","BMW","X3 (BMW)","2018","0","97 - NOT APPLICABLE"
"19553817","TYLER","2023-05-04","0","1 - CLEAR","BMW","G SERIES (BMW)","2023","0","2 - WORN, DAMAGED"
"19526735","OUTSIDE CITY LIMITS","2023-05-05","0","2 - CLOUDY","HONDA","NC750 (HONDA)","2014","0","3 - WORN, NOT DAMAGED"
"19527083","KILLEEN","2023-05-05","0","1 - CLEAR","SUZUKI","VL1500 (SUZUKI)","2001","0","1 - NOT WORN"
"19528314","SAN ANTONIO","2023-05-05","0","1 - CLEAR","TOYOTA","CAMRY (TOYOTA)","2009","0","97 - NOT APPLICABLE"
"19528314","SAN ANTONIO","2023-05-05","0","1 - CLEAR","ROYAL ENFIELD MOTORS","METEOR 350 (ROYAL ENFIELD MOTORS)","2023","0","2 - WORN, DAMAGED"
"19529257","LAKEWAY","2023-05-05","0","1 - CLEAR","TOYOTA","AVALON (TOYOTA)","2017","0","97 - NOT APPLICABLE"
"19529257","LAKEWAY","2023-05-05","0","1 - CLEAR","HARLEY-DAVIDSON","FLSTC (HARLEY-DAVIDSON)","2000","0","4 - WORN, UNK DAMAGE"
"19531398","OUTSIDE CITY LIMITS","2023-05-05","0","1 - CLEAR","SUZUKI","GSX-R1000 (SUZUKI)","2015","0","3 - WORN, NOT DAMAGED"
"19531398","OUTSIDE CITY LIMITS","2023-05-05","0","1 - CLEAR","SUZUKI","GSX-R1000 (SUZUKI)","2015","0","3 - WORN, NOT DAMAGED"
"19532437","DALLAS","2023-05-05","0","2 - CLOUDY","CHEVROLET","SILVERADO (CHEVROLET)","2022","0","97 - NOT APPLICABLE"
"19532437","DALLAS","2023-05-05","0","2 - CLOUDY","KAWASAKI","VN1700 (KAWASAKI)","2014","0","3 - WORN, NOT DAMAGED"
"19536039","FREDERICKSBURG","2023-05-05","0","1 - CLEAR","FORD","FUSION (FORD)","2008","0","97 - NOT APPLICABLE"
"19536039","FREDERICKSBURG","2023-05-05","0","1 - CLEAR","HARLEY-DAVIDSON","FLHX (HARLEY-DAVIDSON)","2019","0","3 - WORN, NOT DAMAGED"
"19538113","OUTSIDE CITY LIMITS","2023-05-05","0","1 - CLEAR","CHEVROLET","SILVERADO C1500 (CHEVROLET)","2018","0","97 - NOT APPLICABLE"
"19538113","OUTSIDE CITY LIMITS","2023-05-05","0","1 - CLEAR","HONDA","NC700X (HONDA)","2012","0","2 - WORN, DAMAGED"
"19546842","OUTSIDE CITY LIMITS","2023-05-05","0","1 - CLEAR","KTM","UNKNOWN (KTM)","2022","0","3 - WORN, NOT DAMAGED"
"19553192","OUTSIDE CITY LIMITS","2023-05-05","0","1 - CLEAR","HARLEY-DAVIDSON","FXDWG (HARLEY-DAVIDSON)","1998","0","99 - UNKNOWN IF WORN"
"19553192","OUTSIDE CITY LIMITS","2023-05-05","0","1 - CLEAR","DODGE","RAM 4500 (DODGE)","2018","0","97 - NOT APPLICABLE"
"19553192","OUTSIDE CITY LIMITS","2023-05-05","0","1 - CLEAR","DODGE","RAM 4500 (DODGE)","2018","0","97 - NOT APPLICABLE"
"19553192","OUTSIDE CITY LIMITS","2023-05-05","0","1 - CLEAR","DODGE","RAM 4500 (DODGE)","2018","0","97 - NOT APPLICABLE"
"19529866","OUTSIDE CITY LIMITS","2023-05-06","0","1 - CLEAR","YAMAHA","YZFR1 (YAMAHA)","2009","0","2 - WORN, DAMAGED"
"19533781","OUTSIDE CITY LIMITS","2023-05-06","0","1 - CLEAR","YAMAHA","YZFR1 (YAMAHA)","2012","0","1 - NOT WORN"
"19535470","OUTSIDE CITY LIMITS","2023-05-06","0","1 - CLEAR","HONDA","GL1800 (HONDA)","2009","0","3 - WORN, NOT DAMAGED"
"19535470","OUTSIDE CITY LIMITS","2023-05-06","0","1 - CLEAR","HONDA","GL1800 (HONDA)","2009","0","3 - WORN, NOT DAMAGED"
"19535470","OUTSIDE CITY LIMITS","2023-05-06","0","1 - CLEAR","HARLEY-DAVIDSON","FLHTK (HARLEY-DAVIDSON)","2016","0","3 - WORN, NOT DAMAGED"
"19535470","OUTSIDE CITY LIMITS","2023-05-06","0","1 - CLEAR","HARLEY-DAVIDSON","FLHTK (HARLEY-DAVIDSON)","2016","0","3 - WORN, NOT DAMAGED"
"19537413","LONGVIEW","2023-05-06","0","1 - CLEAR","HONDA","CRF450 (HONDA)","2022","0","1 - NOT WORN"
"19538035","HASLET","2023-05-06","0","1 - CLEAR","HARLEY-DAVIDSON","XLH (HARLEY-DAVIDSON)","2000","0","1 - NOT WORN"
"19541597","OUTSIDE CITY LIMITS","2023-05-06","0","2 - CLOUDY","KIA","SPORTAGE (KIA)","2016","0","97 - NOT APPLICABLE"
"19541597","OUTSIDE CITY LIMITS","2023-05-06","0","2 - CLOUDY","KAWASAKI","ZX600 (KAWASAKI)","2023","0","99 - UNKNOWN IF WORN"
"19542669","CEDAR HILL","2023-05-06","0","1 - CLEAR","DUCATI","HYPERMOTARD (DUCATI)","2018","0","1 - NOT WORN"
"19546260","EDINBURG","2023-05-06","0","1 - CLEAR","HARLEY-DAVIDSON","XLH (HARLEY-DAVIDSON)","1995","0","3 - WORN, NOT DAMAGED"
"19546260","EDINBURG","2023-05-06","0","1 - CLEAR","GMC","SIERRA (GMC)","No Data","0","97 - NOT APPLICABLE"
"19546918","OUTSIDE CITY LIMITS","2023-05-06","0","1 - CLEAR","HARLEY-DAVIDSON","FXS (HARLEY-DAVIDSON)","2013","0","3 - WORN, NOT DAMAGED"
"19549967","WEBSTER","2023-05-06","0","1 - CLEAR","HARLEY-DAVIDSON","XR1200 (HARLEY-DAVIDSON)","2008","0","1 - NOT WORN"
"19553124","BROWNSVILLE","2023-05-06","0","2 - CLOUDY","HAWKEYE","UNKNOWN (HAWKEYE)","2021","0","4 - WORN, UNK DAMAGE"
"19553124","BROWNSVILLE","2023-05-06","0","2 - CLOUDY","FORD","F150 (FORD)","2018","0","97 - NOT APPLICABLE"
"19569327","OUTSIDE CITY LIMITS","2023-05-06","0","1 - CLEAR","KAWASAKI","NINJA ZX (KAWASAKI)","2020","0","2 - WORN, DAMAGED"
"19569327","OUTSIDE CITY LIMITS","2023-05-06","0","1 - CLEAR","FORD","ESCAPE (FORD)","2014","0","97 - NOT APPLICABLE"
"19569327","OUTSIDE CITY LIMITS","2023-05-06","0","1 - CLEAR","FORD","ESCAPE (FORD)","2014","0","97 - NOT APPLICABLE"
"19530924","CONROE","2023-05-07","0","2 - CLOUDY","KAWASAKI","EX650 (KAWASAKI)","2022","0","3 - WORN, NOT DAMAGED"
"19530924","CONROE","2023-05-07","0","2 - CLOUDY","TOYOTA","RAV4 (TOYOTA)","2018","0","97 - NOT APPLICABLE"
"19530924","CONROE","2023-05-07","0","2 - CLOUDY","TOYOTA","RAV4 (TOYOTA)","2018","0","97 - NOT APPLICABLE"
"19532745","AUSTIN","2023-05-07","1","2 - CLOUDY","HARLEY-DAVIDSON","FLTRX (HARLEY-DAVIDSON)","2020","1","1 - NOT WORN"
"19532745","AUSTIN","2023-05-07","1","2 - CLOUDY","TOYOTA","HIGHLANDER (TOYOTA)","2017","0","97 - NOT APPLICABLE"
"19533866","OUTSIDE CITY LIMITS","2023-05-07","0","1 - CLEAR","TRIUMPH MOTORCYCLE","DAYTONA (TRIUMPH MOTORCYCLE)","2004","0","2 - WORN, DAMAGED"
"19533990","DALLAS","2023-05-07","0","2 - CLOUDY","KAWASAKI","UNKNOWN (KAWASAKI)","2006","0","1 - NOT WORN"
"19534498","SAN ANTONIO","2023-05-07","0","1 - CLEAR","NISSAN","SENTRA (NISSAN)","No Data","0","97 - NOT APPLICABLE"
"19534498","SAN ANTONIO","2023-05-07","0","1 - CLEAR","HARLEY-DAVIDSON","XR100 (HARLEY-DAVIDSON)","2003","0","3 - WORN, NOT DAMAGED"
"19534498","SAN ANTONIO","2023-05-07","0","1 - CLEAR","HARLEY-DAVIDSON","XR100 (HARLEY-DAVIDSON)","2003","0","3 - WORN, NOT DAMAGED"
"19536903","CASTLE HILLS","2023-05-07","0","1 - CLEAR","KAWASAKI","EX250 (KAWASAKI)","2010","0","1 - NOT WORN"
"19536903","CASTLE HILLS","2023-05-07","0","1 - CLEAR","NISSAN","SENTRA (NISSAN)","2019","0","97 - NOT APPLICABLE"
"19537279","STAFFORD","2023-05-07","0","1 - CLEAR","YAMAHA","MT07 (YAMAHA)","1980","0","1 - NOT WORN"
"19537893","ALLEN","2023-05-07","0","1 - CLEAR","YAMAHA","MT-01 (YAMAHA)","2022","0","1 - NOT WORN"
"19543309","SAN ELIZARIO","2023-05-07","0","1 - CLEAR","HARLEY-DAVIDSON","UNKNOWN (HARLEY-DAVIDSON)","2000","0","1 - NOT WORN"
"19547050","LAREDO","2023-05-07","1","1 - CLEAR","HONDA","CB650 (HONDA)","2018","1","1 - NOT WORN"
"19547050","LAREDO","2023-05-07","1","1 - CLEAR","HONDA","CB650 (HONDA)","2018","0","1 - NOT WORN"
"19553544","NEW BRAUNFELS","2023-05-07","0","1 - CLEAR","DODGE","RAM 1500 (DODGE)","2018","0","97 - NOT APPLICABLE"
"19553544","NEW BRAUNFELS","2023-05-07","0","1 - CLEAR","KAWASAKI","NINJA ZX (KAWASAKI)","2019","0","3 - WORN, NOT DAMAGED"
"19537372","BELLMEAD","2023-05-08","0","1 - CLEAR","CHEVROLET","SILVERADO C1500 (CHEVROLET)","2013","0","97 - NOT APPLICABLE"
"19537372","BELLMEAD","2023-05-08","0","1 - CLEAR","KAWASAKI","VULCAN 2000 (KAWASAKI)","2003","0","4 - WORN, UNK DAMAGE"
"19543591","OUTSIDE CITY LIMITS","2023-05-08","1","2 - CLOUDY","HINO","UNKNOWN (HINO)","2016","0","97 - NOT APPLICABLE"
"19543591","OUTSIDE CITY LIMITS","2023-05-08","1","2 - CLOUDY","HARLEY-DAVIDSON","FLTRX (HARLEY-DAVIDSON)","2015","1","1 - NOT WORN"
"19548728","OUTSIDE CITY LIMITS","2023-05-08","1","1 - CLEAR","DODGE","RAM 1500 (DODGE)","2012","0","97 - NOT APPLICABLE"
"19548728","OUTSIDE CITY LIMITS","2023-05-08","1","1 - CLEAR","YAMAHA","MT-01 (YAMAHA)","2022","1","3 - WORN, NOT DAMAGED"
"19555371","OUTSIDE CITY LIMITS","2023-05-08","0","1 - CLEAR","YAMAHA","MT09 (YAMAHA)","2005","0","1 - NOT WORN"
"19556518","OUTSIDE CITY LIMITS","2023-05-08","0","1 - CLEAR","HARLEY-DAVIDSON","FLHRSI (HARLEY-DAVIDSON)","2005","0","1 - NOT WORN"
"19534587","PLAINVIEW","2023-05-09","0","1 - CLEAR","YAMAHA","YZFR1M (YAMAHA)","2016","0","2 - WORN, DAMAGED"
"19537037","LEWISVILLE","2023-05-09","1","2 - CLOUDY","YAMAHA","XV1700 (YAMAHA)","2007","1","1 - NOT WORN"
"19537037","LEWISVILLE","2023-05-09","1","2 - CLOUDY","DODGE","RAM 1500 (DODGE)","2017","0","97 - NOT APPLICABLE"
"19539627","MCALLEN","2023-05-09","0","1 - CLEAR","CHEVROLET","SILVERADO (CHEVROLET)","2013","0","97 - NOT APPLICABLE"
"19539627","MCALLEN","2023-05-09","0","1 - CLEAR","BIG DOG","MASTIFF (BIG DOG)","2008","0","1 - NOT WORN"
"19540572","SNYDER","2023-05-09","0","1 - CLEAR","HARLEY-DAVIDSON","UNKNOWN (HARLEY-DAVIDSON)","2020","0","99 - UNKNOWN IF WORN"
"19548273","COMANCHE","2023-05-09","0","1 - CLEAR","KAWASAKI","EX650 (KAWASAKI)","2019","0","2 - WORN, DAMAGED"
"19548273","COMANCHE","2023-05-09","0","1 - CLEAR","TOYOTA","CAMRY (TOYOTA)","2011","0","97 - NOT APPLICABLE"
"19548273","COMANCHE","2023-05-09","0","1 - CLEAR","TOYOTA","CAMRY (TOYOTA)","2011","0","97 - NOT APPLICABLE"
"19538242","OUTSIDE CITY LIMITS","2023-05-10","0","1 - CLEAR","JEEP","WRANGLER (JEEP)","2020","0","97 - NOT APPLICABLE"
"19538242","OUTSIDE CITY LIMITS","2023-05-10","0","1 - CLEAR","CAN-AM","SPYDER ROADSTER (CAN-AM)","2019","0","2 - WORN, DAMAGED"
"19539285","KILLEEN","2023-05-10","0","1 - CLEAR","HONDA","VTX1300 (HONDA)","2007","0","4 - WORN, UNK DAMAGE"
"19539285","KILLEEN","2023-05-10","0","1 - CLEAR","TOYOTA","AVALON (TOYOTA)","2013","0","97 - NOT APPLICABLE"
"19539285","KILLEEN","2023-05-10","0","1 - CLEAR","TOYOTA","AVALON (TOYOTA)","2013","0","97 - NOT APPLICABLE"
"19541916","OUTSIDE CITY LIMITS","2023-05-10","0","1 - CLEAR","YAMAHA","UNKNOWN (YAMAHA)","2005","0","2 - WORN, DAMAGED"
"19541916","OUTSIDE CITY LIMITS","2023-05-10","0","1 - CLEAR","FORD","ESCAPE (FORD)","2013","0","97 - NOT APPLICABLE"
"19541916","OUTSIDE CITY LIMITS","2023-05-10","0","1 - CLEAR","FORD","ESCAPE (FORD)","2013","0","97 - NOT APPLICABLE"
"19546888","ALAMO HEIGHTS","2023-05-10","0","1 - CLEAR","TOYOTA","4RUNNER (TOYOTA)","2020","0","97 - NOT APPLICABLE"
"19546888","ALAMO HEIGHTS","2023-05-10","0","1 - CLEAR","HARLEY-DAVIDSON","FLSTF (HARLEY-DAVIDSON)","1997","0","1 - NOT WORN"
"19557733","DEL RIO","2023-05-10","0","1 - CLEAR","SUZUKI","GSX-R600 (SUZUKI)","2009","0","2 - WORN, DAMAGED"
"19569629","DALLAS","2023-05-10","0","1 - CLEAR","No Data","No Data","No Data","0","97 - NOT APPLICABLE"
"19569629","DALLAS","2023-05-10","0","1 - CLEAR","HONDA","GL1500 (HONDA)","1994","0","1 - NOT WORN"
"19538688","OUTSIDE CITY LIMITS","2023-05-11","0","2 - CLOUDY","TRIUMPH MOTORCYCLE","DAYTONA 675R (TRIUMPH MOTORCYCLE)","2012","0","2 - WORN, DAMAGED"
"19538688","OUTSIDE CITY LIMITS","2023-05-11","0","2 - CLOUDY","TOYOTA","C-HR (TOYOTA)","2021","0","97 - NOT APPLICABLE"
"19539288","KILLEEN","2023-05-11","0","1 - CLEAR","FORD","FUSION (FORD)","2010","0","97 - NOT APPLICABLE"
"19539288","KILLEEN","2023-05-11","0","1 - CLEAR","FORD","FUSION (FORD)","2010","0","97 - NOT APPLICABLE"
"19539288","KILLEEN","2023-05-11","0","1 - CLEAR","KAWASAKI","EX650 (KAWASAKI)","2007","0","2 - WORN, DAMAGED"
"19541262","PASADENA","2023-05-11","0","1 - CLEAR","HARLEY-DAVIDSON","FXRS (HARLEY-DAVIDSON)","2021","0","1 - NOT WORN"
"19541262","PASADENA","2023-05-11","0","1 - CLEAR","CHEVROLET","TAHOE (CHEVROLET)","2003","0","97 - NOT APPLICABLE"
"19544317","ROBSTOWN","2023-05-11","0","1 - CLEAR","HARLEY-DAVIDSON","XL1200 (HARLEY-DAVIDSON)","2016","0","1 - NOT WORN"
"19570380","DALLAS","2023-05-11","0","1 - CLEAR","CHEVROLET","COLORADO (CHEVROLET)","2015","0","97 - NOT APPLICABLE"
"19570380","DALLAS","2023-05-11","0","1 - CLEAR","OTHER (EXPLAIN IN NARRATIVE)","OTHER (EXPLAIN IN NARRATIVE) (OTHER (EXPLAIN IN NARRATIVE))","2021","0","1 - NOT WORN"
"19538972","SUGAR LAND","2023-05-12","0","1 - CLEAR","KAWASAKI","NINJA ZX (KAWASAKI)","2022","0","2 - WORN, DAMAGED"
"19540595","CORINTH (DENTON)","2023-05-12","0","1 - CLEAR","HARLEY-DAVIDSON","FLS (HARLEY-DAVIDSON)","2013","0","2 - WORN, DAMAGED"
"19540811","GEORGETOWN","2023-05-12","0","1 - CLEAR","HONDA","CBR1000 (HONDA)","2005","0","2 - WORN, DAMAGED"
"19540811","GEORGETOWN","2023-05-12","0","1 - CLEAR","FREIGHTLINER","UNKNOWN (FREIGHTLINER)","2020","0","97 - NOT APPLICABLE"
"19543131","TYLER","2023-05-12","0","2 - CLOUDY","HONDA","UNKNOWN (HONDA)","2002","0","1 - NOT WORN"
"19543605","HOUSTON","2023-05-12","0","1 - CLEAR","ALL OTHER MAKES","UNKNOWN (ALL OTHER MAKES)","2018","0","1 - NOT WORN"
"19543605","HOUSTON","2023-05-12","0","1 - CLEAR","No Data","No Data","No Data","0","97 - NOT APPLICABLE"
"19543934","BIG SPRING","2023-05-12","0","3 - RAIN","HARLEY-DAVIDSON","FLH (HARLEY-DAVIDSON)","2014","0","1 - NOT WORN"
"19544321","AMARILLO","2023-05-12","0","1 - CLEAR","HARLEY-DAVIDSON","UNKNOWN (HARLEY-DAVIDSON)","2019","0","2 - WORN, DAMAGED"
"19548625","DEL RIO","2023-05-12","0","2 - CLOUDY","HARLEY-DAVIDSON","XL1200 (HARLEY-DAVIDSON)","2019","0","3 - WORN, NOT DAMAGED"
"19552547","OUTSIDE CITY LIMITS","2023-05-12","1","1 - CLEAR","SUZUKI","GSX-R750 (SUZUKI)","2022","1","2 - WORN, DAMAGED"
"19552547","OUTSIDE CITY LIMITS","2023-05-12","1","1 - CLEAR","NISSAN","KICKS (NISSAN)","2022","0","97 - NOT APPLICABLE"
"19552547","OUTSIDE CITY LIMITS","2023-05-12","1","1 - CLEAR","JEEP","GRAND CHEROKEE (JEEP)","2022","0","97 - NOT APPLICABLE"
"19552547","OUTSIDE CITY LIMITS","2023-05-12","1","1 - CLEAR","JEEP","GRAND CHEROKEE (JEEP)","2022","0","97 - NOT APPLICABLE"
"19552547","OUTSIDE CITY LIMITS","2023-05-12","1","1 - CLEAR","JEEP","GRAND CHEROKEE (JEEP)","2022","0","97 - NOT APPLICABLE"
"19552547","OUTSIDE CITY LIMITS","2023-05-12","1","1 - CLEAR","JEEP","GRAND CHEROKEE (JEEP)","2022","0","97 - NOT APPLICABLE"
"19572106","FORT WORTH","2023-05-12","0","1 - CLEAR","KAWASAKI","EL250 (KAWASAKI)","2011","0","1 - NOT WORN"
"19572106","FORT WORTH","2023-05-12","0","1 - CLEAR","HYUNDAI","ELANTRA (HYUNDAI)","2017","0","97 - NOT APPLICABLE"
"19572106","FORT WORTH","2023-05-12","0","1 - CLEAR","HYUNDAI","ELANTRA (HYUNDAI)","2017","0","97 - NOT APPLICABLE"
"19572106","FORT WORTH","2023-05-12","0","1 - CLEAR","HYUNDAI","ELANTRA (HYUNDAI)","2017","0","97 - NOT APPLICABLE"
"19585860","OUTSIDE CITY LIMITS","2023-05-12","0","1 - CLEAR","No Data","No Data","No Data","0","97 - NOT APPLICABLE"
"19585860","OUTSIDE CITY LIMITS","2023-05-12","0","1 - CLEAR","HARLEY-DAVIDSON","FLTRXS (HARLEY-DAVIDSON)","2022","0","2 - WORN, DAMAGED"
"19585860","OUTSIDE CITY LIMITS","2023-05-12","0","1 - CLEAR","HARLEY-DAVIDSON","FLTRX (HARLEY-DAVIDSON)","2016","0","2 - WORN, DAMAGED"
"19585860","OUTSIDE CITY LIMITS","2023-05-12","0","1 - CLEAR","HARLEY-DAVIDSON","FLHTCU (HARLEY-DAVIDSON)","2019","0","2 - WORN, DAMAGED"
"19585860","OUTSIDE CITY LIMITS","2023-05-12","0","1 - CLEAR","HARLEY-DAVIDSON","FLHTCU (HARLEY-DAVIDSON)","2019","0","2 - WORN, DAMAGED"
"19542168","OUTSIDE CITY LIMITS","2023-05-13","0","2 - CLOUDY","YAMAHA","XVS650 (YAMAHA)","1998","0","3 - WORN, NOT DAMAGED"
"19542859","PALESTINE","2023-05-13","0","1 - CLEAR","HARLEY-DAVIDSON","FLH (HARLEY-DAVIDSON)","2015","0","2 - WORN, DAMAGED"
"19542859","PALESTINE","2023-05-13","0","1 - CLEAR","HARLEY-DAVIDSON","FLH (HARLEY-DAVIDSON)","2015","0","2 - WORN, DAMAGED"
"19546179","OUTSIDE CITY LIMITS","2023-05-13","0","1 - CLEAR","KAWASAKI","UNKNOWN (KAWASAKI)","2012","0","2 - WORN, DAMAGED"
"19548416","CEDAR PARK","2023-05-13","0","3 - RAIN","NISSAN","ROGUE (NISSAN)","2023","0","97 - NOT APPLICABLE"
"19548416","CEDAR PARK","2023-05-13","0","3 - RAIN","NISSAN","ROGUE (NISSAN)","2023","0","97 - NOT APPLICABLE"
"19548416","CEDAR PARK","2023-05-13","0","3 - RAIN","HARLEY-DAVIDSON","UNKNOWN (HARLEY-DAVIDSON)","1939","0","4 - WORN, UNK DAMAGE"
"19549482","HOUSTON","2023-05-13","0","1 - CLEAR","JAGUAR","XJL (JAGUAR)","2015","0","97 - NOT APPLICABLE"
"19549482","HOUSTON","2023-05-13","0","1 - CLEAR","HARLEY-DAVIDSON","FLHX (HARLEY-DAVIDSON)","2001","0","2 - WORN, DAMAGED"
"19550439","GARLAND","2023-05-13","0","1 - CLEAR","HONDA","CBR600 (HONDA)","2003","0","4 - WORN, UNK DAMAGE"
"19550602","CORPUS CHRISTI","2023-05-13","1","1 - CLEAR","YAMAHA","FZR600 (YAMAHA)","2006","1","2 - WORN, DAMAGED"
"19553770","MCKINNEY","2023-05-13","0","1 - CLEAR","YAMAHA","XVS650 (YAMAHA)","1998","0","2 - WORN, DAMAGED"
"19555488","SAN ANTONIO","2023-05-13","1","1 - CLEAR","HARLEY-DAVIDSON","FLT (HARLEY-DAVIDSON)","2013","1","2 - WORN, DAMAGED"
"19555488","SAN ANTONIO","2023-05-13","1","1 - CLEAR","NISSAN","SENTRA (NISSAN)","2015","0","97 - NOT APPLICABLE"
"19555488","SAN ANTONIO","2023-05-13","1","1 - CLEAR","NISSAN","SENTRA (NISSAN)","2015","0","97 - NOT APPLICABLE"
"19555488","SAN ANTONIO","2023-05-13","1","1 - CLEAR","NISSAN","SENTRA (NISSAN)","2015","0","97 - NOT APPLICABLE"
"19545422","EL PASO","2023-05-14","0","1 - CLEAR","HARLEY-DAVIDSON","FLH (HARLEY-DAVIDSON)","2003","0","1 - NOT WORN"
"19545422","EL PASO","2023-05-14","0","1 - CLEAR","KIA","OPTIMA (KIA)","2013","0","97 - NOT APPLICABLE"
"19545422","EL PASO","2023-05-14","0","1 - CLEAR","KIA","OPTIMA (KIA)","2013","0","97 - NOT APPLICABLE"
"19550283","CONROE","2023-05-14","0","1 - CLEAR","HONDA","CBR250 (HONDA)","2012","0","1 - NOT WORN"
"19550743","MIDLOTHIAN","2023-05-14","1","2 - CLOUDY","HARLEY-DAVIDSON","FLSTCI (HARLEY-DAVIDSON)","2005","1","1 - NOT WORN"
"19551602","MISSION","2023-05-14","0","1 - CLEAR","KAWASAKI","UNKNOWN (KAWASAKI)","2003","0","2 - WORN, DAMAGED"
"19554942","OUTSIDE CITY LIMITS","2023-05-14","0","1 - CLEAR","HARLEY-DAVIDSON","FLD (HARLEY-DAVIDSON)","2020","0","3 - WORN, NOT DAMAGED"
"19546822","THE COLONY","2023-05-15","0","2 - CLOUDY","YAMAHA","YZF600 (YAMAHA)","2016","0","2 - WORN, DAMAGED"
"19546999","OUTSIDE CITY LIMITS","2023-05-15","0","2 - CLOUDY","HONDA","CBR600 (HONDA)","2005","0","4 - WORN, UNK DAMAGE"
"19546999","OUTSIDE CITY LIMITS","2023-05-15","0","2 - CLOUDY","VOLVO","S60 (VOLVO)","2014","0","97 - NOT APPLICABLE"
"19546999","OUTSIDE CITY LIMITS","2023-05-15","0","2 - CLOUDY","VOLVO","S60 (VOLVO)","2014","0","97 - NOT APPLICABLE"
"19547221","OUTSIDE CITY LIMITS","2023-05-15","0","2 - CLOUDY","ACURA","3.5RL (ACURA)","2004","0","97 - NOT APPLICABLE"
"19547221","OUTSIDE CITY LIMITS","2023-05-15","0","2 - CLOUDY","ACURA","3.5RL (ACURA)","2004","0","97 - NOT APPLICABLE"
"19547221","OUTSIDE CITY LIMITS","2023-05-15","0","2 - CLOUDY","KAWASAKI","NINJA ZX (KAWASAKI)","2017","0","2 - WORN, DAMAGED"
"19547531","MARBLE FALLS","2023-05-15","0","1 - CLEAR","HONDA","VTX1300 (HONDA)","2008","0","2 - WORN, DAMAGED"
"19548166","OUTSIDE CITY LIMITS","2023-05-15","0","2 - CLOUDY","SUZUKI","GSX600 (SUZUKI)","2004","0","1 - NOT WORN"
"19548166","OUTSIDE CITY LIMITS","2023-05-15","0","2 - CLOUDY","SUZUKI","GSX600 (SUZUKI)","2004","0","2 - WORN, DAMAGED"
"19558611","WACO","2023-05-15","0","3 - RAIN","TOYOTA","TUNDRA (TOYOTA)","2014","0","97 - NOT APPLICABLE"
"19558611","WACO","2023-05-15","0","3 - RAIN","TOYOTA","TUNDRA (TOYOTA)","2014","0","97 - NOT APPLICABLE"
"19558611","WACO","2023-05-15","0","3 - RAIN","HONDA","CBR600 (HONDA)","2012","0","4 - WORN, UNK DAMAGE"
"19547697","ROANOKE","2023-05-16","0","1 - CLEAR","MAZDA","6 (MAZDA)","2017","0","97 - NOT APPLICABLE"
"19547697","ROANOKE","2023-05-16","0","1 - CLEAR","NISSAN","ALTIMA (NISSAN)","2013","0","97 - NOT APPLICABLE"
"19547697","ROANOKE","2023-05-16","0","1 - CLEAR","SUZUKI","GSX750 (SUZUKI)","2020","0","2 - WORN, DAMAGED"
"19550220","CORPUS CHRISTI","2023-05-16","0","1 - CLEAR","YAMAHA","XVS650 (YAMAHA)","2006","0","1 - NOT WORN"
"19550220","CORPUS CHRISTI","2023-05-16","0","1 - CLEAR","TOYOTA","HIGHLANDER (TOYOTA)","2019","0","97 - NOT APPLICABLE"
"19550220","CORPUS CHRISTI","2023-05-16","0","1 - CLEAR","TOYOTA","HIGHLANDER (TOYOTA)","2019","0","97 - NOT APPLICABLE"
"19550220","CORPUS CHRISTI","2023-05-16","0","1 - CLEAR","FORD","MUSTANG (FORD)","2008","0","97 - NOT APPLICABLE"
"19552708","MCALLEN","2023-05-16","0","1 - CLEAR","FORD","F150 (FORD)","2014","0","97 - NOT APPLICABLE"
"19552708","MCALLEN","2023-05-16","0","1 - CLEAR","HONDA","CBR600 (HONDA)","2022","0","4 - WORN, UNK DAMAGE"
"19555038","MCKINNEY","2023-05-16","0","1 - CLEAR","APRILIA","RSV4 (APRILIA)","2022","0","2 - WORN, DAMAGED"
"19555038","MCKINNEY","2023-05-16","0","1 - CLEAR","TOYOTA","4RUNNER (TOYOTA)","2021","0","97 - NOT APPLICABLE"
"19581809","HOUSTON","2023-05-16","0","1 - CLEAR","NISSAN","SENTRA (NISSAN)","2018","0","97 - NOT APPLICABLE"
"19581809","HOUSTON","2023-05-16","0","1 - CLEAR","BMW","R1200 (BMW)","2009","0","99 - UNKNOWN IF WORN"
"19595302","EDINBURG","2023-05-16","0","1 - CLEAR","DUCATI","PANIGALE (DUCATI)","2021","0","2 - WORN, DAMAGED"
"19623286","FORT WORTH","2023-05-16","0","1 - CLEAR","YAMAHA","MT-01 (YAMAHA)","2022","0","2 - WORN, DAMAGED"
"19623286","FORT WORTH","2023-05-16","0","1 - CLEAR","FORD","ECONOLINE (FORD)","2008","0","97 - NOT APPLICABLE"
"19549600","WACO","2023-05-17","0","1 - CLEAR","HARLEY-DAVIDSON","FLH (HARLEY-DAVIDSON)","2008","0","2 - WORN, DAMAGED"
"19550506","AUSTIN","2023-05-17","0","1 - CLEAR","HONDA","UNKNOWN (HONDA)","2005","0","2 - WORN, DAMAGED"
"19550506","AUSTIN","2023-05-17","0","1 - CLEAR","AUDI","A5 (AUDI)","2018","0","97 - NOT APPLICABLE"
"19551946","WACO","2023-05-17","0","1 - CLEAR","DODGE","CHALLENGER (DODGE)","2022","0","97 - NOT APPLICABLE"
"19551946","WACO","2023-05-17","0","1 - CLEAR","INDIAN MOTORCYCLE CO.","UNKNOWN (INDIAN MOTORCYCLE CO.)","2014","0","4 - WORN, UNK DAMAGE"
"19561105","DENTON","2023-05-17","0","1 - CLEAR","TOYOTA","TACOMA (TOYOTA)","2013","0","97 - NOT APPLICABLE"
"19561105","DENTON","2023-05-17","0","1 - CLEAR","HONDA","CX650 (HONDA)","1980","0","4 - WORN, UNK DAMAGE"
"19593919","COFFEE CITY","2023-05-17","0","1 - CLEAR","SUZUKI","DL1000 (SUZUKI)","1999","0","2 - WORN, DAMAGED"
"19598790","JOHNSON CITY","2023-05-17","1","1 - CLEAR","CHEVROLET","SILVERADO C2500 (CHEVROLET)","2006","0","97 - NOT APPLICABLE"
"19598790","JOHNSON CITY","2023-05-17","1","1 - CLEAR","HONDA","CBR600 (HONDA)","2005","1","2 - WORN, DAMAGED"
"19551867","DALLAS","2023-05-18","0","1 - CLEAR","AUDI","Q3 (AUDI)","2020","0","97 - NOT APPLICABLE"
"19551867","DALLAS","2023-05-18","0","1 - CLEAR","DUCATI","MONSTER (DUCATI)","2017","0","1 - NOT WORN"
"19553097","AUSTIN","2023-05-18","0","1 - CLEAR","SUZUKI","GSX (SUZUKI)","2023","0","2 - WORN, DAMAGED"
"19554479","OUTSIDE CITY LIMITS","2023-05-18","1","1 - CLEAR","BUELL","1125 (BUELL)","2004","1","2 - WORN, DAMAGED"
"19554479","OUTSIDE CITY LIMITS","2023-05-18","1","1 - CLEAR","CADILLAC","SRX (CADILLAC)","2013","0","97 - NOT APPLICABLE"
"19554479","OUTSIDE CITY LIMITS","2023-05-18","1","1 - CLEAR","CADILLAC","SRX (CADILLAC)","2013","0","97 - NOT APPLICABLE"
"19555453","DALLAS","2023-05-18","0","1 - CLEAR","CHEVROLET","TAHOE (CHEVROLET)","2007","0","97 - NOT APPLICABLE"
"19555453","DALLAS","2023-05-18","0","1 - CLEAR","HARLEY-DAVIDSON","FLRT (HARLEY-DAVIDSON)","2020","0","1 - NOT WORN"
"19555453","DALLAS","2023-05-18","0","1 - CLEAR","HARLEY-DAVIDSON","UNKNOWN (HARLEY-DAVIDSON)","2011","0","1 - NOT WORN"
"19561147","ARLINGTON","2023-05-18","0","1 - CLEAR","SUZUKI","GSX-R600 (SUZUKI)","2007","0","2 - WORN, DAMAGED"
"19576856","EDINBURG","2023-05-18","0","1 - CLEAR","HONDA","CBR500 (HONDA)","2016","0","2 - WORN, DAMAGED"
"19580778","DALLAS","2023-05-18","1","1 - CLEAR","HARLEY-DAVIDSON","FXDWGI (HARLEY-DAVIDSON)","2000","1","1 - NOT WORN"
"19580778","DALLAS","2023-05-18","1","1 - CLEAR","LEXUS","ES 350 (LEXUS)","2013","0","97 - NOT APPLICABLE"
"19554561","ABILENE","2023-05-19","0","1 - CLEAR","KAWASAKI","UNKNOWN (KAWASAKI)","2000","0","1 - NOT WORN"
"19554561","ABILENE","2023-05-19","0","1 - CLEAR","FORD","EDGE (FORD)","2017","0","97 - NOT APPLICABLE"
"19554561","ABILENE","2023-05-19","0","1 - CLEAR","FORD","EDGE (FORD)","2017","0","97 - NOT APPLICABLE"
"19554999","SAN ANTONIO","2023-05-19","0","1 - CLEAR","YAMAHA","YZF1000 (YAMAHA)","2011","0","2 - WORN, DAMAGED"
"19555235","PORT ARTHUR","2023-05-19","0","1 - CLEAR","DODGE","DURANGO (DODGE)","1999","0","97 - NOT APPLICABLE"
"19555235","PORT ARTHUR","2023-05-19","0","1 - CLEAR","DODGE","DURANGO (DODGE)","1999","0","97 - NOT APPLICABLE"
"19555235","PORT ARTHUR","2023-05-19","0","1 - CLEAR","DODGE","DURANGO (DODGE)","1999","0","97 - NOT APPLICABLE"
"19555235","PORT ARTHUR","2023-05-19","0","1 - CLEAR","UNKNOWN","UNKNOWN (UNKNOWN)","2021","0","1 - NOT WORN"
"19557121","OUTSIDE CITY LIMITS","2023-05-19","0","2 - CLOUDY","HARLEY-DAVIDSON","FLD (HARLEY-DAVIDSON)","2000","0","1 - NOT WORN"
"19563610","WICHITA FALLS","2023-05-19","0","1 - CLEAR","HARLEY-DAVIDSON","UNKNOWN (HARLEY-DAVIDSON)","2020","0","1 - NOT WORN"
"19567051","OUTSIDE CITY LIMITS","2023-05-19","0","2 - CLOUDY","YAMAHA","XV1100 (YAMAHA)","2009","0","1 - NOT WORN"
"19567190","OUTSIDE CITY LIMITS","2023-05-19","0","1 - CLEAR","HARLEY-DAVIDSON","FLH (HARLEY-DAVIDSON)","2011","0","1 - NOT WORN"
"19569600","OUTSIDE CITY LIMITS","2023-05-19","0","1 - CLEAR","DODGE","RAM 1500 (DODGE)","2014","0","97 - NOT APPLICABLE"
"19569600","OUTSIDE CITY LIMITS","2023-05-19","0","1 - CLEAR","HARLEY-DAVIDSON","FLTRK (HARLEY-DAVIDSON)","2022","0","2 - WORN, DAMAGED"
"19688886","FORT WORTH","2023-05-19","0","1 - CLEAR","HONDA","CIVIC (HONDA)","1994","0","97 - NOT APPLICABLE"
"19688886","FORT WORTH","2023-05-19","0","1 - CLEAR","HARLEY-DAVIDSON","FXDS (HARLEY-DAVIDSON)","2004","0","1 - NOT WORN"
"19555429","GEORGETOWN","2023-05-20","0","1 - CLEAR","BMW","320 (BMW)","2017","0","97 - NOT APPLICABLE"
"19555429","GEORGETOWN","2023-05-20","0","1 - CLEAR","SUZUKI","GSX-R600 (SUZUKI)","2008","0","2 - WORN, DAMAGED"
"19556546","HOUSTON","2023-05-20","0","2 - CLOUDY","CHEVROLET","SILVERADO C1500 (CHEVROLET)","1992","0","97 - NOT APPLICABLE"
"19556546","HOUSTON","2023-05-20","0","2 - CLOUDY","KAWASAKI","UNKNOWN (KAWASAKI)","2019","0","3 - WORN, NOT DAMAGED"
"19557695","OUTSIDE CITY LIMITS","2023-05-20","1","2 - CLOUDY","INDIAN MOTORCYCLE CO.","CHIEF (INDIAN MOTORCYCLE CO.)","2019","1","1 - NOT WORN"
"19558085","MANSFIELD","2023-05-20","0","1 - CLEAR","TRIUMPH CAR","UNKNOWN (TRIUMPH CAR)","2020","0","2 - WORN, DAMAGED"
"19558085","MANSFIELD","2023-05-20","0","1 - CLEAR","NISSAN","VERSA (NISSAN)","2016","0","97 - NOT APPLICABLE"
"19558205","AMARILLO","2023-05-20","0","1 - CLEAR","HONDA","VTX1300 (HONDA)","2005","0","2 - WORN, DAMAGED"
"19558251","OUTSIDE CITY LIMITS","2023-05-20","0","1 - CLEAR","FORD","F150 (FORD)","2003","0","97 - NOT APPLICABLE"
"19558251","OUTSIDE CITY LIMITS","2023-05-20","0","1 - CLEAR","HARLEY-DAVIDSON","FXLRS (HARLEY-DAVIDSON)","2022","0","2 - WORN, DAMAGED"
"19558251","OUTSIDE CITY LIMITS","2023-05-20","0","1 - CLEAR","HARLEY-DAVIDSON","FLSTC (HARLEY-DAVIDSON)","2016","0","3 - WORN, NOT DAMAGED"
"19559432","THE COLONY","2023-05-20","0","1 - CLEAR","FORD","ESCAPE (FORD)","2017","0","97 - NOT APPLICABLE"
"19559432","THE COLONY","2023-05-20","0","1 - CLEAR","YAMAHA","XV1000 (YAMAHA)","2009","0","1 - NOT WORN"
"19562570","DEL RIO","2023-05-20","0","1 - CLEAR","HONDA","VTX1800 (HONDA)","2002","0","1 - NOT WORN"
"19567180","OUTSIDE CITY LIMITS","2023-05-20","0","1 - CLEAR","HARLEY-DAVIDSON","FLHR (HARLEY-DAVIDSON)","2018","0","2 - WORN, DAMAGED"
"19567180","OUTSIDE CITY LIMITS","2023-05-20","0","1 - CLEAR","HARLEY-DAVIDSON","FLHR (HARLEY-DAVIDSON)","2018","0","4 - WORN, UNK DAMAGE"
"19583100","HOUSTON","2023-05-20","1","1 - CLEAR","HONDA","CB1000 (HONDA)","2018","1","2 - WORN, DAMAGED"
"19637312","PLANO","2023-05-20","1","1 - CLEAR","YAMAHA","XVS1300 (YAMAHA)","2007","1","1 - NOT WORN"
"19561774","LEWISVILLE","2023-05-21","1","1 - CLEAR","JEEP","COMPASS (JEEP)","2018","0","97 - NOT APPLICABLE"
"19561774","LEWISVILLE","2023-05-21","1","1 - CLEAR","HARLEY-DAVIDSON","FXDL (HARLEY-DAVIDSON)","2003","1","2 - WORN, DAMAGED"
"19564238","OUTSIDE CITY LIMITS","2023-05-21","1","1 - CLEAR","HARLEY-DAVIDSON","FLT (HARLEY-DAVIDSON)","2003","1","2 - WORN, DAMAGED"
"19565135","BRYAN","2023-05-21","0","1 - CLEAR","HONDA","VT750 (HONDA)","2014","0","2 - WORN, DAMAGED"
"19565135","BRYAN","2023-05-21","0","1 - CLEAR","CHEVROLET","C1500 SUBURBAN (CHEVROLET)","2000","0","97 - NOT APPLICABLE"
"19567558","HOUSTON","2023-05-21","0","2 - CLOUDY","UNKNOWN","UNKNOWN (UNKNOWN)","2020","0","1 - NOT WORN"
"19567558","HOUSTON","2023-05-21","0","2 - CLOUDY","UNKNOWN","UNKNOWN (UNKNOWN)","No Data","0","97 - NOT APPLICABLE"
"19574373","OUTSIDE CITY LIMITS","2023-05-21","1","1 - CLEAR","HARLEY-DAVIDSON","FLH (HARLEY-DAVIDSON)","2009","1","2 - WORN, DAMAGED"
"19581827","STEPHENVILLE","2023-05-21","0","1 - CLEAR","HONDA","CRF100 (HONDA)","2022","0","1 - NOT WORN"
"19559962","AUSTIN","2023-05-22","0","1 - CLEAR","HYUNDAI","ELANTRA (HYUNDAI)","2015","0","97 - NOT APPLICABLE"
"19559962","AUSTIN","2023-05-22","0","1 - CLEAR","TRIUMPH MOTORCYCLE","STREET TRIPLE (TRIUMPH MOTORCYCLE)","2023","0","3 - WORN, NOT DAMAGED"
"19561824","MANSFIELD","2023-05-22","0","2 - CLOUDY","KAWASAKI","ZG1000 (KAWASAKI)","2003","0","2 - WORN, DAMAGED"
"19562289","FORT WORTH","2023-05-22","0","1 - CLEAR","HONDA","MB50 (HONDA)","2022","0","1 - NOT WORN"
"19562289","FORT WORTH","2023-05-22","0","1 - CLEAR","CHEVROLET","SILVERADO C1500 (CHEVROLET)","2017","0","97 - NOT APPLICABLE"
"19563133","TYLER","2023-05-22","0","1 - CLEAR","YAMAHA","XVS1100 (YAMAHA)","2005","0","1 - NOT WORN"
"19563133","TYLER","2023-05-22","0","1 - CLEAR","CHEVROLET","CRUZE (CHEVROLET)","2016","0","97 - NOT APPLICABLE"
"19567361","OUTSIDE CITY LIMITS","2023-05-22","1","1 - CLEAR","HARLEY-DAVIDSON","UNKNOWN (HARLEY-DAVIDSON)","1976","1","1 - NOT WORN"
"19580687","MERCEDES","2023-05-22","1","1 - CLEAR","KAWASAKI","NINJA ZX (KAWASAKI)","2022","1","2 - WORN, DAMAGED"
"19587917","PHARR","2023-05-22","0","1 - CLEAR","FORD","F150 (FORD)","2004","0","97 - NOT APPLICABLE"
"19587917","PHARR","2023-05-22","0","1 - CLEAR","HARLEY-DAVIDSON","XL883 (HARLEY-DAVIDSON)","2022","0","4 - WORN, UNK DAMAGE"
"19649125","OUTSIDE CITY LIMITS","2023-05-22","0","1 - CLEAR","KAWASAKI","1600 (KAWASAKI)","2021","0","2 - WORN, DAMAGED"
"19649125","OUTSIDE CITY LIMITS","2023-05-22","0","1 - CLEAR","KAWASAKI","1600 (KAWASAKI)","2021","0","2 - WORN, DAMAGED"
"19562895","TYLER","2023-05-23","1","1 - CLEAR","DODGE","RAM 1500 (DODGE)","2005","0","97 - NOT APPLICABLE"
"19562895","TYLER","2023-05-23","1","1 - CLEAR","HONDA","VT600 (HONDA)","1999","1","1 - NOT WORN"
"19564009","SAN ANTONIO","2023-05-23","1","1 - CLEAR","HARLEY-DAVIDSON","UNKNOWN (HARLEY-DAVIDSON)","1982","1","1 - NOT WORN"
"19564009","SAN ANTONIO","2023-05-23","1","1 - CLEAR","NISSAN","ROGUE (NISSAN)","2016","0","97 - NOT APPLICABLE"
"19569321","WEBSTER","2023-05-23","0","1 - CLEAR","VOLVO","S60 (VOLVO)","2017","0","97 - NOT APPLICABLE"
"19569321","WEBSTER","2023-05-23","0","1 - CLEAR","HARLEY-DAVIDSON","FLH (HARLEY-DAVIDSON)","2022","0","3 - WORN, NOT DAMAGED"
"19572003","SAN MARCOS","2023-05-23","0","1 - CLEAR","VOLKSWAGEN","JETTA (VOLKSWAGEN)","2017","0","97 - NOT APPLICABLE"
"19572003","SAN MARCOS","2023-05-23","0","1 - CLEAR","HONDA","GROM (HONDA)","2017","0","2 - WORN, DAMAGED"
"19573014","GARLAND","2023-05-23","0","1 - CLEAR","KIA","OPTIMA (KIA)","2013","0","97 - NOT APPLICABLE"
"19573014","GARLAND","2023-05-23","0","1 - CLEAR","KIA","OPTIMA (KIA)","2013","0","97 - NOT APPLICABLE"
"19573014","GARLAND","2023-05-23","0","1 - CLEAR","SUZUKI","RM-Z450 (SUZUKI)","1992","0","1 - NOT WORN"
"19581184","OUTSIDE CITY LIMITS","2023-05-23","0","2 - CLOUDY","HONDA","CBR600 (HONDA)","2018","0","99 - UNKNOWN IF WORN"
"19581184","OUTSIDE CITY LIMITS","2023-05-23","0","2 - CLOUDY","RAM","1500 (RAM)","2022","0","97 - NOT APPLICABLE"
"19563102","NEW BRAUNFELS","2023-05-24","0","1 - CLEAR","KAWASAKI","VULCAN 2000 (KAWASAKI)","2007","0","4 - WORN, UNK DAMAGE"
"19566366","PORT ARANSAS","2023-05-24","0","1 - CLEAR","HARLEY-DAVIDSON","FLH (HARLEY-DAVIDSON)","2015","0","3 - WORN, NOT DAMAGED"
"19567309","GAINESVILLE","2023-05-24","1","1 - CLEAR","SUZUKI","UNKNOWN (SUZUKI)","2008","1","4 - WORN, UNK DAMAGE"
"19567309","GAINESVILLE","2023-05-24","1","1 - CLEAR","BUICK","ENVISION (BUICK)","2020","0","97 - NOT APPLICABLE"
"19574908","FRISCO","2023-05-24","1","1 - CLEAR","SUZUKI","GSX (SUZUKI)","2022","1","2 - WORN, DAMAGED"
"19574908","FRISCO","2023-05-24","1","1 - CLEAR","FORD","ECONOLINE (FORD)","2008","0","97 - NOT APPLICABLE"
"19574908","FRISCO","2023-05-24","1","1 - CLEAR","FORD","ECONOLINE (FORD)","2008","0","97 - NOT APPLICABLE"
"19577389","GRAND PRAIRIE","2023-05-24","0","1 - CLEAR","TOYOTA","COROLLA (TOYOTA)","2014","0","97 - NOT APPLICABLE"
"19577389","GRAND PRAIRIE","2023-05-24","0","1 - CLEAR","OTHER (EXPLAIN IN NARRATIVE)","OTHER (EXPLAIN IN NARRATIVE) (OTHER (EXPLAIN IN NARRATIVE))","2022","0","2 - WORN, DAMAGED"
"19613180","OUTSIDE CITY LIMITS","2023-05-24","1","1 - CLEAR","HONDA","ATC (HONDA)","2008","1","1 - NOT WORN"
"19565210","ODESSA","2023-05-25","0","1 - CLEAR","FORD","F150 (FORD)","2019","0","97 - NOT APPLICABLE"
"19565210","ODESSA","2023-05-25","0","1 - CLEAR","YAMAHA","XV1700 (YAMAHA)","2005","0","1 - NOT WORN"
"19566354","OUTSIDE CITY LIMITS","2023-05-25","0","1 - CLEAR","HARLEY-DAVIDSON","FLSL (HARLEY-DAVIDSON)","2020","0","1 - NOT WORN"
"19566354","OUTSIDE CITY LIMITS","2023-05-25","0","1 - CLEAR","FORD","EXPLORER (FORD)","2021","0","97 - NOT APPLICABLE"
"19566354","OUTSIDE CITY LIMITS","2023-05-25","0","1 - CLEAR","FORD","EXPLORER (FORD)","2021","0","97 - NOT APPLICABLE"
"19566799","SHERMAN","2023-05-25","0","1 - CLEAR","HARLEY-DAVIDSON","XL1200 (HARLEY-DAVIDSON)","2011","0","1 - NOT WORN"
"19566799","SHERMAN","2023-05-25","0","1 - CLEAR","AUDI","A-4 (AUDI)","2022","0","97 - NOT APPLICABLE"
"19567081","OUTSIDE CITY LIMITS","2023-05-25","0","1 - CLEAR","HONDA","VTX1800 (HONDA)","2003","0","3 - WORN, NOT DAMAGED"
"19567805","EL PASO","2023-05-25","2","1 - CLEAR","YAMAHA","YZFR6 (YAMAHA)","2008","1","2 - WORN, DAMAGED"
"19567805","EL PASO","2023-05-25","2","1 - CLEAR","YAMAHA","YZFR6 (YAMAHA)","2008","1","2 - WORN, DAMAGED"
"19567805","EL PASO","2023-05-25","2","1 - CLEAR","YAMAHA","YZFR7 (YAMAHA)","2022","0","2 - WORN, DAMAGED"
"19569318","OUTSIDE CITY LIMITS","2023-05-25","0","1 - CLEAR","HONDA","CBR600 (HONDA)","2018","0","2 - WORN, DAMAGED"
"19569318","OUTSIDE CITY LIMITS","2023-05-25","0","1 - CLEAR","FORD","EXPLORER SPORT TRAC (FORD)","2001","0","97 - NOT APPLICABLE"
"19570450","JACKSONVILLE","2023-05-25","0","1 - CLEAR","CHEVROLET","EXPRESS G2500 (CHEVROLET)","2015","0","97 - NOT APPLICABLE"
"19570450","JACKSONVILLE","2023-05-25","0","1 - CLEAR","HARLEY-DAVIDSON","FLSTSC (HARLEY-DAVIDSON)","2007","0","1 - NOT WORN"
"19574497","AUSTIN","2023-05-25","1","1 - CLEAR","BMW","UNKNOWN (BMW)","2007","1","2 - WORN, DAMAGED"
"19576838","OUTSIDE CITY LIMITS","2023-05-25","0","2 - CLOUDY","UNKNOWN","UNKNOWN (UNKNOWN)","No Data","0","1 - NOT WORN"
"19577162","GARLAND","2023-05-25","0","1 - CLEAR","HONDA","CX500 (HONDA)","2022","0","2 - WORN, DAMAGED"
"19578166","HOUSTON","2023-05-25","0","1 - CLEAR","HONDA","ADV150 (HONDA)","2007","0","1 - NOT WORN"
"19595986","OUTSIDE CITY LIMITS","2023-05-25","1","1 - CLEAR","HARLEY-DAVIDSON","XLH883 (HARLEY-DAVIDSON)","2007","1","2 - WORN, DAMAGED"
"19595986","OUTSIDE CITY LIMITS","2023-05-25","1","1 - CLEAR","PETERBILT","UNKNOWN (PETERBILT)","2013","0","97 - NOT APPLICABLE"
"19597388","OUTSIDE CITY LIMITS","2023-05-25","0","2 - CLOUDY","HONDA","RIDGELINE (HONDA)","2008","0","97 - NOT APPLICABLE"
"19597388","OUTSIDE CITY LIMITS","2023-05-25","0","2 - CLOUDY","HARLEY-DAVIDSON","UNKNOWN (HARLEY-DAVIDSON)","1984","0","1 - NOT WORN"
"19744699","FORT WORTH","2023-05-25","0","1 - CLEAR","KAWASAKI","UNKNOWN (KAWASAKI)","2018","0","2 - WORN, DAMAGED"
"19569757","SAN ANTONIO","2023-05-26","0","1 - CLEAR","No Data","No Data","No Data","0","97 - NOT APPLICABLE"
"19569757","SAN ANTONIO","2023-05-26","0","1 - CLEAR","YAMAHA","TTR50 (YAMAHA)","2023","0","99 - UNKNOWN IF WORN"
"19574567","AUSTIN","2023-05-26","1","1 - CLEAR","KAWASAKI","UNKNOWN (KAWASAKI)","2015","1","4 - WORN, UNK DAMAGE"
"19574878","DALLAS","2023-05-26","1","1 - CLEAR","HARLEY-DAVIDSON","UNKNOWN (HARLEY-DAVIDSON)","2017","1","2 - WORN, DAMAGED"
"19577335","OUTSIDE CITY LIMITS","2023-05-26","0","1 - CLEAR","HONDA","VTX1800 (HONDA)","2007","0","99 - UNKNOWN IF WORN"
"19584672","OUTSIDE CITY LIMITS","2023-05-26","0","1 - CLEAR","HARLEY-DAVIDSON","FLH (HARLEY-DAVIDSON)","2002","0","1 - NOT WORN"
"19584672","OUTSIDE CITY LIMITS","2023-05-26","0","1 - CLEAR","HARLEY-DAVIDSON","FLH (HARLEY-DAVIDSON)","2002","0","1 - NOT WORN"
"19591561","OUTSIDE CITY LIMITS","2023-05-26","1","1 - CLEAR","HONDA","GL1500 (HONDA)","1996","1","2 - WORN, DAMAGED"
"19591561","OUTSIDE CITY LIMITS","2023-05-26","1","1 - CLEAR","JEEP","RENEGADE (JEEP)","2017","0","97 - NOT APPLICABLE"
"19591561","OUTSIDE CITY LIMITS","2023-05-26","1","1 - CLEAR","JEEP","RENEGADE (JEEP)","2017","0","97 - NOT APPLICABLE"
"20136085","AUSTIN","2023-05-26","0","1 - CLEAR","HARLEY-DAVIDSON","FXD (HARLEY-DAVIDSON)","2011","0","1 - NOT WORN"
"20136085","AUSTIN","2023-05-26","0","1 - CLEAR","CHEVROLET","UNKNOWN (CHEVROLET)","1997","0","97 - NOT APPLICABLE"
"19569144","DONNA","2023-05-27","0","1 - CLEAR","UNKNOWN","UNKNOWN (UNKNOWN)","No Data","0","1 - NOT WORN"
"19569144","DONNA","2023-05-27","0","1 - CLEAR","NISSAN","SENTRA (NISSAN)","2015","0","97 - NOT APPLICABLE"
"19570878","DENTON","2023-05-27","0","1 - CLEAR","HOMEMADE VEHICLE","UNKNOWN (HOMEMADE VEHICLE)","No Data","0","1 - NOT WORN"
"19576471","OUTSIDE CITY LIMITS","2023-05-27","0","1 - CLEAR","SUZUKI","GSX (SUZUKI)","2006","0","2 - WORN, DAMAGED"
"19578624","PROSPER","2023-05-27","0","1 - CLEAR","SUZUKI","GSX (SUZUKI)","2007","0","3 - WORN, NOT DAMAGED"
"19579036","OUTSIDE CITY LIMITS","2023-05-27","0","2 - CLOUDY","HARLEY-DAVIDSON","UNKNOWN (HARLEY-DAVIDSON)","2007","0","1 - NOT WORN"
"19584358","OUTSIDE CITY LIMITS","2023-05-27","0","1 - CLEAR","HYOSUNG","GT250 (HYOSUNG)","2019","0","1 - NOT WORN"
"19585263","NOME","2023-05-27","0","1 - CLEAR","INDIAN MOTORCYCLE CO.","UNKNOWN (INDIAN MOTORCYCLE CO.)","2016","0","3 - WORN, NOT DAMAGED"
"19586785","OUTSIDE CITY LIMITS","2023-05-27","1","1 - CLEAR","BMW","R1250 (BMW)","2022","1","2 - WORN, DAMAGED"
"19597390","OUTSIDE CITY LIMITS","2023-05-27","0","1 - CLEAR","HARLEY-DAVIDSON","FLH (HARLEY-DAVIDSON)","2015","0","2 - WORN, DAMAGED"
"19597390","OUTSIDE CITY LIMITS","2023-05-27","0","1 - CLEAR","HARLEY-DAVIDSON","FLH (HARLEY-DAVIDSON)","2015","0","1 - NOT WORN"
"19599397","OUTSIDE CITY LIMITS","2023-05-27","0","2 - CLOUDY","YAMAHA","UNKNOWN (YAMAHA)","2006","0","99 - UNKNOWN IF WORN"
"19599397","OUTSIDE CITY LIMITS","2023-05-27","0","2 - CLOUDY","UNKNOWN","UNKNOWN (UNKNOWN)","No Data","0","99 - UNKNOWN IF WORN"
"19601366","LAGO VISTA","2023-05-27","1","1 - CLEAR","HARLEY-DAVIDSON","FLT (HARLEY-DAVIDSON)","2020","1","1 - NOT WORN"
"19615223","FORT WORTH","2023-05-27","0","1 - CLEAR","HARLEY-DAVIDSON","FLHXS (HARLEY-DAVIDSON)","2014","0","99 - UNKNOWN IF WORN"
"19569534","MISSOURI CITY","2023-05-28","0","1 - CLEAR","GMC","SIERRA C1500 (GMC)","2018","0","97 - NOT APPLICABLE"
"19569534","MISSOURI CITY","2023-05-28","0","1 - CLEAR","SUZUKI","GSX1300 (SUZUKI)","2006","0","2 - WORN, DAMAGED"
"19569810","GALVESTON","2023-05-28","0","1 - CLEAR","CHEVROLET","UNKNOWN (CHEVROLET)","No Data","0","97 - NOT APPLICABLE"
"19569810","GALVESTON","2023-05-28","0","1 - CLEAR","HARLEY-DAVIDSON","FLTRSE3 (HARLEY-DAVIDSON)","2012","0","1 - NOT WORN"
"19570787","FRUITVALE","2023-05-28","1","1 - CLEAR","HARLEY-DAVIDSON","VRSCA (HARLEY-DAVIDSON)","2008","1","1 - NOT WORN"
"19571518","OUTSIDE CITY LIMITS","2023-05-28","0","1 - CLEAR","JEEP","COMMANDER (JEEP)","2007","0","97 - NOT APPLICABLE"
"19571518","OUTSIDE CITY LIMITS","2023-05-28","0","1 - CLEAR","ALL OTHER MAKES","UNKNOWN (ALL OTHER MAKES)","2023","0","1 - NOT WORN"
"19571518","OUTSIDE CITY LIMITS","2023-05-28","0","1 - CLEAR","BMW","320I (BMW)","2015","0","97 - NOT APPLICABLE"
"19571927","WEATHERFORD","2023-05-28","0","1 - CLEAR","KTM","690 (KTM)","2018","0","2 - WORN, DAMAGED"
"19571927","WEATHERFORD","2023-05-28","0","1 - CLEAR","KTM","690 (KTM)","2018","0","2 - WORN, DAMAGED"
"19571927","WEATHERFORD","2023-05-28","0","1 - CLEAR","HONDA","CR-V (HONDA)","2019","0","97 - NOT APPLICABLE"
"19574780","AUSTIN","2023-05-28","0","1 - CLEAR","YAMAHA","XVS1300 (YAMAHA)","2007","0","4 - WORN, UNK DAMAGE"
"19574780","AUSTIN","2023-05-28","0","1 - CLEAR","HONDA","FIT (HONDA)","2017","0","97 - NOT APPLICABLE"
"19576286","DENTON","2023-05-28","0","1 - CLEAR","HARLEY-DAVIDSON","FLHTC (HARLEY-DAVIDSON)","2012","0","1 - NOT WORN"
"19576286","DENTON","2023-05-28","0","1 - CLEAR","HARLEY-DAVIDSON","FLHTC (HARLEY-DAVIDSON)","2012","0","1 - NOT WORN"
"19576286","DENTON","2023-05-28","0","1 - CLEAR","CHEVROLET","SILVERADO (CHEVROLET)","2020","0","97 - NOT APPLICABLE"
"19580201","OUTSIDE CITY LIMITS","2023-05-28","0","1 - CLEAR","HONDA","UNKNOWN (HONDA)","2006","0","2 - WORN, DAMAGED"
"19586054","OUTSIDE CITY LIMITS","2023-05-28","0","2 - CLOUDY","HARLEY-DAVIDSON","FLH (HARLEY-DAVIDSON)","2022","0","1 - NOT WORN"
"19588757","OUTSIDE CITY LIMITS","2023-05-28","0","1 - CLEAR","OTHER (EXPLAIN IN NARRATIVE)","OTHER (EXPLAIN IN NARRATIVE) (OTHER (EXPLAIN IN NARRATIVE))","No Data","0","1 - NOT WORN"
"19588757","OUTSIDE CITY LIMITS","2023-05-28","0","1 - CLEAR","OTHER (EXPLAIN IN NARRATIVE)","OTHER (EXPLAIN IN NARRATIVE) (OTHER (EXPLAIN IN NARRATIVE))","No Data","0","1 - NOT WORN"
"19589288","GALVESTON","2023-05-28","1","1 - CLEAR","APRILIA","RSV4 (APRILIA)","2015","1","2 - WORN, DAMAGED"
"19589288","GALVESTON","2023-05-28","1","1 - CLEAR","MERCEDES-BENZ","E350 (MERCEDES-BENZ)","2015","0","97 - NOT APPLICABLE"
"19589288","GALVESTON","2023-05-28","1","1 - CLEAR","MERCEDES-BENZ","E350 (MERCEDES-BENZ)","2015","0","97 - NOT APPLICABLE"
"19596256","EDINBURG","2023-05-28","0","1 - CLEAR","KAWASAKI","NINJA ZX (KAWASAKI)","2023","0","3 - WORN, NOT DAMAGED"
"19596256","EDINBURG","2023-05-28","0","1 - CLEAR","BUICK","ENCORE (BUICK)","2012","0","97 - NOT APPLICABLE"
"19596256","EDINBURG","2023-05-28","0","1 - CLEAR","BUICK","ENCORE (BUICK)","2012","0","97 - NOT APPLICABLE"
"19601528","FORT WORTH","2023-05-28","0","1 - CLEAR","ZERO MOTORCYCLES INC","SR (ZERO MOTORCYCLES INC)","2022","0","99 - UNKNOWN IF WORN"
"19570810","OUTSIDE CITY LIMITS","2023-05-29","0","2 - CLOUDY","HARLEY-DAVIDSON","FXR (HARLEY-DAVIDSON)","1991","0","1 - NOT WORN"
"19574913","AUSTIN","2023-05-29","0","1 - CLEAR","DODGE","RAM 2500 (DODGE)","2008","0","97 - NOT APPLICABLE"
"19574913","AUSTIN","2023-05-29","0","1 - CLEAR","SUZUKI","GSX600 (SUZUKI)","2003","0","2 - WORN, DAMAGED"
"19575018","WESLACO","2023-05-29","0","1 - CLEAR","LEXUS","IS (LEXUS)","2023","0","97 - NOT APPLICABLE"
"19575018","WESLACO","2023-05-29","0","1 - CLEAR","INDIAN MOTORCYCLE CO.","SCOUT (INDIAN MOTORCYCLE CO.)","2021","0","3 - WORN, NOT DAMAGED"
"19575236","COLLEGE STATION","2023-05-29","1","2 - CLOUDY","YAMAHA","YZFR3 (YAMAHA)","2018","1","2 - WORN, DAMAGED"
"19575246","COLLEGE STATION","2023-05-29","0","1 - CLEAR","HARLEY-DAVIDSON","FLS (HARLEY-DAVIDSON)","2011","0","2 - WORN, DAMAGED"
"19575246","COLLEGE STATION","2023-05-29","0","1 - CLEAR","HARLEY-DAVIDSON","FLS (HARLEY-DAVIDSON)","2011","0","2 - WORN, DAMAGED"
"19575978","EL PASO","2023-05-29","1","1 - CLEAR","HONDA","VTX1300 (HONDA)","2005","1","1 - NOT WORN"
"19576981","OUTSIDE CITY LIMITS","2023-05-29","0","1 - CLEAR","HYUNDAI","SANTA (HYUNDAI)","2023","0","97 - NOT APPLICABLE"
"19576981","OUTSIDE CITY LIMITS","2023-05-29","0","1 - CLEAR","HARLEY-DAVIDSON","UNKNOWN (HARLEY-DAVIDSON)","1997","0","99 - UNKNOWN IF WORN"
"19579386","GUN BARREL CITY","2023-05-29","0","1 - CLEAR","CHEVROLET","MALIBU (CHEVROLET)","2022","0","97 - NOT APPLICABLE"
"19579386","GUN BARREL CITY","2023-05-29","0","1 - CLEAR","HARLEY-DAVIDSON","XL1200 (HARLEY-DAVIDSON)","2011","0","2 - WORN, DAMAGED"
"19594823","OUTSIDE CITY LIMITS","2023-05-29","0","1 - CLEAR","HARLEY-DAVIDSON","FLTRK (HARLEY-DAVIDSON)","2018","0","99 - UNKNOWN IF WORN"
"19603083","FORT WORTH","2023-05-29","0","1 - CLEAR","NISSAN","KICKS (NISSAN)","2020","0","97 - NOT APPLICABLE"
"19603083","FORT WORTH","2023-05-29","0","1 - CLEAR","KAWASAKI","ZX1000 (KAWASAKI)","2008","0","4 - WORN, UNK DAMAGE"
"19611477","OUTSIDE CITY LIMITS","2023-05-29","0","1 - CLEAR","HARLEY-DAVIDSON","FLS (HARLEY-DAVIDSON)","2005","0","1 - NOT WORN"
"19611477","OUTSIDE CITY LIMITS","2023-05-29","0","1 - CLEAR","HARLEY-DAVIDSON","FLS (HARLEY-DAVIDSON)","2005","0","1 - NOT WORN"
"19611477","OUTSIDE CITY LIMITS","2023-05-29","0","1 - CLEAR","JOHN DEERE","UNKNOWN (JOHN DEERE)","2003","0","97 - NOT APPLICABLE"
"19574921","AUSTIN","2023-05-30","0","1 - CLEAR","TOYOTA","RAV4 (TOYOTA)","2019","0","97 - NOT APPLICABLE"
"19574921","AUSTIN","2023-05-30","0","1 - CLEAR","BMW","R1100 (BMW)","1997","0","1 - NOT WORN"
"19574921","AUSTIN","2023-05-30","0","1 - CLEAR","TOYOTA","RAV4 (TOYOTA)","2023","0","97 - NOT APPLICABLE"
"19574976","AUSTIN","2023-05-30","0","1 - CLEAR","TOYOTA","HIGHLANDER (TOYOTA)","2020","0","97 - NOT APPLICABLE"
"19574976","AUSTIN","2023-05-30","0","1 - CLEAR","KAWASAKI","UNKNOWN (KAWASAKI)","2017","0","2 - WORN, DAMAGED"
"19583424","GRAND PRAIRIE","2023-05-30","0","2 - CLOUDY","ACURA","MDX (ACURA)","No Data","0","97 - NOT APPLICABLE"
"19583424","GRAND PRAIRIE","2023-05-30","0","2 - CLOUDY","HONDA","CBR500 (HONDA)","2021","0","2 - WORN, DAMAGED"
"19585116","LUFKIN","2023-05-30","1","1 - CLEAR","HARLEY-DAVIDSON","XL883 (HARLEY-DAVIDSON)","2005","1","1 - NOT WORN"
"19585116","LUFKIN","2023-05-30","1","1 - CLEAR","CHEVROLET","EQUINOX (CHEVROLET)","2015","0","97 - NOT APPLICABLE"
"19585887","OUTSIDE CITY LIMITS","2023-05-30","0","1 - CLEAR","HONDA","GL1100 (HONDA)","2008","0","3 - WORN, NOT DAMAGED"
"19585887","OUTSIDE CITY LIMITS","2023-05-30","0","1 - CLEAR","KAWASAKI","VN1500 (KAWASAKI)","2018","0","3 - WORN, NOT DAMAGED"
"19591452","MCKINNEY","2023-05-30","0","1 - CLEAR","YAMAHA","YZFR1 (YAMAHA)","2014","0","4 - WORN, UNK DAMAGE"
"19591452","MCKINNEY","2023-05-30","0","1 - CLEAR","KIA","OPTIMA (KIA)","2014","0","97 - NOT APPLICABLE"
"19601231","OUTSIDE CITY LIMITS","2023-05-30","1","1 - CLEAR","SUZUKI","UNKNOWN (SUZUKI)","2006","1","1 - NOT WORN"
"19601231","OUTSIDE CITY LIMITS","2023-05-30","1","1 - CLEAR","CHEVROLET","SILVERADO C2500 (CHEVROLET)","2017","0","97 - NOT APPLICABLE"
"19576444","SAN ANTONIO","2023-05-31","0","2 - CLOUDY","HONDA","GL1100 (HONDA)","2013","0","2 - WORN, DAMAGED"
"19576444","SAN ANTONIO","2023-05-31","0","2 - CLOUDY","FORD","F250 (FORD)","1999","0","97 - NOT APPLICABLE"
"19576805","OUTSIDE CITY LIMITS","2023-05-31","0","1 - CLEAR","HARLEY-DAVIDSON","FLSTF (HARLEY-DAVIDSON)","2004","0","4 - WORN, UNK DAMAGE"
"19576973","CARROLLTON","2023-05-31","2","1 - CLEAR","APRILIA","RSV (APRILIA)","2016","1","2 - WORN, DAMAGED"
"19576973","CARROLLTON","2023-05-31","2","1 - CLEAR","CHEVROLET","SILVERADO (CHEVROLET)","2012","1","97 - NOT APPLICABLE"
"19577117","AUSTIN","2023-05-31","0","1 - CLEAR","KAWASAKI","EX650 (KAWASAKI)","2023","0","2 - WORN, DAMAGED"
"19577117","AUSTIN","2023-05-31","0","1 - CLEAR","BMW","X5 (BMW)","2021","0","97 - NOT APPLICABLE"
"19577117","AUSTIN","2023-05-31","0","1 - CLEAR","BMW","X5 (BMW)","2021","0","97 - NOT APPLICABLE"
"19577198","OUTSIDE CITY LIMITS","2023-05-31","0","1 - CLEAR","OTHER (EXPLAIN IN NARRATIVE)","OTHER (EXPLAIN IN NARRATIVE) (OTHER (EXPLAIN IN NARRATIVE))","2021","0","1 - NOT WORN"
"19577198","OUTSIDE CITY LIMITS","2023-05-31","0","1 - CLEAR","DODGE","RAM 1500 (DODGE)","2002","0","97 - NOT APPLICABLE"
"19577261","HALTOM CITY","2023-05-31","0","1 - CLEAR","SUZUKI","GSX-R1000 (SUZUKI)","2016","0","2 - WORN, DAMAGED"
"19577261","HALTOM CITY","2023-05-31","0","1 - CLEAR","RAM","3500 (RAM)","2016","0","97 - NOT APPLICABLE"
"19582443","OUTSIDE CITY LIMITS","2023-05-31","0","2 - CLOUDY","HARLEY-DAVIDSON","FLHX (HARLEY-DAVIDSON)","2007","0","1 - NOT WORN"
"19587964","OUTSIDE CITY LIMITS","2023-05-31","0","1 - CLEAR","KAWASAKI","VULCAN 2000 (KAWASAKI)","2006","0","2 - WORN, DAMAGED"
"19603666","OUTSIDE CITY LIMITS","2023-05-31","1","2 - CLOUDY","GMC","SIERRA (GMC)","2021","0","97 - NOT APPLICABLE"
"19603666","OUTSIDE CITY LIMITS","2023-05-31","1","2 - CLOUDY","GMC","SIERRA (GMC)","2021","0","97 - NOT APPLICABLE"
"19603666","OUTSIDE CITY LIMITS","2023-05-31","1","2 - CLOUDY","HARLEY-DAVIDSON","UNKNOWN (HARLEY-DAVIDSON)","2015","1","1 - NOT WORN"
"19578632","MESQUITE","2023-06-01","0","1 - CLEAR","HONDA","UNKNOWN (HONDA)","2022","0","1 - NOT WORN"
"19578915","GALVESTON","2023-06-01","0","1 - CLEAR","FORD","F250 (FORD)","2018","0","97 - NOT APPLICABLE"
"19578915","GALVESTON","2023-06-01","0","1 - CLEAR","VESPA","UNKNOWN (VESPA)","2018","0","1 - NOT WORN"
"19578930","HARKER HEIGHTS","2023-06-01","0","1 - CLEAR","KAWASAKI","ER650 (KAWASAKI)","2023","0","2 - WORN, DAMAGED"
"19585375","SAN ANTONIO","2023-06-01","1","1 - CLEAR","KAWASAKI","NINJA ZX (KAWASAKI)","2007","1","2 - WORN, DAMAGED"
"19585375","SAN ANTONIO","2023-06-01","1","1 - CLEAR","GMC","SIERRA C1500 (GMC)","2002","0","97 - NOT APPLICABLE"
"19595722","OUTSIDE CITY LIMITS","2023-06-01","1","1 - CLEAR","HARLEY-DAVIDSON","UNKNOWN (HARLEY-DAVIDSON)","2004","1","1 - NOT WORN"
"19595722","OUTSIDE CITY LIMITS","2023-06-01","1","1 - CLEAR","PETERBILT","UNKNOWN (PETERBILT)","2012","0","97 - NOT APPLICABLE"
"19595941","OUTSIDE CITY LIMITS","2023-06-01","0","2 - CLOUDY","YAMAHA","UNKNOWN (YAMAHA)","2009","0","3 - WORN, NOT DAMAGED"
"19600479","TYLER","2023-06-01","0","1 - CLEAR","HONDA","ACCORD (HONDA)","2012","0","97 - NOT APPLICABLE"
"19600479","TYLER","2023-06-01","0","1 - CLEAR","HARLEY-DAVIDSON","FLT (HARLEY-DAVIDSON)","2022","0","99 - UNKNOWN IF WORN"
"19613030","LAREDO","2023-06-01","0","1 - CLEAR","INDIAN MOTORCYCLE CO.","SCOUT (INDIAN MOTORCYCLE CO.)","2022","0","2 - WORN, DAMAGED"
"19701547","HOUSTON","2023-06-01","0","1 - CLEAR","FORD","TAURUS (FORD)","2013","0","97 - NOT APPLICABLE"
"19701547","HOUSTON","2023-06-01","0","1 - CLEAR","YAMAHA","YZ400 (YAMAHA)","No Data","0","1 - NOT WORN"
"19579734","GALVESTON","2023-06-02","0","1 - CLEAR","HONDA","CR-V (HONDA)","2007","0","97 - NOT APPLICABLE"
"19579734","GALVESTON","2023-06-02","0","1 - CLEAR","KAWASAKI","NINJA ZX (KAWASAKI)","2023","0","2 - WORN, DAMAGED"
"19580114","IRVING","2023-06-02","0","1 - CLEAR","YAMAHA","YZFR6 (YAMAHA)","2013","0","1 - NOT WORN"
"19583642","TEXARKANA","2023-06-02","0","1 - CLEAR","HONDA","CBR600 (HONDA)","2010","0","4 - WORN, UNK DAMAGE"
"19584368","OUTSIDE CITY LIMITS","2023-06-02","0","1 - CLEAR","TOYOTA","TACOMA (TOYOTA)","2017","0","97 - NOT APPLICABLE"
"19584368","OUTSIDE CITY LIMITS","2023-06-02","0","1 - CLEAR","TOYOTA","TACOMA (TOYOTA)","2017","0","97 - NOT APPLICABLE"
"19584368","OUTSIDE CITY LIMITS","2023-06-02","0","1 - CLEAR","HARLEY-DAVIDSON","FLT (HARLEY-DAVIDSON)","2016","0","1 - NOT WORN"
"19584368","OUTSIDE CITY LIMITS","2023-06-02","0","1 - CLEAR","HARLEY-DAVIDSON","FLT (HARLEY-DAVIDSON)","2017","0","99 - UNKNOWN IF WORN"
"19584368","OUTSIDE CITY LIMITS","2023-06-02","0","1 - CLEAR","FORD","EXPLORER (FORD)","2019","0","97 - NOT APPLICABLE"
"19584368","OUTSIDE CITY LIMITS","2023-06-02","0","1 - CLEAR","FORD","EXPLORER (FORD)","2019","0","97 - NOT APPLICABLE"
"19584711","ROUND ROCK","2023-06-02","1","1 - CLEAR","YAMAHA","UNKNOWN (YAMAHA)","2022","1","2 - WORN, DAMAGED"
"19584711","ROUND ROCK","2023-06-02","1","1 - CLEAR","CHEVROLET","EQUINOX (CHEVROLET)","2018","0","97 - NOT APPLICABLE"
"19587057","HOUSTON","2023-06-02","0","1 - CLEAR","NISSAN","ROGUE SPORT (NISSAN)","2020","0","97 - NOT APPLICABLE"
"19587057","HOUSTON","2023-06-02","0","1 - CLEAR","HONDA","CB500 (HONDA)","2015","0","2 - WORN, DAMAGED"
"19588549","OUTSIDE CITY LIMITS","2023-06-02","0","1 - CLEAR","DODGE","RAM 1500 (DODGE)","2009","0","97 - NOT APPLICABLE"
"19588549","OUTSIDE CITY LIMITS","2023-06-02","0","1 - CLEAR","DODGE","RAM 1500 (DODGE)","2009","0","97 - NOT APPLICABLE"
"19588549","OUTSIDE CITY LIMITS","2023-06-02","0","1 - CLEAR","HONDA","CBR1000 (HONDA)","2008","0","3 - WORN, NOT DAMAGED"
"19618796","NEW BRAUNFELS","2023-06-02","0","1 - CLEAR","HARLEY-DAVIDSON","UNKNOWN (HARLEY-DAVIDSON)","1985","0","2 - WORN, DAMAGED"
"19618796","NEW BRAUNFELS","2023-06-02","0","1 - CLEAR","FORD","F150 (FORD)","2005","0","97 - NOT APPLICABLE"
"19580813","OUTSIDE CITY LIMITS","2023-06-03","0","3 - RAIN","KAWASAKI","EX300 (KAWASAKI)","2014","0","2 - WORN, DAMAGED"
"19582244","OUTSIDE CITY LIMITS","2023-06-03","0","2 - CLOUDY","HONDA","VT750 (HONDA)","2001","0","1 - NOT WORN"
"19582306","HOUSTON","2023-06-03","0","1 - CLEAR","TOYOTA","COROLLA (TOYOTA)","2017","0","97 - NOT APPLICABLE"
"19582306","HOUSTON","2023-06-03","0","1 - CLEAR","KAWASAKI","NINJA ZX (KAWASAKI)","2016","0","4 - WORN, UNK DAMAGE"
"19583722","CARROLLTON","2023-06-03","0","2 - CLOUDY","HONDA","CMX500 (HONDA)","2021","0","2 - WORN, DAMAGED"
"19586127","CORPUS CHRISTI","2023-06-03","0","1 - CLEAR","SUZUKI","GSX-R600 (SUZUKI)","2004","0","2 - WORN, DAMAGED"
"19587031","SAN MARCOS","2023-06-03","0","1 - CLEAR","HONDA","PILOT (HONDA)","2023","0","97 - NOT APPLICABLE"
"19587031","SAN MARCOS","2023-06-03","0","1 - CLEAR","HARLEY-DAVIDSON","FLSTC (HARLEY-DAVIDSON)","2004","0","1 - NOT WORN"
"19587238","OUTSIDE CITY LIMITS","2023-06-03","1","1 - CLEAR","YAMAHA","XVS1300 (YAMAHA)","2012","1","3 - WORN, NOT DAMAGED"
"19588639","OUTSIDE CITY LIMITS","2023-06-03","0","1 - CLEAR","INDIAN MOTORCYCLE CO.","FTR (INDIAN MOTORCYCLE CO.)","2019","0","1 - NOT WORN"
"19590407","EL PASO","2023-06-03","0","1 - CLEAR","HARLEY-DAVIDSON","UNKNOWN (HARLEY-DAVIDSON)","2015","0","2 - WORN, DAMAGED"
"19592347","OUTSIDE CITY LIMITS","2023-06-03","1","1 - CLEAR","DUCATI","SUPERBIKE (DUCATI)","2017","1","2 - WORN, DAMAGED"
"19594850","GEORGETOWN","2023-06-03","0","1 - CLEAR","HARLEY-DAVIDSON","FLTR (HARLEY-DAVIDSON)","2007","0","3 - WORN, NOT DAMAGED"
"19594850","GEORGETOWN","2023-06-03","0","1 - CLEAR","HARLEY-DAVIDSON","FLTR (HARLEY-DAVIDSON)","2007","0","3 - WORN, NOT DAMAGED"
"19594902","OUTSIDE CITY LIMITS","2023-06-03","0","2 - CLOUDY","HARLEY-DAVIDSON","FLH (HARLEY-DAVIDSON)","2015","0","1 - NOT WORN"
"19598549","HOUSTON","2023-06-03","0","1 - CLEAR","HARLEY-DAVIDSON","UNKNOWN (HARLEY-DAVIDSON)","2009","0","3 - WORN, NOT DAMAGED"
"19598549","HOUSTON","2023-06-03","0","1 - CLEAR","TOYOTA","HIGHLANDER (TOYOTA)","2015","0","97 - NOT APPLICABLE"
"19598549","HOUSTON","2023-06-03","0","1 - CLEAR","TOYOTA","HIGHLANDER (TOYOTA)","2015","0","97 - NOT APPLICABLE"
"19599734","OUTSIDE CITY LIMITS","2023-06-03","0","1 - CLEAR","KAWASAKI","VULCAN 2000 (KAWASAKI)","2014","0","99 - UNKNOWN IF WORN"
"19604778","OUTSIDE CITY LIMITS","2023-06-03","0","1 - CLEAR","DUCATI","SUPERBIKE (DUCATI)","2011","0","3 - WORN, NOT DAMAGED"
"19619819","OUTSIDE CITY LIMITS","2023-06-03","0","1 - CLEAR","SUZUKI","GSX (SUZUKI)","2017","0","3 - WORN, NOT DAMAGED"
"19620786","FORT WORTH","2023-06-03","0","1 - CLEAR","VICTORY MOTORCYCLES","UNKNOWN (VICTORY MOTORCYCLES)","2016","0","99 - UNKNOWN IF WORN"
"19581646","BRYAN","2023-06-04","0","2 - CLOUDY","SUZUKI","GSX-R1000 (SUZUKI)","2007","0","2 - WORN, DAMAGED"
"19581646","BRYAN","2023-06-04","0","2 - CLOUDY","MERCURY","MARINER (MERCURY)","2008","0","97 - NOT APPLICABLE"
"19583383","LONGVIEW","2023-06-04","0","1 - CLEAR","HARLEY-DAVIDSON","FLH (HARLEY-DAVIDSON)","2019","0","1 - NOT WORN"
"19584138","DALLAS","2023-06-04","0","1 - CLEAR","HONDA","UNKNOWN (HONDA)","2015","0","1 - NOT WORN"
"19584138","DALLAS","2023-06-04","0","1 - CLEAR","JEEP","GRAND CHEROKEE (JEEP)","No Data","0","97 - NOT APPLICABLE"
"19584680","OUTSIDE CITY LIMITS","2023-06-04","0","2 - CLOUDY","KAWASAKI","ZX600 (KAWASAKI)","2023","0","2 - WORN, DAMAGED"
"19585869","SAN ANTONIO","2023-06-04","0","1 - CLEAR","HARLEY-DAVIDSON","FXS (HARLEY-DAVIDSON)","2001","0","4 - WORN, UNK DAMAGE"
"19592998","OUTSIDE CITY LIMITS","2023-06-04","0","1 - CLEAR","HONDA","VT600 (HONDA)","2004","0","1 - NOT WORN"
"19597790","FORT WORTH","2023-06-04","0","1 - CLEAR","HARLEY-DAVIDSON","FLHC (HARLEY-DAVIDSON)","2020","0","1 - NOT WORN"
"19597790","FORT WORTH","2023-06-04","0","1 - CLEAR","HARLEY-DAVIDSON","FLHC (HARLEY-DAVIDSON)","2020","0","2 - WORN, DAMAGED"
"19599256","OUTSIDE CITY LIMITS","2023-06-04","0","2 - CLOUDY","GENUINE SCOOTER CO.","UNKNOWN (GENUINE SCOOTER CO.)","2022","0","2 - WORN, DAMAGED"
"19599938","GREENVILLE","2023-06-04","0","1 - CLEAR","HARLEY-DAVIDSON","FLHTC (HARLEY-DAVIDSON)","2009","0","1 - NOT WORN"
"19636998","OUTSIDE CITY LIMITS","2023-06-04","1","1 - CLEAR","SUZUKI","UNKNOWN (SUZUKI)","2005","1","2 - WORN, DAMAGED"
"19636998","OUTSIDE CITY LIMITS","2023-06-04","1","1 - CLEAR","FORD","F150 (FORD)","2021","0","97 - NOT APPLICABLE"
"19584621","OUTSIDE CITY LIMITS","2023-06-05","0","1 - CLEAR","YAMAHA","YZ450 (YAMAHA)","2016","0","2 - WORN, DAMAGED"
"19584621","OUTSIDE CITY LIMITS","2023-06-05","0","1 - CLEAR","CHEVROLET","TRAVERSE (CHEVROLET)","2016","0","97 - NOT APPLICABLE"
"19584898","CROWLEY","2023-06-05","0","1 - CLEAR","HONDA","CR-V (HONDA)","2011","0","97 - NOT APPLICABLE"
"19584898","CROWLEY","2023-06-05","0","1 - CLEAR","HONDA","CR-V (HONDA)","2011","0","97 - NOT APPLICABLE"
"19584898","CROWLEY","2023-06-05","0","1 - CLEAR","YAMAHA","FZ09 (YAMAHA)","2014","0","2 - WORN, DAMAGED"
"19584941","KERRVILLE","2023-06-05","0","1 - CLEAR","SATURN","S SERIES (SATURN)","2004","0","97 - NOT APPLICABLE"
"19584941","KERRVILLE","2023-06-05","0","1 - CLEAR","SUZUKI","GSX (SUZUKI)","1990","0","2 - WORN, DAMAGED"
"19587019","CARROLLTON","2023-06-05","0","1 - CLEAR","HARLEY-DAVIDSON","XL1200 (HARLEY-DAVIDSON)","2008","0","2 - WORN, DAMAGED"
"19662164","FORT WORTH","2023-06-05","0","1 - CLEAR","KAWASAKI","ZX900 (KAWASAKI)","2002","0","1 - NOT WORN"
"19589434","PLANO","2023-06-06","0","2 - CLOUDY","KAWASAKI","NINJA ZX (KAWASAKI)","2019","0","4 - WORN, UNK DAMAGE"
"19589471","AUSTIN","2023-06-06","0","1 - CLEAR","TRIUMPH MOTORCYCLE","ADVENTURER (TRIUMPH MOTORCYCLE)","2023","0","3 - WORN, NOT DAMAGED"
"19589471","AUSTIN","2023-06-06","0","1 - CLEAR","GMC","C2500 (GMC)","2001","0","97 - NOT APPLICABLE"
"19589492","AUSTIN","2023-06-06","0","1 - CLEAR","SUZUKI","VL800 (SUZUKI)","2020","0","1 - NOT WORN"
"19589492","AUSTIN","2023-06-06","0","1 - CLEAR","HONDA","CR-V (HONDA)","2006","0","97 - NOT APPLICABLE"
"19591363","ARLINGTON","2023-06-06","0","1 - CLEAR","FORD","EDGE (FORD)","2012","0","97 - NOT APPLICABLE"
"19591363","ARLINGTON","2023-06-06","0","1 - CLEAR","FORD","EDGE (FORD)","2012","0","97 - NOT APPLICABLE"
"19591363","ARLINGTON","2023-06-06","0","1 - CLEAR","FORD","EDGE (FORD)","2012","0","97 - NOT APPLICABLE"
"19591363","ARLINGTON","2023-06-06","0","1 - CLEAR","HONDA","CB1000 (HONDA)","2015","0","2 - WORN, DAMAGED"
"19598796","OUTSIDE CITY LIMITS","2023-06-06","1","1 - CLEAR","NISSAN","ALTIMA (NISSAN)","2012","0","97 - NOT APPLICABLE"
"19598796","OUTSIDE CITY LIMITS","2023-06-06","1","1 - CLEAR","YAMAHA","UNKNOWN (YAMAHA)","2008","1","1 - NOT WORN"
"19604493","MANOR","2023-06-06","0","1 - CLEAR","KIA","OPTIMA (KIA)","2017","0","97 - NOT APPLICABLE"
"19604493","MANOR","2023-06-06","0","1 - CLEAR","KAWASAKI","UNKNOWN (KAWASAKI)","2022","0","1 - NOT WORN"
"19623902","OUTSIDE CITY LIMITS","2023-06-06","0","1 - CLEAR","HONDA","CBR600 (HONDA)","2007","0","4 - WORN, UNK DAMAGE"
"19623902","OUTSIDE CITY LIMITS","2023-06-06","0","1 - CLEAR","UNKNOWN","UNKNOWN (UNKNOWN)","No Data","0","97 - NOT APPLICABLE"
"19636023","OUTSIDE CITY LIMITS","2023-06-06","0","1 - CLEAR","HARLEY-DAVIDSON","FLHXS (HARLEY-DAVIDSON)","2017","0","2 - WORN, DAMAGED"
"19588594","ALLEN","2023-06-07","0","1 - CLEAR","HARLEY-DAVIDSON","FLTR (HARLEY-DAVIDSON)","2002","0","2 - WORN, DAMAGED"
"19588627","SAN ANTONIO","2023-06-07","0","1 - CLEAR","FREIGHTLINER","UNKNOWN (FREIGHTLINER)","2008","0","97 - NOT APPLICABLE"
"19588627","SAN ANTONIO","2023-06-07","0","1 - CLEAR","HARLEY-DAVIDSON","FXD (HARLEY-DAVIDSON)","2008","0","1 - NOT WORN"
"19590412","OUTSIDE CITY LIMITS","2023-06-07","0","2 - CLOUDY","HARLEY-DAVIDSON","FLHXS (HARLEY-DAVIDSON)","2021","0","2 - WORN, DAMAGED"
"19590412","OUTSIDE CITY LIMITS","2023-06-07","0","2 - CLOUDY","KIA","SORENTO (KIA)","2015","0","97 - NOT APPLICABLE"
"19590553","OUTSIDE CITY LIMITS","2023-06-07","0","1 - CLEAR","KAWASAKI","EX400 (KAWASAKI)","2023","0","4 - WORN, UNK DAMAGE"
"19590553","OUTSIDE CITY LIMITS","2023-06-07","0","1 - CLEAR","TOYOTA","VAN WAGON (TOYOTA)","2011","0","97 - NOT APPLICABLE"
"19591433","GRAHAM","2023-06-07","0","1 - CLEAR","FORD","F250 (FORD)","2013","0","97 - NOT APPLICABLE"
"19591433","GRAHAM","2023-06-07","0","1 - CLEAR","LOAD KING","UNKNOWN (LOAD KING)","2019","0","97 - NOT APPLICABLE"
"19591433","GRAHAM","2023-06-07","0","1 - CLEAR","HONDA","UNKNOWN (HONDA)","2003","0","2 - WORN, DAMAGED"
"19592285","EAGLE PASS","2023-06-07","0","1 - CLEAR","HONDA","HR-V (HONDA)","2022","0","97 - NOT APPLICABLE"
"19592285","EAGLE PASS","2023-06-07","0","1 - CLEAR","KAWASAKI","ZR900 (KAWASAKI)","2023","0","2 - WORN, DAMAGED"
"19609099","CARL'S CORNER","2023-06-07","0","1 - CLEAR","KTM","390 (KTM)","2022","0","3 - WORN, NOT DAMAGED"
"19616783","HOUSTON","2023-06-07","1","1 - CLEAR","KAWASAKI","NINJA ZX (KAWASAKI)","2012","1","2 - WORN, DAMAGED"
"19616783","HOUSTON","2023-06-07","1","1 - CLEAR","BMW","S 1000 (BMW)","2015","0","2 - WORN, DAMAGED"
"19616783","HOUSTON","2023-06-07","1","1 - CLEAR","KAWASAKI","NINJA ZX (KAWASAKI)","2014","0","2 - WORN, DAMAGED"
"19616783","HOUSTON","2023-06-07","1","1 - CLEAR","TRIUMPH CAR","UNKNOWN (TRIUMPH CAR)","2020","0","2 - WORN, DAMAGED"
"19639825","OUTSIDE CITY LIMITS","2023-06-07","0","1 - CLEAR","KAWASAKI","NINJA ZX (KAWASAKI)","2021","0","2 - WORN, DAMAGED"
"19590182","DENTON","2023-06-08","0","1 - CLEAR","SUZUKI","GSX-S1000 (SUZUKI)","2018","0","2 - WORN, DAMAGED"
"19590182","DENTON","2023-06-08","0","1 - CLEAR","HONDA","ODYSSEY (HONDA)","2023","0","97 - NOT APPLICABLE"
"19590182","DENTON","2023-06-08","0","1 - CLEAR","HONDA","ODYSSEY (HONDA)","2023","0","97 - NOT APPLICABLE"
"19590182","DENTON","2023-06-08","0","1 - CLEAR","HONDA","ODYSSEY (HONDA)","2023","0","97 - NOT APPLICABLE"
"19591792","AUSTIN","2023-06-08","0","1 - CLEAR","NISSAN","SENTRA (NISSAN)","2016","0","97 - NOT APPLICABLE"
"19591792","AUSTIN","2023-06-08","0","1 - CLEAR","HONDA","CBR300 (HONDA)","2018","0","2 - WORN, DAMAGED"
"19592551","KEMP","2023-06-08","0","1 - CLEAR","KIA","SEDONA (KIA)","2008","0","97 - NOT APPLICABLE"
"19592551","KEMP","2023-06-08","0","1 - CLEAR","CAN-AM","RYKER (CAN-AM)","2022","0","4 - WORN, UNK DAMAGE"
"19594984","AMARILLO","2023-06-08","0","1 - CLEAR","HARLEY-DAVIDSON","UNKNOWN (HARLEY-DAVIDSON)","2003","0","3 - WORN, NOT DAMAGED"
"19596260","OUTSIDE CITY LIMITS","2023-06-08","0","1 - CLEAR","KAWASAKI","UNKNOWN (KAWASAKI)","2000","0","2 - WORN, DAMAGED"
"19604515","HOUSTON","2023-06-08","0","1 - CLEAR","SUZUKI","SV650 (SUZUKI)","No Data","0","4 - WORN, UNK DAMAGE"
"19604754","OUTSIDE CITY LIMITS","2023-06-08","1","1 - CLEAR","HARLEY-DAVIDSON","UNKNOWN (HARLEY-DAVIDSON)","2017","1","1 - NOT WORN"
"19633913","HUDSON","2023-06-08","0","2 - CLOUDY","HARLEY-DAVIDSON","FLH (HARLEY-DAVIDSON)","2007","0","4 - WORN, UNK DAMAGE"
"19591697","OUTSIDE CITY LIMITS","2023-06-09","0","1 - CLEAR","KAWASAKI","VN900 (KAWASAKI)","2008","0","1 - NOT WORN"
"19591697","OUTSIDE CITY LIMITS","2023-06-09","0","1 - CLEAR","RAM","1500 (RAM)","2016","0","97 - NOT APPLICABLE"
"19592056","PALESTINE","2023-06-09","0","2 - CLOUDY","KAWASAKI","UNKNOWN (KAWASAKI)","2005","0","1 - NOT WORN"
"19592056","PALESTINE","2023-06-09","0","2 - CLOUDY","CHEVROLET","TAHOE (CHEVROLET)","2012","0","97 - NOT APPLICABLE"
"19593130","LAMPASAS","2023-06-09","0","1 - CLEAR","SUZUKI","DR-Z400 (SUZUKI)","2022","0","3 - WORN, NOT DAMAGED"
"19593391","SAN ANTONIO","2023-06-09","0","1 - CLEAR","YAMAHA","MT-01 (YAMAHA)","2020","0","2 - WORN, DAMAGED"
"19594389","OUTSIDE CITY LIMITS","2023-06-09","0","1 - CLEAR","YAMAHA","YZFR1 (YAMAHA)","2005","0","2 - WORN, DAMAGED"
"19594395","HOUSTON","2023-06-09","0","1 - CLEAR","HARLEY-DAVIDSON","UNKNOWN (HARLEY-DAVIDSON)","2011","0","4 - WORN, UNK DAMAGE"
"19594395","HOUSTON","2023-06-09","0","1 - CLEAR","HARLEY-DAVIDSON","UNKNOWN (HARLEY-DAVIDSON)","2011","0","4 - WORN, UNK DAMAGE"
"19594914","SHERMAN","2023-06-09","0","1 - CLEAR","HARLEY-DAVIDSON","UNKNOWN (HARLEY-DAVIDSON)","2006","0","2 - WORN, DAMAGED"
"19594914","SHERMAN","2023-06-09","0","1 - CLEAR","FORD","F250 (FORD)","2001","0","97 - NOT APPLICABLE"
"19594914","SHERMAN","2023-06-09","0","1 - CLEAR","FORD","F250 (FORD)","2001","0","97 - NOT APPLICABLE"
"19594914","SHERMAN","2023-06-09","0","1 - CLEAR","FORD","F250 (FORD)","2001","0","97 - NOT APPLICABLE"
"19595606","HALTOM CITY","2023-06-09","0","1 - CLEAR","DODGE","JOURNEY (DODGE)","2013","0","97 - NOT APPLICABLE"
"19595606","HALTOM CITY","2023-06-09","0","1 - CLEAR","DODGE","JOURNEY (DODGE)","2013","0","97 - NOT APPLICABLE"
"19595606","HALTOM CITY","2023-06-09","0","1 - CLEAR","HONDA","UNKNOWN (HONDA)","2002","0","2 - WORN, DAMAGED"
"19600202","ARLINGTON","2023-06-09","0","1 - CLEAR","KAWASAKI","EX400 (KAWASAKI)","2018","0","3 - WORN, NOT DAMAGED"
"19600202","ARLINGTON","2023-06-09","0","1 - CLEAR","FORD","TRANSIT (FORD)","2019","0","97 - NOT APPLICABLE"
"19603324","SULPHUR SPRINGS","2023-06-09","0","1 - CLEAR","HARLEY-DAVIDSON","FLH (HARLEY-DAVIDSON)","2000","0","1 - NOT WORN"
"19606466","BEAUMONT","2023-06-09","0","1 - CLEAR","HARLEY-DAVIDSON","FLT (HARLEY-DAVIDSON)","2022","0","2 - WORN, DAMAGED"
"19606466","BEAUMONT","2023-06-09","0","1 - CLEAR","TOYOTA","CAMRY (TOYOTA)","2009","0","97 - NOT APPLICABLE"
"19617375","OUTSIDE CITY LIMITS","2023-06-09","0","1 - CLEAR","AUDI","Q5 (AUDI)","2015","0","97 - NOT APPLICABLE"
"19617375","OUTSIDE CITY LIMITS","2023-06-09","0","1 - CLEAR","AUDI","Q5 (AUDI)","2015","0","97 - NOT APPLICABLE"
"19617375","OUTSIDE CITY LIMITS","2023-06-09","0","1 - CLEAR","DUCATI","PANIGALE (DUCATI)","2022","0","2 - WORN, DAMAGED"
"19593444","SAN ANTONIO","2023-06-10","1","1 - CLEAR","BMW","535 (BMW)","2008","0","97 - NOT APPLICABLE"
"19593444","SAN ANTONIO","2023-06-10","1","1 - CLEAR","KAWASAKI","EX400 (KAWASAKI)","2023","1","2 - WORN, DAMAGED"
"19593895","EL PASO","2023-06-10","0","1 - CLEAR","FORD","MUSTANG (FORD)","No Data","0","97 - NOT APPLICABLE"
"19593895","EL PASO","2023-06-10","0","1 - CLEAR","KAWASAKI","NINJA ZX (KAWASAKI)","2022","0","2 - WORN, DAMAGED"
"19593895","EL PASO","2023-06-10","0","1 - CLEAR","KAWASAKI","NINJA ZX (KAWASAKI)","2022","0","2 - WORN, DAMAGED"
"19594943","OUTSIDE CITY LIMITS","2023-06-10","0","1 - CLEAR","HARLEY-DAVIDSON","FLHXI (HARLEY-DAVIDSON)","2011","0","2 - WORN, DAMAGED"
"19595007","KILLEEN","2023-06-10","0","1 - CLEAR","UNKNOWN","UNKNOWN (UNKNOWN)","No Data","0","97 - NOT APPLICABLE"
"19595007","KILLEEN","2023-06-10","0","1 - CLEAR","YAMAHA","YFA1 (YAMAHA)","2002","0","1 - NOT WORN"
"19595007","KILLEEN","2023-06-10","0","1 - CLEAR","YAMAHA","YFA1 (YAMAHA)","2002","0","1 - NOT WORN"
"19595086","DALLAS","2023-06-10","0","1 - CLEAR","YAMAHA","MT-01 (YAMAHA)","2023","0","2 - WORN, DAMAGED"
"19595086","DALLAS","2023-06-10","0","1 - CLEAR","YAMAHA","MT-01 (YAMAHA)","2020","0","3 - WORN, NOT DAMAGED"
"19597661","HARLINGEN","2023-06-10","0","1 - CLEAR","HARLEY MURRAY INC","NOT APPLICABLE (HARLEY MURRAY INC)","2023","0","1 - NOT WORN"
"19597661","HARLINGEN","2023-06-10","0","1 - CLEAR","No Data","No Data","No Data","0","97 - NOT APPLICABLE"
"19601636","OUTSIDE CITY LIMITS","2023-06-10","1","1 - CLEAR","SUZUKI","GSX-R600 (SUZUKI)","2007","1","1 - NOT WORN"
"19601636","OUTSIDE CITY LIMITS","2023-06-10","1","1 - CLEAR","HONDA","CIVIC (HONDA)","2012","0","97 - NOT APPLICABLE"
"19603819","RICHARDSON","2023-06-10","1","1 - CLEAR","HONDA","VTX1300 (HONDA)","2006","1","2 - WORN, DAMAGED"
"19610247","OUTSIDE CITY LIMITS","2023-06-10","2","1 - CLEAR","NISSAN","TITAN (NISSAN)","2012","1","97 - NOT APPLICABLE"
"19610247","OUTSIDE CITY LIMITS","2023-06-10","2","1 - CLEAR","TOYOTA","PRIUS (TOYOTA)","2023","0","97 - NOT APPLICABLE"
"19610247","OUTSIDE CITY LIMITS","2023-06-10","2","1 - CLEAR","HARLEY-DAVIDSON","FLH (HARLEY-DAVIDSON)","2015","0","1 - NOT WORN"
"19610247","OUTSIDE CITY LIMITS","2023-06-10","2","1 - CLEAR","HARLEY-DAVIDSON","FLST (HARLEY-DAVIDSON)","2007","0","1 - NOT WORN"
"19610247","OUTSIDE CITY LIMITS","2023-06-10","2","1 - CLEAR","YAMAHA","XV1700 (YAMAHA)","2008","1","1 - NOT WORN"
"19610701","OUTSIDE CITY LIMITS","2023-06-10","0","1 - CLEAR","SUZUKI","GSX-R600 (SUZUKI)","2006","0","1 - NOT WORN"
"19616976","HOUSTON","2023-06-10","0","1 - CLEAR","HARLEY-DAVIDSON","VRSCA (HARLEY-DAVIDSON)","No Data","0","2 - WORN, DAMAGED"
"19616976","HOUSTON","2023-06-10","0","1 - CLEAR","HARLEY-DAVIDSON","VRSCA (HARLEY-DAVIDSON)","No Data","0","1 - NOT WORN"
"19616976","HOUSTON","2023-06-10","0","1 - CLEAR","HONDA","ACCORD (HONDA)","2017","0","97 - NOT APPLICABLE"
"19616976","HOUSTON","2023-06-10","0","1 - CLEAR","PORSCHE","PANAMERA (PORSCHE)","2023","0","97 - NOT APPLICABLE"
"19618532","WICHITA FALLS","2023-06-10","1","1 - CLEAR","HARLEY-DAVIDSON","UNKNOWN (HARLEY-DAVIDSON)","2013","1","1 - NOT WORN"
"19629566","OUTSIDE CITY LIMITS","2023-06-10","1","2 - CLOUDY","UNKNOWN","UNKNOWN (UNKNOWN)","No Data","1","1 - NOT WORN"
"19629566","OUTSIDE CITY LIMITS","2023-06-10","1","2 - CLOUDY","FORD","RANGER (FORD)","2011","0","97 - NOT APPLICABLE"
"19714647","SAN ANTONIO","2023-06-10","0","1 - CLEAR","YAMAHA","XVS65 (YAMAHA)","2007","0","1 - NOT WORN"
"19714647","SAN ANTONIO","2023-06-10","0","1 - CLEAR","HYUNDAI","SANTA FE (HYUNDAI)","2018","0","97 - NOT APPLICABLE"
"19594464","OUTSIDE CITY LIMITS","2023-06-11","0","1 - CLEAR","HARLEY-DAVIDSON","FLT (HARLEY-DAVIDSON)","2022","0","1 - NOT WORN"
"19594464","OUTSIDE CITY LIMITS","2023-06-11","0","1 - CLEAR","HARLEY-DAVIDSON","FLT (HARLEY-DAVIDSON)","2022","0","1 - NOT WORN"
"19594687","CANYON","2023-06-11","0","1 - CLEAR","HONDA","VT750 (HONDA)","2007","0","99 - UNKNOWN IF WORN"
"19597000","OUTSIDE CITY LIMITS","2023-06-11","0","1 - CLEAR","HARLEY-DAVIDSON","UNKNOWN (HARLEY-DAVIDSON)","1996","0","1 - NOT WORN"
"19597282","VICTORIA","2023-06-11","0","1 - CLEAR","HONDA","NPS50 (HONDA)","2020","0","1 - NOT WORN"
"19601544","GAINESVILLE","2023-06-11","0","1 - CLEAR","HARLEY-DAVIDSON","FLHTCUL (HARLEY-DAVIDSON)","2016","0","99 - UNKNOWN IF WORN"
"19606952","WILLIS","2023-06-11","0","1 - CLEAR","HONDA","CIVIC (HONDA)","2022","0","97 - NOT APPLICABLE"
"19606952","WILLIS","2023-06-11","0","1 - CLEAR","HONDA","CIVIC (HONDA)","2022","0","97 - NOT APPLICABLE"
"19606952","WILLIS","2023-06-11","0","1 - CLEAR","HONDA","VF700 (HONDA)","1984","0","1 - NOT WORN"
"19607681","OUTSIDE CITY LIMITS","2023-06-11","0","1 - CLEAR","KAWASAKI","KLX110 (KAWASAKI)","2019","0","1 - NOT WORN"
"19609102","OUTSIDE CITY LIMITS","2023-06-11","0","1 - CLEAR","HARLEY-DAVIDSON","UNKNOWN (HARLEY-DAVIDSON)","1998","0","1 - NOT WORN"
"19609102","OUTSIDE CITY LIMITS","2023-06-11","0","1 - CLEAR","HARLEY-DAVIDSON","FLS (HARLEY-DAVIDSON)","2019","0","1 - NOT WORN"
"19611262","OUTSIDE CITY LIMITS","2023-06-11","1","1 - CLEAR","FORD","F350 (FORD)","2019","0","97 - NOT APPLICABLE"
"19611262","OUTSIDE CITY LIMITS","2023-06-11","1","1 - CLEAR","FORD","F350 (FORD)","2019","0","97 - NOT APPLICABLE"
"19611262","OUTSIDE CITY LIMITS","2023-06-11","1","1 - CLEAR","KTM","1290 (KTM)","2018","1","2 - WORN, DAMAGED"
"19612872","OUTSIDE CITY LIMITS","2023-06-11","0","1 - CLEAR","SUZUKI","GSX-R750 (SUZUKI)","2014","0","2 - WORN, DAMAGED"
"19612872","OUTSIDE CITY LIMITS","2023-06-11","0","1 - CLEAR","SUZUKI","GSX-R750 (SUZUKI)","2014","0","3 - WORN, NOT DAMAGED"
"19627312","AUSTIN","2023-06-11","0","1 - CLEAR","DODGE","D-250 (DODGE)","2018","0","97 - NOT APPLICABLE"
"19627312","AUSTIN","2023-06-11","0","1 - CLEAR","KAWASAKI","1600 (KAWASAKI)","2015","0","2 - WORN, DAMAGED"
"19597884","GALVESTON","2023-06-12","0","1 - CLEAR","SUZUKI","UNKNOWN (SUZUKI)","2007","0","1 - NOT WORN"
"19598145","LAKE JACKSON","2023-06-12","0","1 - CLEAR","HONDA","ACCORD (HONDA)","2018","0","97 - NOT APPLICABLE"
"19598145","LAKE JACKSON","2023-06-12","0","1 - CLEAR","TRIUMPH MOTORCYCLE","SPEEDMASTER (TRIUMPH MOTORCYCLE)","2009","0","1 - NOT WORN"
"19598540","HOUSTON","2023-06-12","0","1 - CLEAR","SUZUKI","GSX (SUZUKI)","2004","0","2 - WORN, DAMAGED"
"19598688","OUTSIDE CITY LIMITS","2023-06-12","0","1 - CLEAR","SUZUKI","M50 (SUZUKI)","2008","0","4 - WORN, UNK DAMAGE"
"19598688","OUTSIDE CITY LIMITS","2023-06-12","0","1 - CLEAR","NISSAN","ALTIMA (NISSAN)","2008","0","97 - NOT APPLICABLE"
"19598757","SCHERTZ","2023-06-12","0","1 - CLEAR","NISSAN","SENTRA (NISSAN)","2019","0","97 - NOT APPLICABLE"
"19598757","SCHERTZ","2023-06-12","0","1 - CLEAR","NISSAN","SENTRA (NISSAN)","2019","0","97 - NOT APPLICABLE"
"19598757","SCHERTZ","2023-06-12","0","1 - CLEAR","NISSAN","SENTRA (NISSAN)","2019","0","97 - NOT APPLICABLE"
"19598757","SCHERTZ","2023-06-12","0","1 - CLEAR","HARLEY-DAVIDSON","FLFB (HARLEY-DAVIDSON)","1995","0","1 - NOT WORN"
"19599480","FRISCO","2023-06-12","0","1 - CLEAR","BMW","S 1000 (BMW)","2023","0","2 - WORN, DAMAGED"
"19599648","AUSTIN","2023-06-12","0","1 - CLEAR","SUZUKI","GSX (SUZUKI)","2005","0","2 - WORN, DAMAGED"
"19599648","AUSTIN","2023-06-12","0","1 - CLEAR","PETERBILT","UNKNOWN (PETERBILT)","2008","0","97 - NOT APPLICABLE"
"19599648","AUSTIN","2023-06-12","0","1 - CLEAR","HONDA","ACCORD (HONDA)","2015","0","97 - NOT APPLICABLE"
"19601996","OUTSIDE CITY LIMITS","2023-06-12","0","1 - CLEAR","HONDA","VT700 (HONDA)","2003","0","1 - NOT WORN"
"19608208","SAN ANTONIO","2023-06-12","1","1 - CLEAR","HARLEY-DAVIDSON","FLHRS (HARLEY-DAVIDSON)","1996","1","1 - NOT WORN"
"19611599","OUTSIDE CITY LIMITS","2023-06-12","0","1 - CLEAR","HARLEY-DAVIDSON","FXD (HARLEY-DAVIDSON)","2010","0","4 - WORN, UNK DAMAGE"
"19634390","FORT WORTH","2023-06-12","0","1 - CLEAR","ACURA","TL (ACURA)","2005","0","97 - NOT APPLICABLE"
"19634390","FORT WORTH","2023-06-12","0","1 - CLEAR","TRIUMPH MOTORCYCLE","ADVENTURER (TRIUMPH MOTORCYCLE)","2015","0","2 - WORN, DAMAGED"
"19605573","OUTSIDE CITY LIMITS","2023-06-13","0","1 - CLEAR","YAMAHA","XVS950 (YAMAHA)","2007","0","2 - WORN, DAMAGED"
"19605573","OUTSIDE CITY LIMITS","2023-06-13","0","1 - CLEAR","HONDA","CR-V (HONDA)","2016","0","97 - NOT APPLICABLE"
"19606419","LAGO VISTA","2023-06-13","1","1 - CLEAR","HONDA","CBR600 (HONDA)","2007","1","2 - WORN, DAMAGED"
"19606797","CONROE","2023-06-13","0","1 - CLEAR","YAMAHA","YZFR3 (YAMAHA)","2007","0","2 - WORN, DAMAGED"
"19607007","OUTSIDE CITY LIMITS","2023-06-13","0","3 - RAIN","HONDA","GROM (HONDA)","2023","0","4 - WORN, UNK DAMAGE"
"19633088","PASADENA","2023-06-13","0","1 - CLEAR","DODGE","RAM 3500 (DODGE)","2012","0","97 - NOT APPLICABLE"
"19633088","PASADENA","2023-06-13","0","1 - CLEAR","YAMAHA","YZFR6 (YAMAHA)","2009","0","2 - WORN, DAMAGED"
"19599686","AUSTIN","2023-06-14","1","1 - CLEAR","HONDA","ODYSSEY (HONDA)","2011","0","97 - NOT APPLICABLE"
"19599686","AUSTIN","2023-06-14","1","1 - CLEAR","YAMAHA","UNKNOWN (YAMAHA)","2007","1","2 - WORN, DAMAGED"
"19602065","GRAPEVINE","2023-06-14","0","1 - CLEAR","APRILIA","TUONO (APRILIA)","2021","0","2 - WORN, DAMAGED"
"19603082","AMARILLO","2023-06-14","0","1 - CLEAR","HONDA","CMX1100 (HONDA)","2021","0","2 - WORN, DAMAGED"
"19603082","AMARILLO","2023-06-14","0","1 - CLEAR","CHEVROLET","C1500 SUBURBAN (CHEVROLET)","2015","0","97 - NOT APPLICABLE"
"19603082","AMARILLO","2023-06-14","0","1 - CLEAR","CHEVROLET","C1500 SUBURBAN (CHEVROLET)","2015","0","97 - NOT APPLICABLE"
"19603082","AMARILLO","2023-06-14","0","1 - CLEAR","CHEVROLET","C1500 SUBURBAN (CHEVROLET)","2015","0","97 - NOT APPLICABLE"
"19603082","AMARILLO","2023-06-14","0","1 - CLEAR","CHEVROLET","C1500 SUBURBAN (CHEVROLET)","2015","0","97 - NOT APPLICABLE"
"19603082","AMARILLO","2023-06-14","0","1 - CLEAR","CHEVROLET","C1500 SUBURBAN (CHEVROLET)","2015","0","97 - NOT APPLICABLE"
"19603082","AMARILLO","2023-06-14","0","1 - CLEAR","CHEVROLET","C1500 SUBURBAN (CHEVROLET)","2015","0","97 - NOT APPLICABLE"
"19607291","PLANO","2023-06-14","1","1 - CLEAR","KAWASAKI","ZX1000 (KAWASAKI)","2020","1","2 - WORN, DAMAGED"
"19607291","PLANO","2023-06-14","1","1 - CLEAR","FORD","EXPEDITION (FORD)","2019","0","97 - NOT APPLICABLE"
"19607291","PLANO","2023-06-14","1","1 - CLEAR","FORD","EXPEDITION (FORD)","2019","0","97 - NOT APPLICABLE"
"19607291","PLANO","2023-06-14","1","1 - CLEAR","FORD","EXPEDITION (FORD)","2019","0","97 - NOT APPLICABLE"
"19607420","DONNA","2023-06-14","1","1 - CLEAR","FORD","RANGER (FORD)","2009","0","97 - NOT APPLICABLE"
"19607420","DONNA","2023-06-14","1","1 - CLEAR","FORD","RANGER (FORD)","2009","0","97 - NOT APPLICABLE"
"19607420","DONNA","2023-06-14","1","1 - CLEAR","SUZUKI","UNKNOWN (SUZUKI)","2008","1","99 - UNKNOWN IF WORN"
"19612066","OUTSIDE CITY LIMITS","2023-06-14","0","1 - CLEAR","HARLEY-DAVIDSON","FLH (HARLEY-DAVIDSON)","2015","0","2 - WORN, DAMAGED"
"19612066","OUTSIDE CITY LIMITS","2023-06-14","0","1 - CLEAR","HARLEY-DAVIDSON","FLH (HARLEY-DAVIDSON)","2015","0","2 - WORN, DAMAGED"
"19621697","ROCKWALL","2023-06-14","1","1 - CLEAR","HONDA","VT700 (HONDA)","2003","1","1 - NOT WORN"
"19621697","ROCKWALL","2023-06-14","1","1 - CLEAR","FORD","F150 (FORD)","2017","0","97 - NOT APPLICABLE"
"19621697","ROCKWALL","2023-06-14","1","1 - CLEAR","FORD","ECONOLINE (FORD)","2012","0","97 - NOT APPLICABLE"
"19602712","LIVINGSTON","2023-06-15","0","1 - CLEAR","HONDA","CR-V (HONDA)","2017","0","97 - NOT APPLICABLE"
"19602712","LIVINGSTON","2023-06-15","0","1 - CLEAR","HONDA","UNKNOWN (HONDA)","2003","0","2 - WORN, DAMAGED"
"19602909","MESQUITE","2023-06-15","0","2 - CLOUDY","HARLEY-DAVIDSON","FLRT (HARLEY-DAVIDSON)","2016","0","1 - NOT WORN"
"19603597","MIDLAND","2023-06-15","0","1 - CLEAR","DUCATI","UNKNOWN (DUCATI)","2017","0","1 - NOT WORN"
"19604436","SAN ANTONIO","2023-06-15","0","1 - CLEAR","HARLEY-DAVIDSON","UNKNOWN (HARLEY-DAVIDSON)","2016","0","1 - NOT WORN"
"19607557","OUTSIDE CITY LIMITS","2023-06-15","0","1 - CLEAR","HARLEY-DAVIDSON","FLSTC (HARLEY-DAVIDSON)","2016","0","1 - NOT WORN"
"19607557","OUTSIDE CITY LIMITS","2023-06-15","0","1 - CLEAR","MAZDA","B2000 (MAZDA)","1986","0","97 - NOT APPLICABLE"
"19607693","OUTSIDE CITY LIMITS","2023-06-15","0","1 - CLEAR","HONDA","ACCORD (HONDA)","1999","0","97 - NOT APPLICABLE"
"19607693","OUTSIDE CITY LIMITS","2023-06-15","0","1 - CLEAR","HARLEY-DAVIDSON","FLH (HARLEY-DAVIDSON)","2020","0","1 - NOT WORN"
"19609011","DAYTON","2023-06-15","0","1 - CLEAR","TOYOTA","RAV4 PRIME (TOYOTA)","2009","0","97 - NOT APPLICABLE"
"19609011","DAYTON","2023-06-15","0","1 - CLEAR","HARLEY-DAVIDSON","UNKNOWN (HARLEY-DAVIDSON)","2009","0","1 - NOT WORN"
"19610579","DALLAS","2023-06-15","0","2 - CLOUDY","SUZUKI","GSX1300 (SUZUKI)","2006","0","2 - WORN, DAMAGED"
"19610579","DALLAS","2023-06-15","0","2 - CLOUDY","FORD","FUSION (FORD)","2013","0","97 - NOT APPLICABLE"
"19610579","DALLAS","2023-06-15","0","2 - CLOUDY","FORD","FUSION (FORD)","2013","0","97 - NOT APPLICABLE"
"19610579","DALLAS","2023-06-15","0","2 - CLOUDY","FORD","FUSION (FORD)","2013","0","97 - NOT APPLICABLE"
"19610579","DALLAS","2023-06-15","0","2 - CLOUDY","FORD","FUSION (FORD)","2013","0","97 - NOT APPLICABLE"
"19610579","DALLAS","2023-06-15","0","2 - CLOUDY","FORD","FUSION (FORD)","2013","0","97 - NOT APPLICABLE"
"19634478","FORT WORTH","2023-06-15","0","1 - CLEAR","KAWASAKI","UNKNOWN (KAWASAKI)","2001","0","99 - UNKNOWN IF WORN"
"19637670","OUTSIDE CITY LIMITS","2023-06-15","0","1 - CLEAR","YAMAHA","FZR600 (YAMAHA)","2011","0","2 - WORN, DAMAGED"
"19637670","OUTSIDE CITY LIMITS","2023-06-15","0","1 - CLEAR","LAND ROVER","RANGE ROV (LAND ROVER)","2006","0","97 - NOT APPLICABLE"
"19603645","CEDAR HILL","2023-06-16","1","1 - CLEAR","HONDA","FSC600 (HONDA)","2002","1","2 - WORN, DAMAGED"
"19605287","EL PASO","2023-06-16","0","1 - CLEAR","HONDA","UNKNOWN (HONDA)","2005","0","1 - NOT WORN"
"19606646","FORT WORTH","2023-06-16","1","1 - CLEAR","OTHER (EXPLAIN IN NARRATIVE)","OTHER (EXPLAIN IN NARRATIVE) (OTHER (EXPLAIN IN NARRATIVE))","2022","1","4 - WORN, UNK DAMAGE"
"19607515","OUTSIDE CITY LIMITS","2023-06-16","0","1 - CLEAR","FORD","F150 (FORD)","2008","0","97 - NOT APPLICABLE"
"19607515","OUTSIDE CITY LIMITS","2023-06-16","0","1 - CLEAR","HONDA","CBR1000 (HONDA)","2021","0","4 - WORN, UNK DAMAGE"
"19609575","AUSTIN","2023-06-16","0","2 - CLOUDY","HARLEY-DAVIDSON","UNKNOWN (HARLEY-DAVIDSON)","2020","0","1 - NOT WORN"
"19609575","AUSTIN","2023-06-16","0","2 - CLOUDY","NISSAN","ALTIMA (NISSAN)","2017","0","97 - NOT APPLICABLE"
"19609575","AUSTIN","2023-06-16","0","2 - CLOUDY","HONDA","ACCORD (HONDA)","2010","0","97 - NOT APPLICABLE"
"19614699","SHERMAN","2023-06-16","0","1 - CLEAR","KAWASAKI","UNKNOWN (KAWASAKI)","2023","0","2 - WORN, DAMAGED"
"19615946","HOUSTON","2023-06-16","0","1 - CLEAR","CAN-AM","RYKER (CAN-AM)","2019","0","1 - NOT WORN"
"19615946","HOUSTON","2023-06-16","0","1 - CLEAR","JEEP","WRANGLER (JEEP)","No Data","0","97 - NOT APPLICABLE"
"19615946","HOUSTON","2023-06-16","0","1 - CLEAR","ACURA","RDX (ACURA)","2020","0","97 - NOT APPLICABLE"
"19604972","TEXAS CITY","2023-06-17","0","1 - CLEAR","CHEVROLET","SILVERADO (CHEVROLET)","No Data","0","97 - NOT APPLICABLE"
"19604972","TEXAS CITY","2023-06-17","0","1 - CLEAR","OTHER (EXPLAIN IN NARRATIVE)","OTHER (EXPLAIN IN NARRATIVE) (OTHER (EXPLAIN IN NARRATIVE))","2023","0","2 - WORN, DAMAGED"
"19606599","SAN ANTONIO","2023-06-17","0","2 - CLOUDY","HARLEY-DAVIDSON","FLH (HARLEY-DAVIDSON)","1999","0","1 - NOT WORN"
"19607542","OUTSIDE CITY LIMITS","2023-06-17","0","1 - CLEAR","HARLEY-DAVIDSON","FXS (HARLEY-DAVIDSON)","2014","0","1 - NOT WORN"
"19607542","OUTSIDE CITY LIMITS","2023-06-17","0","1 - CLEAR","FORD","F150 (FORD)","2017","0","97 - NOT APPLICABLE"
"19607542","OUTSIDE CITY LIMITS","2023-06-17","0","1 - CLEAR","FORD","F150 (FORD)","2017","0","97 - NOT APPLICABLE"
"19609537","NEDERLAND","2023-06-17","0","1 - CLEAR","HONDA","GROM (HONDA)","2019","0","2 - WORN, DAMAGED"
"19610731","OUTSIDE CITY LIMITS","2023-06-17","1","2 - CLOUDY","BMW","G SERIES (BMW)","2015","1","2 - WORN, DAMAGED"
"19611626","OUTSIDE CITY LIMITS","2023-06-17","0","2 - CLOUDY","HARLEY-DAVIDSON","FLSTS (HARLEY-DAVIDSON)","2005","0","1 - NOT WORN"
"19612669","WACO","2023-06-17","0","1 - CLEAR","HONDA","CBR600 (HONDA)","2019","0","2 - WORN, DAMAGED"
"19614954","BROWNSVILLE","2023-06-17","0","1 - CLEAR","NISSAN","FRONTIER (NISSAN)","2014","0","97 - NOT APPLICABLE"
"19614954","BROWNSVILLE","2023-06-17","0","1 - CLEAR","KAWASAKI","ZR900 (KAWASAKI)","2022","0","4 - WORN, UNK DAMAGE"
"19617959","KATY","2023-06-17","0","1 - CLEAR","MERCEDES-BENZ","CLA (MERCEDES-BENZ)","2014","0","97 - NOT APPLICABLE"
"19617959","KATY","2023-06-17","0","1 - CLEAR","YAMAHA","UNKNOWN (YAMAHA)","2001","0","2 - WORN, DAMAGED"
"19618772","DENTON","2023-06-17","1","1 - CLEAR","GMC","ENVOY (GMC)","2003","0","97 - NOT APPLICABLE"
"19618772","DENTON","2023-06-17","1","1 - CLEAR","SUZUKI","GSX1300 (SUZUKI)","2023","1","2 - WORN, DAMAGED"
"19620894","CONROE","2023-06-17","0","1 - CLEAR","HONDA","VT1300 (HONDA)","2019","0","1 - NOT WORN"
"19621205","FORT WORTH","2023-06-17","1","1 - CLEAR","HARLEY-DAVIDSON","FLT (HARLEY-DAVIDSON)","2017","1","1 - NOT WORN"
"19631478","MISSION","2023-06-17","0","1 - CLEAR","KENWORTH","UNKNOWN (KENWORTH)","2024","0","97 - NOT APPLICABLE"
"19631478","MISSION","2023-06-17","0","1 - CLEAR","OTHER (EXPLAIN IN NARRATIVE)","OTHER (EXPLAIN IN NARRATIVE) (OTHER (EXPLAIN IN NARRATIVE))","2020","0","1 - NOT WORN"
"19633848","AUSTIN","2023-06-17","1","1 - CLEAR","KAWASAKI","UNKNOWN (KAWASAKI)","2012","1","4 - WORN, UNK DAMAGE"
"19633848","AUSTIN","2023-06-17","1","1 - CLEAR","CHEVROLET","VAN (CHEVROLET)","2005","0","97 - NOT APPLICABLE"
"19608936","FORT WORTH","2023-06-18","1","1 - CLEAR","HONDA","CBR250 (HONDA)","2006","0","1 - NOT WORN"
"19608936","FORT WORTH","2023-06-18","1","1 - CLEAR","HONDA","CBR250 (HONDA)","2006","1","1 - NOT WORN"
"19609313","CORPUS CHRISTI","2023-06-18","0","1 - CLEAR","YAMAHA","YFM125 (YAMAHA)","2003","0","1 - NOT WORN"
"19615335","OUTSIDE CITY LIMITS","2023-06-18","0","1 - CLEAR","RAM","1500 (RAM)","2009","0","97 - NOT APPLICABLE"
"19615335","OUTSIDE CITY LIMITS","2023-06-18","0","1 - CLEAR","HARLEY-DAVIDSON","FLH (HARLEY-DAVIDSON)","2018","0","4 - WORN, UNK DAMAGE"
"19618338","ROSENBERG","2023-06-18","0","1 - CLEAR","INFINITI","FX35 (INFINITI)","2005","0","97 - NOT APPLICABLE"
"19618338","ROSENBERG","2023-06-18","0","1 - CLEAR","YAMAHA","XVS65 (YAMAHA)","2007","0","3 - WORN, NOT DAMAGED"
"19621891","OUTSIDE CITY LIMITS","2023-06-18","0","1 - CLEAR","PIAGGIO","UNKNOWN (PIAGGIO)","2009","0","2 - WORN, DAMAGED"
"19625153","OUTSIDE CITY LIMITS","2023-06-18","0","1 - CLEAR","NISSAN","ALTIMA (NISSAN)","2014","0","97 - NOT APPLICABLE"
"19625153","OUTSIDE CITY LIMITS","2023-06-18","0","1 - CLEAR","NISSAN","ALTIMA (NISSAN)","2014","0","97 - NOT APPLICABLE"
"19625153","OUTSIDE CITY LIMITS","2023-06-18","0","1 - CLEAR","HARLEY-DAVIDSON","ELW (HARLEY-DAVIDSON)","2010","0","1 - NOT WORN"
"19625207","OUTSIDE CITY LIMITS","2023-06-18","1","1 - CLEAR","KAWASAKI","UNKNOWN (KAWASAKI)","2023","1","3 - WORN, NOT DAMAGED"
"19626894","OUTSIDE CITY LIMITS","2023-06-18","0","1 - CLEAR","HARLEY-DAVIDSON","FXSTD (HARLEY-DAVIDSON)","2004","0","1 - NOT WORN"
"19629121","HOUSTON","2023-06-18","0","1 - CLEAR","HARLEY-DAVIDSON","FLHTK (HARLEY-DAVIDSON)","2012","0","1 - NOT WORN"
"19629121","HOUSTON","2023-06-18","0","1 - CLEAR","HARLEY-DAVIDSON","FLHTK (HARLEY-DAVIDSON)","2012","0","2 - WORN, DAMAGED"
"19607970","OUTSIDE CITY LIMITS","2023-06-19","0","1 - CLEAR","HARLEY-DAVIDSON","UNKNOWN (HARLEY-DAVIDSON)","2010","0","2 - WORN, DAMAGED"
"19620645","OUTSIDE CITY LIMITS","2023-06-19","0","1 - CLEAR","HONDA","ACCORD (HONDA)","2023","0","97 - NOT APPLICABLE"
"19620645","OUTSIDE CITY LIMITS","2023-06-19","0","1 - CLEAR","HARLEY-DAVIDSON","ELW (HARLEY-DAVIDSON)","2012","0","1 - NOT WORN"
"19624869","OUTSIDE CITY LIMITS","2023-06-19","0","1 - CLEAR","HONDA","CRF450 (HONDA)","2002","0","1 - NOT WORN"
"19632992","OUTSIDE CITY LIMITS","2023-06-19","1","1 - CLEAR","YAMAHA","YZFR1 (YAMAHA)","2019","1","2 - WORN, DAMAGED"
"19634594","OUTSIDE CITY LIMITS","2023-06-19","0","1 - CLEAR","KAWASAKI","NINJA ZX (KAWASAKI)","2009","0","1 - NOT WORN"
"19665724","FORT WORTH","2023-06-19","0","1 - CLEAR","ALL OTHER MAKES","UNKNOWN (ALL OTHER MAKES)","2021","0","99 - UNKNOWN IF WORN"
"19610586","IRVING","2023-06-20","0","2 - CLOUDY","SUZUKI","UNKNOWN (SUZUKI)","1997","0","4 - WORN, UNK DAMAGE"
"19610586","IRVING","2023-06-20","0","2 - CLOUDY","NISSAN","MAXIMA (NISSAN)","2017","0","97 - NOT APPLICABLE"
"19612778","SAN MARCOS","2023-06-20","0","1 - CLEAR","SUBARU","FORESTER (SUBARU)","2019","0","97 - NOT APPLICABLE"
"19612778","SAN MARCOS","2023-06-20","0","1 - CLEAR","KAWASAKI","BN125 (KAWASAKI)","2002","0","1 - NOT WORN"
"19626526","NEW BRAUNFELS","2023-06-20","0","1 - CLEAR","HARLEY-DAVIDSON","FXFB (HARLEY-DAVIDSON)","2018","0","2 - WORN, DAMAGED"
"19642163","BASTROP","2023-06-20","0","1 - CLEAR","NISSAN","ALTIMA (NISSAN)","2016","0","97 - NOT APPLICABLE"
"19642163","BASTROP","2023-06-20","0","1 - CLEAR","YAMAHA","MT-01 (YAMAHA)","2023","0","4 - WORN, UNK DAMAGE"
"19660162","DALLAS","2023-06-20","1","1 - CLEAR","KAWASAKI","EN500 (KAWASAKI)","2006","1","2 - WORN, DAMAGED"
"19660162","DALLAS","2023-06-20","1","1 - CLEAR","UNKNOWN","No Data","No Data","0","97 - NOT APPLICABLE"
"19614208","BRECKENRIDGE","2023-06-21","0","1 - CLEAR","CHEVROLET","SILVERADO (CHEVROLET)","2004","0","97 - NOT APPLICABLE"
"19614208","BRECKENRIDGE","2023-06-21","0","1 - CLEAR","CHEVROLET","SILVERADO (CHEVROLET)","2004","0","97 - NOT APPLICABLE"
"19614208","BRECKENRIDGE","2023-06-21","0","1 - CLEAR","HARLEY-DAVIDSON","FXD (HARLEY-DAVIDSON)","2007","0","2 - WORN, DAMAGED"
"19614835","KERRVILLE","2023-06-21","0","2 - CLOUDY","LINCOLN","NAUTILUS (LINCOLN)","2019","0","97 - NOT APPLICABLE"
"19614835","KERRVILLE","2023-06-21","0","2 - CLOUDY","LINCOLN","NAUTILUS (LINCOLN)","2019","0","97 - NOT APPLICABLE"
"19614835","KERRVILLE","2023-06-21","0","2 - CLOUDY","HARLEY-DAVIDSON","FLHRSEI (HARLEY-DAVIDSON)","2002","0","1 - NOT WORN"
"19615756","OUTSIDE CITY LIMITS","2023-06-21","0","1 - CLEAR","INTERNATIONAL","UNKNOWN (INTERNATIONAL)","2015","0","97 - NOT APPLICABLE"
"19615756","OUTSIDE CITY LIMITS","2023-06-21","0","1 - CLEAR","HARLEY-DAVIDSON","UNKNOWN (HARLEY-DAVIDSON)","2010","0","1 - NOT WORN"
"19618117","SCHERTZ","2023-06-21","0","1 - CLEAR","SUZUKI","GSX (SUZUKI)","2023","0","3 - WORN, NOT DAMAGED"
"19618117","SCHERTZ","2023-06-21","0","1 - CLEAR","CHEVROLET","C1500 SUBURBAN (CHEVROLET)","2014","0","97 - NOT APPLICABLE"
"19618117","SCHERTZ","2023-06-21","0","1 - CLEAR","CHEVROLET","C1500 SUBURBAN (CHEVROLET)","2014","0","97 - NOT APPLICABLE"
"19619230","BEASLEY","2023-06-21","0","1 - CLEAR","HARLEY-DAVIDSON","FLT (HARLEY-DAVIDSON)","2012","0","3 - WORN, NOT DAMAGED"
"19625366","EL PASO","2023-06-21","0","1 - CLEAR","YAMAHA","YZFR1 (YAMAHA)","2016","0","2 - WORN, DAMAGED"
"19625366","EL PASO","2023-06-21","0","1 - CLEAR","CHEVROLET","3500 (CHEVROLET)","2010","0","97 - NOT APPLICABLE"
"19625366","EL PASO","2023-06-21","0","1 - CLEAR","CHEVROLET","3500 (CHEVROLET)","2010","0","97 - NOT APPLICABLE"
"19625366","EL PASO","2023-06-21","0","1 - CLEAR","CHEVROLET","3500 (CHEVROLET)","2010","0","97 - NOT APPLICABLE"
"19625366","EL PASO","2023-06-21","0","1 - CLEAR","CHEVROLET","3500 (CHEVROLET)","2010","0","97 - NOT APPLICABLE"
"19625366","EL PASO","2023-06-21","0","1 - CLEAR","CHEVROLET","3500 (CHEVROLET)","2010","0","97 - NOT APPLICABLE"
"19625366","EL PASO","2023-06-21","0","1 - CLEAR","CHEVROLET","3500 (CHEVROLET)","2010","0","97 - NOT APPLICABLE"
"19625366","EL PASO","2023-06-21","0","1 - CLEAR","CHEVROLET","3500 (CHEVROLET)","2010","0","97 - NOT APPLICABLE"
"19625366","EL PASO","2023-06-21","0","1 - CLEAR","CHEVROLET","3500 (CHEVROLET)","2010","0","97 - NOT APPLICABLE"
"19625366","EL PASO","2023-06-21","0","1 - CLEAR","CHEVROLET","3500 (CHEVROLET)","2010","0","97 - NOT APPLICABLE"
"19625366","EL PASO","2023-06-21","0","1 - CLEAR","CHEVROLET","3500 (CHEVROLET)","2010","0","97 - NOT APPLICABLE"
"19625366","EL PASO","2023-06-21","0","1 - CLEAR","CHEVROLET","3500 (CHEVROLET)","2010","0","97 - NOT APPLICABLE"
"19625366","EL PASO","2023-06-21","0","1 - CLEAR","CHEVROLET","3500 (CHEVROLET)","2010","0","97 - NOT APPLICABLE"
"19625366","EL PASO","2023-06-21","0","1 - CLEAR","CHEVROLET","3500 (CHEVROLET)","2010","0","97 - NOT APPLICABLE"
"19626810","OUTSIDE CITY LIMITS","2023-06-21","0","1 - CLEAR","FORD","F250 (FORD)","2022","0","97 - NOT APPLICABLE"
"19626810","OUTSIDE CITY LIMITS","2023-06-21","0","1 - CLEAR","KAWASAKI","NINJA ZX (KAWASAKI)","2007","0","2 - WORN, DAMAGED"
"19619464","AUSTIN","2023-06-22","0","1 - CLEAR","VOLVO","UNKNOWN (VOLVO)","2023","0","97 - NOT APPLICABLE"
"19619464","AUSTIN","2023-06-22","0","1 - CLEAR","HONDA","UNKNOWN (HONDA)","1999","0","2 - WORN, DAMAGED"
"19624389","DALLAS","2023-06-22","0","1 - CLEAR","HONDA","ACCORD (HONDA)","2009","0","97 - NOT APPLICABLE"
"19624389","DALLAS","2023-06-22","0","1 - CLEAR","ROYAL ENFIELD MOTORS","CONTINENTAL GT (ROYAL ENFIELD MOTORS)","2015","0","1 - NOT WORN"
"19626105","DENTON","2023-06-22","1","1 - CLEAR","KAWASAKI","NINJA ZX (KAWASAKI)","2013","0","2 - WORN, DAMAGED"
"19626105","DENTON","2023-06-22","1","1 - CLEAR","KAWASAKI","NINJA ZX (KAWASAKI)","2013","1","2 - WORN, DAMAGED"
"19626105","DENTON","2023-06-22","1","1 - CLEAR","CHEVROLET","CAMARO (CHEVROLET)","2012","0","97 - NOT APPLICABLE"
"19626642","OUTSIDE CITY LIMITS","2023-06-22","0","1 - CLEAR","HARLEY-DAVIDSON","FLHTK (HARLEY-DAVIDSON)","2017","0","1 - NOT WORN"
"19631286","WOODSON","2023-06-22","1","1 - CLEAR","HONDA","ELEMENT (HONDA)","2003","0","97 - NOT APPLICABLE"
"19631286","WOODSON","2023-06-22","1","1 - CLEAR","HONDA","GL1800 (HONDA)","2012","1","2 - WORN, DAMAGED"
"19631286","WOODSON","2023-06-22","1","1 - CLEAR","HONDA","GL1800 (HONDA)","2012","0","2 - WORN, DAMAGED"
"19617264","OUTSIDE CITY LIMITS","2023-06-23","0","1 - CLEAR","HARLEY-DAVIDSON","UNKNOWN (HARLEY-DAVIDSON)","2000","0","1 - NOT WORN"
"19620216","MIDLAND","2023-06-23","0","1 - CLEAR","KAWASAKI","UNKNOWN (KAWASAKI)","2016","0","1 - NOT WORN"
"19621804","OUTSIDE CITY LIMITS","2023-06-23","0","1 - CLEAR","HARLEY-DAVIDSON","UNKNOWN (HARLEY-DAVIDSON)","2006","0","1 - NOT WORN"
"19625060","BULVERDE","2023-06-23","0","1 - CLEAR","SUZUKI","GSX-R750 (SUZUKI)","2004","0","4 - WORN, UNK DAMAGE"
"19640025","DALLAS","2023-06-23","0","1 - CLEAR","No Data","No Data","No Data","0","97 - NOT APPLICABLE"
"19640025","DALLAS","2023-06-23","0","1 - CLEAR","YAMAHA","SR400C (YAMAHA)","2004","0","99 - UNKNOWN IF WORN"
"19652714","OUTSIDE CITY LIMITS","2023-06-23","2","1 - CLEAR","CHEVROLET","SILVERADO (CHEVROLET)","2010","0","97 - NOT APPLICABLE"
"19652714","OUTSIDE CITY LIMITS","2023-06-23","2","1 - CLEAR","KAWASAKI","UNKNOWN (KAWASAKI)","2023","1","1 - NOT WORN"
"19652714","OUTSIDE CITY LIMITS","2023-06-23","2","1 - CLEAR","KAWASAKI","UNKNOWN (KAWASAKI)","2023","1","1 - NOT WORN"
"19655578","HOUSTON","2023-06-23","1","1 - CLEAR","HONDA","CBR1000 (HONDA)","2015","1","2 - WORN, DAMAGED"
"19655578","HOUSTON","2023-06-23","1","1 - CLEAR","UNKNOWN","UNKNOWN (UNKNOWN)","No Data","0","97 - NOT APPLICABLE"
"19655578","HOUSTON","2023-06-23","1","1 - CLEAR","UNKNOWN","UNKNOWN (UNKNOWN)","No Data","0","97 - NOT APPLICABLE"
"19698335","HOUSTON","2023-06-23","1","1 - CLEAR","KIA","SORENTO (KIA)","2023","0","97 - NOT APPLICABLE"
"19698335","HOUSTON","2023-06-23","1","1 - CLEAR","KIA","SORENTO (KIA)","2023","0","97 - NOT APPLICABLE"
"19698335","HOUSTON","2023-06-23","1","1 - CLEAR","KIA","SORENTO (KIA)","2023","0","97 - NOT APPLICABLE"
"19698335","HOUSTON","2023-06-23","1","1 - CLEAR","HARLEY-DAVIDSON","FLTRK (HARLEY-DAVIDSON)","2022","1","99 - UNKNOWN IF WORN"
"19616590","OUTSIDE CITY LIMITS","2023-06-24","0","1 - CLEAR","HARLEY-DAVIDSON","UNKNOWN (HARLEY-DAVIDSON)","2010","0","4 - WORN, UNK DAMAGE"
"19616987","OUTSIDE CITY LIMITS","2023-06-24","0","1 - CLEAR","KAWASAKI","EX250 (KAWASAKI)","2012","0","2 - WORN, DAMAGED"
"19617057","AZLE","2023-06-24","1","1 - CLEAR","DUCATI","MULTISTRADA (DUCATI)","2022","1","2 - WORN, DAMAGED"
"19617565","SAN ANTONIO","2023-06-24","0","1 - CLEAR","KAWASAKI","ER650 (KAWASAKI)","2023","0","4 - WORN, UNK DAMAGE"
"19617565","SAN ANTONIO","2023-06-24","0","1 - CLEAR","TOYOTA","TUNDRA (TOYOTA)","2006","0","97 - NOT APPLICABLE"
"19617565","SAN ANTONIO","2023-06-24","0","1 - CLEAR","TOYOTA","TUNDRA (TOYOTA)","2006","0","97 - NOT APPLICABLE"
"19617807","SAN ANTONIO","2023-06-24","0","1 - CLEAR","BMW","X4 (BMW)","2022","0","97 - NOT APPLICABLE"
"19617807","SAN ANTONIO","2023-06-24","0","1 - CLEAR","HARLEY-DAVIDSON","FXD (HARLEY-DAVIDSON)","2014","0","1 - NOT WORN"
"19617807","SAN ANTONIO","2023-06-24","0","1 - CLEAR","HARLEY-DAVIDSON","FXD (HARLEY-DAVIDSON)","2014","0","4 - WORN, UNK DAMAGE"
"19618597","MESQUITE","2023-06-24","0","1 - CLEAR","HARLEY-DAVIDSON","FXB (HARLEY-DAVIDSON)","2004","0","3 - WORN, NOT DAMAGED"
"19618597","MESQUITE","2023-06-24","0","1 - CLEAR","HARLEY-DAVIDSON","FXB (HARLEY-DAVIDSON)","2004","0","3 - WORN, NOT DAMAGED"
"19618734","OUTSIDE CITY LIMITS","2023-06-24","0","1 - CLEAR","INDIAN MOTORCYCLE CO.","SCOUT (INDIAN MOTORCYCLE CO.)","2018","0","1 - NOT WORN"
"19619260","BEDFORD","2023-06-24","0","1 - CLEAR","HARLEY-DAVIDSON","FLS (HARLEY-DAVIDSON)","2021","0","4 - WORN, UNK DAMAGE"
"19619528","AUSTIN","2023-06-24","0","1 - CLEAR","MERCEDES-BENZ","M-CLASS (MERCEDES-BENZ)","2015","0","97 - NOT APPLICABLE"
"19619528","AUSTIN","2023-06-24","0","1 - CLEAR","HONDA","UNKNOWN (HONDA)","2020","0","4 - WORN, UNK DAMAGE"
"19624450","NORTH RICHLAND HILLS","2023-06-24","0","1 - CLEAR","HONDA","UNKNOWN (HONDA)","2003","0","1 - NOT WORN"
"19628579","DALLAS","2023-06-24","0","1 - CLEAR","HARLEY-DAVIDSON","FXSTB (HARLEY-DAVIDSON)","2008","0","1 - NOT WORN"
"19628579","DALLAS","2023-06-24","0","1 - CLEAR","CHEVROLET","TAHOE (CHEVROLET)","2002","0","97 - NOT APPLICABLE"
"19628579","DALLAS","2023-06-24","0","1 - CLEAR","CHEVROLET","TAHOE (CHEVROLET)","2002","0","97 - NOT APPLICABLE"
"19629574","HURST","2023-06-24","1","1 - CLEAR","SUZUKI","LS650 (SUZUKI)","2017","1","1 - NOT WORN"
"19630257","OUTSIDE CITY LIMITS","2023-06-24","1","1 - CLEAR","HARLEY-DAVIDSON","FLS (HARLEY-DAVIDSON)","2005","1","1 - NOT WORN"
"19640558","OUTSIDE CITY LIMITS","2023-06-24","0","1 - CLEAR","HARLEY-DAVIDSON","UNKNOWN (HARLEY-DAVIDSON)","2014","0","1 - NOT WORN"
"19644475","OUTSIDE CITY LIMITS","2023-06-24","0","1 - CLEAR","KAWASAKI","EX650 (KAWASAKI)","2021","0","2 - WORN, DAMAGED"
"19651809","HOUSTON","2023-06-24","0","1 - CLEAR","UNKNOWN","UNKNOWN (UNKNOWN)","2015","0","1 - NOT WORN"
"19618850","VICTORIA","2023-06-25","0","1 - CLEAR","SUZUKI","SV1000 (SUZUKI)","2003","0","1 - NOT WORN"
"19625170","FORT WORTH","2023-06-25","0","1 - CLEAR","HARLEY-DAVIDSON","FXS (HARLEY-DAVIDSON)","2014","0","99 - UNKNOWN IF WORN"
"19625170","FORT WORTH","2023-06-25","0","1 - CLEAR","HARLEY-DAVIDSON","FXS (HARLEY-DAVIDSON)","2014","0","99 - UNKNOWN IF WORN"
"19625798","OUTSIDE CITY LIMITS","2023-06-25","0","1 - CLEAR","KAWASAKI","NINJA ZX (KAWASAKI)","2008","0","2 - WORN, DAMAGED"
"19625798","OUTSIDE CITY LIMITS","2023-06-25","0","1 - CLEAR","CADILLAC","ESCALADE (CADILLAC)","No Data","0","97 - NOT APPLICABLE"
"19626529","OUTSIDE CITY LIMITS","2023-06-25","0","1 - CLEAR","YAMAHA","YZFR3 (YAMAHA)","2016","0","2 - WORN, DAMAGED"
"19626672","DALLAS","2023-06-25","0","1 - CLEAR","SUZUKI","VZR1800 (SUZUKI)","2008","0","3 - WORN, NOT DAMAGED"
"19626672","DALLAS","2023-06-25","0","1 - CLEAR","NISSAN","ROGUE (NISSAN)","2019","0","97 - NOT APPLICABLE"
"19627271","ARLINGTON","2023-06-25","0","1 - CLEAR","HARLEY-DAVIDSON","FXDX (HARLEY-DAVIDSON)","2017","0","1 - NOT WORN"
"19627271","ARLINGTON","2023-06-25","0","1 - CLEAR","HYUNDAI","SANTA (HYUNDAI)","2022","0","97 - NOT APPLICABLE"
"19627271","ARLINGTON","2023-06-25","0","1 - CLEAR","HYUNDAI","SANTA (HYUNDAI)","2022","0","97 - NOT APPLICABLE"
"19639822","LAKEWAY","2023-06-25","0","1 - CLEAR","FORD","FUSION (FORD)","2017","0","97 - NOT APPLICABLE"
"19639822","LAKEWAY","2023-06-25","0","1 - CLEAR","HARLEY-DAVIDSON","ELW (HARLEY-DAVIDSON)","2009","0","99 - UNKNOWN IF WORN"
"19642221","OUTSIDE CITY LIMITS","2023-06-25","0","1 - CLEAR","HONDA","UNKNOWN (HONDA)","2020","0","4 - WORN, UNK DAMAGE"
"19642221","OUTSIDE CITY LIMITS","2023-06-25","0","1 - CLEAR","UNKNOWN","UNKNOWN (UNKNOWN)","No Data","0","99 - UNKNOWN IF WORN"
"19647504","DALLAS","2023-06-25","1","1 - CLEAR","SUZUKI","DR650 (SUZUKI)","2022","1","1 - NOT WORN"
"19619763","OUTSIDE CITY LIMITS","2023-06-26","0","1 - CLEAR","KAWASAKI","UNKNOWN (KAWASAKI)","2014","0","2 - WORN, DAMAGED"
"19625001","KINGSVILLE","2023-06-26","0","1 - CLEAR","YAMAHA","FZ10 (YAMAHA)","2002","0","2 - WORN, DAMAGED"
"19625871","ARLINGTON","2023-06-26","1","1 - CLEAR","SUZUKI","GSX (SUZUKI)","2000","1","1 - NOT WORN"
"19633021","LUBBOCK","2023-06-26","0","1 - CLEAR","YAMAHA","FZ07 (YAMAHA)","2015","0","2 - WORN, DAMAGED"
"19634163","SELMA","2023-06-26","0","1 - CLEAR","NISSAN","SENTRA (NISSAN)","2010","0","97 - NOT APPLICABLE"
"19634163","SELMA","2023-06-26","0","1 - CLEAR","NISSAN","ROGUE (NISSAN)","2009","0","97 - NOT APPLICABLE"
"19634163","SELMA","2023-06-26","0","1 - CLEAR","CHEVROLET","IMPALA (CHEVROLET)","2012","0","97 - NOT APPLICABLE"
"19634163","SELMA","2023-06-26","0","1 - CLEAR","CHEVROLET","C1500 (CHEVROLET)","2009","0","97 - NOT APPLICABLE"
"19634163","SELMA","2023-06-26","0","1 - CLEAR","CHEVROLET","C1500 (CHEVROLET)","2009","0","97 - NOT APPLICABLE"
"19634163","SELMA","2023-06-26","0","1 - CLEAR","CHEVROLET","C1500 (CHEVROLET)","2009","0","97 - NOT APPLICABLE"
"19634163","SELMA","2023-06-26","0","1 - CLEAR","HARLEY-DAVIDSON","FLH (HARLEY-DAVIDSON)","2015","0","99 - UNKNOWN IF WORN"
"19635417","OUTSIDE CITY LIMITS","2023-06-26","0","1 - CLEAR","HARLEY-DAVIDSON","UNKNOWN (HARLEY-DAVIDSON)","2000","0","1 - NOT WORN"
"19646058","EDINBURG","2023-06-26","0","1 - CLEAR","DODGE","CHARGER (DODGE)","2012","0","97 - NOT APPLICABLE"
"19646058","EDINBURG","2023-06-26","0","1 - CLEAR","KAWASAKI","KLE300 (KAWASAKI)","2022","0","1 - NOT WORN"
"19657163","OUTSIDE CITY LIMITS","2023-06-26","0","1 - CLEAR","TRIUMPH MOTORCYCLE","SPEEDMASTER (TRIUMPH MOTORCYCLE)","2013","0","99 - UNKNOWN IF WORN"
"19665393","LEVELLAND","2023-06-26","1","1 - CLEAR","JEEP","GRAND CHEROKEE (JEEP)","2004","0","97 - NOT APPLICABLE"
"19665393","LEVELLAND","2023-06-26","1","1 - CLEAR","HONDA","UNKNOWN (HONDA)","2009","1","1 - NOT WORN"
"19622330","HOUSTON","2023-06-27","0","1 - CLEAR","HARLEY-DAVIDSON","FLT (HARLEY-DAVIDSON)","No Data","0","1 - NOT WORN"
"19622330","HOUSTON","2023-06-27","0","1 - CLEAR","HARLEY-DAVIDSON","FLT (HARLEY-DAVIDSON)","No Data","0","1 - NOT WORN"
"19631752","OUTSIDE CITY LIMITS","2023-06-27","1","1 - CLEAR","HARLEY-DAVIDSON","FLHTCU/I (HARLEY-DAVIDSON)","2002","0","2 - WORN, DAMAGED"
"19631752","OUTSIDE CITY LIMITS","2023-06-27","1","1 - CLEAR","HARLEY-DAVIDSON","FLHTCU/I (HARLEY-DAVIDSON)","2002","1","2 - WORN, DAMAGED"
"19631762","OUTSIDE CITY LIMITS","2023-06-27","0","1 - CLEAR","HARLEY-DAVIDSON","FXDC (HARLEY-DAVIDSON)","2009","0","3 - WORN, NOT DAMAGED"
"19631762","OUTSIDE CITY LIMITS","2023-06-27","0","1 - CLEAR","HARLEY-DAVIDSON","FLHX (HARLEY-DAVIDSON)","2014","0","2 - WORN, DAMAGED"
"19632511","OUTSIDE CITY LIMITS","2023-06-27","0","1 - CLEAR","HONDA","VT1100 (HONDA)","2006","0","2 - WORN, DAMAGED"
"19632511","OUTSIDE CITY LIMITS","2023-06-27","0","1 - CLEAR","FORD","F150 (FORD)","2012","0","97 - NOT APPLICABLE"
"19635416","ARLINGTON","2023-06-27","0","1 - CLEAR","No Data","No Data","No Data","0","4 - WORN, UNK DAMAGE"
"19635416","ARLINGTON","2023-06-27","0","1 - CLEAR","No Data","No Data","No Data","0","99 - UNKNOWN IF WORN"
"19635878","LAKEPORT","2023-06-27","0","1 - CLEAR","HARLEY-DAVIDSON","UNKNOWN (HARLEY-DAVIDSON)","2005","0","1 - NOT WORN"
"19637188","OUTSIDE CITY LIMITS","2023-06-27","0","1 - CLEAR","HARLEY-DAVIDSON","FXD (HARLEY-DAVIDSON)","2009","0","4 - WORN, UNK DAMAGE"
"19645253","SAN ANTONIO","2023-06-27","0","1 - CLEAR","KAWASAKI","NINJA ZX (KAWASAKI)","2021","0","2 - WORN, DAMAGED"
"19645253","SAN ANTONIO","2023-06-27","0","1 - CLEAR","GMC","YUKON (GMC)","1997","0","97 - NOT APPLICABLE"
"19645254","SAN ANTONIO","2023-06-27","0","1 - CLEAR","HYUNDAI","ELANTRA (HYUNDAI)","2023","0","97 - NOT APPLICABLE"
"19645254","SAN ANTONIO","2023-06-27","0","1 - CLEAR","HONDA","UNKNOWN (HONDA)","2012","0","1 - NOT WORN"
"19625490","MOUNT PLEASANT","2023-06-28","0","1 - CLEAR","FORD","F150 (FORD)","2022","0","97 - NOT APPLICABLE"
"19625490","MOUNT PLEASANT","2023-06-28","0","1 - CLEAR","FORD","F150 (FORD)","2022","0","97 - NOT APPLICABLE"
"19625490","MOUNT PLEASANT","2023-06-28","0","1 - CLEAR","KAWASAKI","ZX600 (KAWASAKI)","2020","0","2 - WORN, DAMAGED"
"19626394","HOUSTON","2023-06-28","0","1 - CLEAR","HONDA","CBR1000 (HONDA)","2013","0","4 - WORN, UNK DAMAGE"
"19626394","HOUSTON","2023-06-28","0","1 - CLEAR","ORION BUS","ORION VII (ORION BUS)","2010","0","97 - NOT APPLICABLE"
"19626394","HOUSTON","2023-06-28","0","1 - CLEAR","ORION BUS","ORION VII (ORION BUS)","2010","0","97 - NOT APPLICABLE"
"19626394","HOUSTON","2023-06-28","0","1 - CLEAR","ORION BUS","ORION VII (ORION BUS)","2010","0","97 - NOT APPLICABLE"
"19626394","HOUSTON","2023-06-28","0","1 - CLEAR","ORION BUS","ORION VII (ORION BUS)","2010","0","97 - NOT APPLICABLE"
"19627299","OUTSIDE CITY LIMITS","2023-06-28","1","1 - CLEAR","HARLEY-DAVIDSON","FLT (HARLEY-DAVIDSON)","2022","1","2 - WORN, DAMAGED"
"19627299","OUTSIDE CITY LIMITS","2023-06-28","1","1 - CLEAR","FORD","F150 (FORD)","2006","0","97 - NOT APPLICABLE"
"19627421","AUSTIN","2023-06-28","0","1 - CLEAR","HONDA","UNKNOWN (HONDA)","2020","0","1 - NOT WORN"
"19632438","OUTSIDE CITY LIMITS","2023-06-28","0","1 - CLEAR","HONDA","NA50 (HONDA)","2022","0","3 - WORN, NOT DAMAGED"
"19634311","NEDERLAND","2023-06-28","0","1 - CLEAR","FORD","F150 (FORD)","2018","0","97 - NOT APPLICABLE"
"19634311","NEDERLAND","2023-06-28","0","1 - CLEAR","FORD","F150 (FORD)","2018","0","97 - NOT APPLICABLE"
"19634311","NEDERLAND","2023-06-28","0","1 - CLEAR","HONDA","CMX500 (HONDA)","2023","0","2 - WORN, DAMAGED"
"19646535","IRVING","2023-06-28","1","1 - CLEAR","FORD","F150 (FORD)","2016","0","97 - NOT APPLICABLE"
"19646535","IRVING","2023-06-28","1","1 - CLEAR","YAMAHA","XVS1100 (YAMAHA)","2005","1","1 - NOT WORN"
"19649814","OUTSIDE CITY LIMITS","2023-06-28","0","1 - CLEAR","HARLEY-DAVIDSON","FLH (HARLEY-DAVIDSON)","2007","0","1 - NOT WORN"
"19625852","LA GRANGE","2023-06-29","0","1 - CLEAR","ALL OTHER MAKES","UNKNOWN (ALL OTHER MAKES)","2022","0","2 - WORN, DAMAGED"
"19625852","LA GRANGE","2023-06-29","0","1 - CLEAR","DODGE","RAM TRUCK 2500 (DODGE)","2009","0","97 - NOT APPLICABLE"
"19627712","SEGUIN","2023-06-29","0","1 - CLEAR","TRIUMPH MOTORCYCLE","UNKNOWN (TRIUMPH MOTORCYCLE)","2018","0","2 - WORN, DAMAGED"
"19627712","SEGUIN","2023-06-29","0","1 - CLEAR","FORD","TRANSIT (FORD)","2023","0","97 - NOT APPLICABLE"
"19629021","OUTSIDE CITY LIMITS","2023-06-29","0","1 - CLEAR","CHEVROLET","CAMARO (CHEVROLET)","No Data","0","97 - NOT APPLICABLE"
"19629021","OUTSIDE CITY LIMITS","2023-06-29","0","1 - CLEAR","HARLEY-DAVIDSON","UNKNOWN (HARLEY-DAVIDSON)","2005","0","2 - WORN, DAMAGED"
"19637809","PLANTERSVILLE","2023-06-29","1","1 - CLEAR","KAWASAKI","ER400 (KAWASAKI)","2023","1","2 - WORN, DAMAGED"
"19637809","PLANTERSVILLE","2023-06-29","1","1 - CLEAR","PETERBILT","579 (PETERBILT)","2021","0","97 - NOT APPLICABLE"
"19638002","VICTORIA","2023-06-29","0","1 - CLEAR","DUCATI","PANIGALE (DUCATI)","2017","0","1 - NOT WORN"
"19638002","VICTORIA","2023-06-29","0","1 - CLEAR","NISSAN","VERSA (NISSAN)","2012","0","97 - NOT APPLICABLE"
"19638002","VICTORIA","2023-06-29","0","1 - CLEAR","NISSAN","VERSA (NISSAN)","2012","0","97 - NOT APPLICABLE"
"19638002","VICTORIA","2023-06-29","0","1 - CLEAR","NISSAN","VERSA (NISSAN)","2012","0","97 - NOT APPLICABLE"
"19638002","VICTORIA","2023-06-29","0","1 - CLEAR","NISSAN","VERSA (NISSAN)","2012","0","97 - NOT APPLICABLE"
"19638002","VICTORIA","2023-06-29","0","1 - CLEAR","NISSAN","VERSA (NISSAN)","2012","0","97 - NOT APPLICABLE"
"19642748","OUTSIDE CITY LIMITS","2023-06-29","0","1 - CLEAR","UNKNOWN","UNKNOWN (UNKNOWN)","No Data","0","97 - NOT APPLICABLE"
"19642748","OUTSIDE CITY LIMITS","2023-06-29","0","1 - CLEAR","HONDA","CBR600 (HONDA)","2001","0","3 - WORN, NOT DAMAGED"
"19655694","DALLAS","2023-06-29","1","1 - CLEAR","KAWASAKI","ZX1000 (KAWASAKI)","2017","1","4 - WORN, UNK DAMAGE"
"19655694","DALLAS","2023-06-29","1","1 - CLEAR","LEXUS","ES 300 (LEXUS)","2012","0","97 - NOT APPLICABLE"
"19655694","DALLAS","2023-06-29","1","1 - CLEAR","LEXUS","ES 300 (LEXUS)","2012","0","97 - NOT APPLICABLE"
"19628592","SAN ANTONIO","2023-06-30","1","1 - CLEAR","LEXUS","ES 350 (LEXUS)","2021","0","97 - NOT APPLICABLE"
"19628592","SAN ANTONIO","2023-06-30","1","1 - CLEAR","KAWASAKI","NINJA ZX (KAWASAKI)","2020","1","1 - NOT WORN"
"19629132","GUN BARREL CITY","2023-06-30","0","1 - CLEAR","KAWASAKI","VULCAN 2000 (KAWASAKI)","2003","0","1 - NOT WORN"
"19629945","GUN BARREL CITY","2023-06-30","0","1 - CLEAR","SUZUKI","GSX (SUZUKI)","2014","0","99 - UNKNOWN IF WORN"
"19629945","GUN BARREL CITY","2023-06-30","0","1 - CLEAR","FORD","FLEX (FORD)","2011","0","97 - NOT APPLICABLE"
"19630624","OUTSIDE CITY LIMITS","2023-06-30","0","1 - CLEAR","HONDA","GL1200 (HONDA)","1987","0","3 - WORN, NOT DAMAGED"
"19632324","OUTSIDE CITY LIMITS","2023-06-30","0","1 - CLEAR","HARLEY-DAVIDSON","FXB (HARLEY-DAVIDSON)","2021","0","3 - WORN, NOT DAMAGED"
"19638424","LUBBOCK","2023-06-30","1","1 - CLEAR","JEEP","CHEROKEE (JEEP)","2016","0","97 - NOT APPLICABLE"
"19638424","LUBBOCK","2023-06-30","1","1 - CLEAR","KAWASAKI","NINJA ZX (KAWASAKI)","2023","1","2 - WORN, DAMAGED"
"19640343","OUTSIDE CITY LIMITS","2023-06-30","1","1 - CLEAR","KAWASAKI","EX400 (KAWASAKI)","2023","1","2 - WORN, DAMAGED"
"19640748","CEDAR PARK","2023-06-30","0","1 - CLEAR","YAMAHA","YZFR6 (YAMAHA)","2006","0","1 - NOT WORN"
"19640748","CEDAR PARK","2023-06-30","0","1 - CLEAR","FORD","F250 (FORD)","2011","0","97 - NOT APPLICABLE"
"19640748","CEDAR PARK","2023-06-30","0","1 - CLEAR","FORD","F250 (FORD)","2011","0","97 - NOT APPLICABLE"
"19642566","DALLAS","2023-06-30","0","1 - CLEAR","HONDA","ACCORD (HONDA)","2012","0","97 - NOT APPLICABLE"
"19642566","DALLAS","2023-06-30","0","1 - CLEAR","HONDA","CBR900 (HONDA)","2008","0","3 - WORN, NOT DAMAGED"
"19648269","OUTSIDE CITY LIMITS","2023-06-30","0","1 - CLEAR","HONDA","UNKNOWN (HONDA)","2002","0","2 - WORN, DAMAGED"
"19651799","HOUSTON","2023-06-30","0","1 - CLEAR","HONDA","UNKNOWN (HONDA)","No Data","0","1 - NOT WORN"
"19651799","HOUSTON","2023-06-30","0","1 - CLEAR","UNKNOWN","UNKNOWN (UNKNOWN)","No Data","0","97 - NOT APPLICABLE"
"19667259","EDINBURG","2023-06-30","1","1 - CLEAR","HARLEY-DAVIDSON","UNKNOWN (HARLEY-DAVIDSON)","2023","1","1 - NOT WORN"
"19676812","NOLANVILLE","2023-06-30","1","1 - CLEAR","KAWASAKI","ZR1000 (KAWASAKI)","No Data","1","2 - WORN, DAMAGED"
"19629271","BAYTOWN","2023-07-01","0","1 - CLEAR","HARLEY-DAVIDSON","FLT (HARLEY-DAVIDSON)","2017","0","1 - NOT WORN"
"19629271","BAYTOWN","2023-07-01","0","1 - CLEAR","HARLEY-DAVIDSON","FLT (HARLEY-DAVIDSON)","2017","0","3 - WORN, NOT DAMAGED"
"19630847","AMARILLO","2023-07-01","0","1 - CLEAR","HARLEY-DAVIDSON","UNKNOWN (HARLEY-DAVIDSON)","2012","0","2 - WORN, DAMAGED"
"19630847","AMARILLO","2023-07-01","0","1 - CLEAR","GMC","SIERRA C1500 (GMC)","2015","0","97 - NOT APPLICABLE"
"19630847","AMARILLO","2023-07-01","0","1 - CLEAR","GMC","SIERRA C1500 (GMC)","2015","0","97 - NOT APPLICABLE"
"19631333","TEXARKANA","2023-07-01","0","1 - CLEAR","HARLEY-DAVIDSON","FLTRX (HARLEY-DAVIDSON)","2022","0","1 - NOT WORN"
"19632206","SAN ANTONIO","2023-07-01","0","1 - CLEAR","No Data","No Data","No Data","0","97 - NOT APPLICABLE"
"19632206","SAN ANTONIO","2023-07-01","0","1 - CLEAR","KYMCO USA INC","SPADE 150 (KYMCO USA INC)","2019","0","4 - WORN, UNK DAMAGE"
"19637143","SEGUIN","2023-07-01","1","1 - CLEAR","YAMAHA","YZF600 (YAMAHA)","2007","1","1 - NOT WORN"
"19637143","SEGUIN","2023-07-01","1","1 - CLEAR","CHEVROLET","SILVERADO C1500 (CHEVROLET)","2018","0","97 - NOT APPLICABLE"
"19637231","OUTSIDE CITY LIMITS","2023-07-01","0","1 - CLEAR","INDIAN MOTORCYCLE CO.","CHIEFTAIN (INDIAN MOTORCYCLE CO.)","2020","0","99 - UNKNOWN IF WORN"
"19637919","CORPUS CHRISTI","2023-07-01","0","1 - CLEAR","SUZUKI","GSX-R750 (SUZUKI)","2005","0","2 - WORN, DAMAGED"
"19637919","CORPUS CHRISTI","2023-07-01","0","1 - CLEAR","NISSAN","ALTIMA (NISSAN)","2013","0","97 - NOT APPLICABLE"
"19640832","OUTSIDE CITY LIMITS","2023-07-01","0","1 - CLEAR","NISSAN","ROGUE (NISSAN)","2014","0","97 - NOT APPLICABLE"
"19640832","OUTSIDE CITY LIMITS","2023-07-01","0","1 - CLEAR","INDIAN MOTORCYCLE CO.","SCOUT (INDIAN MOTORCYCLE CO.)","2023","0","2 - WORN, DAMAGED"
"19649029","OUTSIDE CITY LIMITS","2023-07-01","0","1 - CLEAR","HONDA","VT1100 (HONDA)","2006","0","1 - NOT WORN"
"19649029","OUTSIDE CITY LIMITS","2023-07-01","0","1 - CLEAR","INFINITI","QX60 (INFINITI)","2019","0","97 - NOT APPLICABLE"
"19649029","OUTSIDE CITY LIMITS","2023-07-01","0","1 - CLEAR","INFINITI","QX60 (INFINITI)","2019","0","97 - NOT APPLICABLE"
"19649029","OUTSIDE CITY LIMITS","2023-07-01","0","1 - CLEAR","INFINITI","QX60 (INFINITI)","2019","0","97 - NOT APPLICABLE"
"19649029","OUTSIDE CITY LIMITS","2023-07-01","0","1 - CLEAR","INFINITI","QX60 (INFINITI)","2019","0","97 - NOT APPLICABLE"
"19629901","VALLEY VIEW (COOKE)","2023-07-02","0","1 - CLEAR","HARLEY-DAVIDSON","FLS (HARLEY-DAVIDSON)","2008","0","4 - WORN, UNK DAMAGE"
"19629901","VALLEY VIEW (COOKE)","2023-07-02","0","1 - CLEAR","KIA","FORTE (KIA)","2021","0","97 - NOT APPLICABLE"
"19629901","VALLEY VIEW (COOKE)","2023-07-02","0","1 - CLEAR","KIA","FORTE (KIA)","2021","0","97 - NOT APPLICABLE"
"19637658","OUTSIDE CITY LIMITS","2023-07-02","0","1 - CLEAR","HARLEY-DAVIDSON","FLFB (HARLEY-DAVIDSON)","2011","0","4 - WORN, UNK DAMAGE"
"19637658","OUTSIDE CITY LIMITS","2023-07-02","0","1 - CLEAR","HARLEY-DAVIDSON","FLFB (HARLEY-DAVIDSON)","2011","0","2 - WORN, DAMAGED"
"19637658","OUTSIDE CITY LIMITS","2023-07-02","0","1 - CLEAR","DODGE","CARAVAN (DODGE)","2003","0","97 - NOT APPLICABLE"
"19641382","SAN ANTONIO","2023-07-02","1","1 - CLEAR","TOYOTA","VENZA (TOYOTA)","2011","0","97 - NOT APPLICABLE"
"19641382","SAN ANTONIO","2023-07-02","1","1 - CLEAR","HARLEY-DAVIDSON","ELW (HARLEY-DAVIDSON)","2001","1","1 - NOT WORN"
"19644158","ARLINGTON","2023-07-02","0","1 - CLEAR","TOYOTA","CAMRY (TOYOTA)","2007","0","97 - NOT APPLICABLE"
"19644158","ARLINGTON","2023-07-02","0","1 - CLEAR","CHEVROLET","TRAX (CHEVROLET)","2018","0","97 - NOT APPLICABLE"
"19644158","ARLINGTON","2023-07-02","0","1 - CLEAR","CHEVROLET","TRAX (CHEVROLET)","2018","0","97 - NOT APPLICABLE"
"19644158","ARLINGTON","2023-07-02","0","1 - CLEAR","DODGE","RAM 1500 (DODGE)","2014","0","97 - NOT APPLICABLE"
"19644158","ARLINGTON","2023-07-02","0","1 - CLEAR","DODGE","RAM 1500 (DODGE)","2014","0","97 - NOT APPLICABLE"
"19644158","ARLINGTON","2023-07-02","0","1 - CLEAR","DODGE","RAM 1500 (DODGE)","2014","0","97 - NOT APPLICABLE"
"19644158","ARLINGTON","2023-07-02","0","1 - CLEAR","HARLEY-DAVIDSON","UNKNOWN (HARLEY-DAVIDSON)","2021","0","2 - WORN, DAMAGED"
"19662613","OUTSIDE CITY LIMITS","2023-07-02","0","1 - CLEAR","HONDA","GL1500 (HONDA)","1994","0","2 - WORN, DAMAGED"
"19634689","DENISON","2023-07-03","0","3 - RAIN","NISSAN","SENTRA (NISSAN)","2006","0","97 - NOT APPLICABLE"
"19634689","DENISON","2023-07-03","0","3 - RAIN","NISSAN","SENTRA (NISSAN)","2006","0","97 - NOT APPLICABLE"
"19634689","DENISON","2023-07-03","0","3 - RAIN","OTHER (EXPLAIN IN NARRATIVE)","OTHER (EXPLAIN IN NARRATIVE) (OTHER (EXPLAIN IN NARRATIVE))","2022","0","99 - UNKNOWN IF WORN"
"19636500","AUSTIN","2023-07-03","0","1 - CLEAR","FORD","EXPEDITION (FORD)","2007","0","97 - NOT APPLICABLE"
"19636500","AUSTIN","2023-07-03","0","1 - CLEAR","HONDA","UNKNOWN (HONDA)","2017","0","2 - WORN, DAMAGED"
"19636598","MARBLE FALLS","2023-07-03","0","1 - CLEAR","HONDA","CBR600 (HONDA)","2006","0","2 - WORN, DAMAGED"
"19636598","MARBLE FALLS","2023-07-03","0","1 - CLEAR","HONDA","CR-V (HONDA)","2020","0","97 - NOT APPLICABLE"
"19636598","MARBLE FALLS","2023-07-03","0","1 - CLEAR","HONDA","CR-V (HONDA)","2020","0","97 - NOT APPLICABLE"
"19643976","OUTSIDE CITY LIMITS","2023-07-03","0","1 - CLEAR","SUZUKI","UNKNOWN (SUZUKI)","2006","0","1 - NOT WORN"
"19648461","FORT WORTH","2023-07-03","0","2 - CLOUDY","NISSAN","MAXIMA (NISSAN)","2014","0","97 - NOT APPLICABLE"
"19648461","FORT WORTH","2023-07-03","0","2 - CLOUDY","KAWASAKI","ZG1000 (KAWASAKI)","2010","0","99 - UNKNOWN IF WORN"
"19653026","BIG SPRING","2023-07-03","1","1 - CLEAR","HARLEY-DAVIDSON","FLHTK (HARLEY-DAVIDSON)","2016","1","1 - NOT WORN"
"19653026","BIG SPRING","2023-07-03","1","1 - CLEAR","PETERBILT","377 (PETERBILT)","2016","0","97 - NOT APPLICABLE"
"19665650","PLANO","2023-07-03","0","1 - CLEAR","KAWASAKI","UNKNOWN (KAWASAKI)","2023","0","2 - WORN, DAMAGED"
"19677502","GLADEWATER","2023-07-03","1","1 - CLEAR","HONDA","CIVIC (HONDA)","1997","0","97 - NOT APPLICABLE"
"19677502","GLADEWATER","2023-07-03","1","1 - CLEAR","HARLEY-DAVIDSON","UNKNOWN (HARLEY-DAVIDSON)","2006","1","1 - NOT WORN"
"19635203","CROWLEY","2023-07-04","0","1 - CLEAR","KAWASAKI","NINJA ZX (KAWASAKI)","2020","0","2 - WORN, DAMAGED"
"19638290","CORPUS CHRISTI","2023-07-04","1","1 - CLEAR","SUBARU","IMPREZA (SUBARU)","2018","0","97 - NOT APPLICABLE"
"19638290","CORPUS CHRISTI","2023-07-04","1","1 - CLEAR","YAMAHA","YZFR1 (YAMAHA)","2013","1","2 - WORN, DAMAGED"
"19640729","GALVESTON","2023-07-04","0","1 - CLEAR","SUZUKI","GS750 (SUZUKI)","2023","0","2 - WORN, DAMAGED"
"19640729","GALVESTON","2023-07-04","0","1 - CLEAR","JEEP","WRANGLER (JEEP)","2021","0","97 - NOT APPLICABLE"
"19640729","GALVESTON","2023-07-04","0","1 - CLEAR","JEEP","WRANGLER (JEEP)","2021","0","97 - NOT APPLICABLE"
"19640729","GALVESTON","2023-07-04","0","1 - CLEAR","JEEP","WRANGLER (JEEP)","2021","0","97 - NOT APPLICABLE"
"19640729","GALVESTON","2023-07-04","0","1 - CLEAR","JEEP","WRANGLER (JEEP)","2021","0","97 - NOT APPLICABLE"
"19642277","ROSENBERG","2023-07-04","1","2 - CLOUDY","POLARIS","SPORTSMAN (POLARIS)","2003","1","1 - NOT WORN"
"19642277","ROSENBERG","2023-07-04","1","2 - CLOUDY","POLARIS","SPORTSMAN (POLARIS)","2003","0","1 - NOT WORN"
"19642277","ROSENBERG","2023-07-04","1","2 - CLOUDY","POLARIS","SPORTSMAN (POLARIS)","2003","0","1 - NOT WORN"
"19648021","OUTSIDE CITY LIMITS","2023-07-04","0","2 - CLOUDY","KAWASAKI","EX300 (KAWASAKI)","2015","0","2 - WORN, DAMAGED"
"19648021","OUTSIDE CITY LIMITS","2023-07-04","0","2 - CLOUDY","CHEVROLET","TAHOE (CHEVROLET)","2016","0","97 - NOT APPLICABLE"
"19648021","OUTSIDE CITY LIMITS","2023-07-04","0","2 - CLOUDY","CHEVROLET","TAHOE (CHEVROLET)","2016","0","97 - NOT APPLICABLE"
"19722503","HOUSTON","2023-07-04","0","1 - CLEAR","UNKNOWN","UNKNOWN (UNKNOWN)","No Data","0","1 - NOT WORN"
"19722503","HOUSTON","2023-07-04","0","1 - CLEAR","UNKNOWN","UNKNOWN (UNKNOWN)","No Data","0","1 - NOT WORN"
"19776431","AUSTIN","2023-07-04","0","1 - CLEAR","HARLEY-DAVIDSON","FLSTC (HARLEY-DAVIDSON)","2008","0","1 - NOT WORN"
"19776431","AUSTIN","2023-07-04","0","1 - CLEAR","FORD","F150 (FORD)","2018","0","97 - NOT APPLICABLE"
"19636565","OUTSIDE CITY LIMITS","2023-07-05","0","1 - CLEAR","OTHER (EXPLAIN IN NARRATIVE)","OTHER (EXPLAIN IN NARRATIVE) (OTHER (EXPLAIN IN NARRATIVE))","2021","0","1 - NOT WORN"
"19642958","FORT WORTH","2023-07-05","0","1 - CLEAR","SUZUKI","GSX600 (SUZUKI)","2007","0","2 - WORN, DAMAGED"
"19642958","FORT WORTH","2023-07-05","0","1 - CLEAR","FORD","F150 (FORD)","2019","0","97 - NOT APPLICABLE"
"19642958","FORT WORTH","2023-07-05","0","1 - CLEAR","FORD","F150 (FORD)","2019","0","97 - NOT APPLICABLE"
"19642958","FORT WORTH","2023-07-05","0","1 - CLEAR","FORD","F150 (FORD)","2019","0","97 - NOT APPLICABLE"
"19642958","FORT WORTH","2023-07-05","0","1 - CLEAR","FORD","F150 (FORD)","2019","0","97 - NOT APPLICABLE"
"19642966","OUTSIDE CITY LIMITS","2023-07-05","0","1 - CLEAR","KAWASAKI","ZG1000 (KAWASAKI)","2001","0","4 - WORN, UNK DAMAGE"
"19643704","GARLAND","2023-07-05","0","1 - CLEAR","FORD","F250 (FORD)","2016","0","97 - NOT APPLICABLE"
"19643704","GARLAND","2023-07-05","0","1 - CLEAR","HONDA","CBR500 (HONDA)","2022","0","1 - NOT WORN"
"19643704","GARLAND","2023-07-05","0","1 - CLEAR","GMC","SIERRA (GMC)","2002","0","97 - NOT APPLICABLE"
"19645026","LA MARQUE","2023-07-05","0","1 - CLEAR","NISSAN","ALTIMA (NISSAN)","2013","0","97 - NOT APPLICABLE"
"19645026","LA MARQUE","2023-07-05","0","1 - CLEAR","SUZUKI","GSX-R1000 (SUZUKI)","2003","0","1 - NOT WORN"
"19645162","ARLINGTON","2023-07-05","0","1 - CLEAR","APRILIA","UNKNOWN (APRILIA)","2004","0","1 - NOT WORN"
"19678693","HOUSTON","2023-07-05","1","1 - CLEAR","DUCATI","SUPERBIKE (DUCATI)","2019","1","99 - UNKNOWN IF WORN"
"19678693","HOUSTON","2023-07-05","1","1 - CLEAR","RAM","1500 (RAM)","2016","0","97 - NOT APPLICABLE"
"19678693","HOUSTON","2023-07-05","1","1 - CLEAR","RAM","1500 (RAM)","2016","0","97 - NOT APPLICABLE"
"19637183","GEORGETOWN","2023-07-06","0","1 - CLEAR","CHEVROLET","SILVERADO C1500 (CHEVROLET)","2011","0","97 - NOT APPLICABLE"
"19637183","GEORGETOWN","2023-07-06","0","1 - CLEAR","CHEVROLET","SILVERADO C1500 (CHEVROLET)","2011","0","97 - NOT APPLICABLE"
"19637183","GEORGETOWN","2023-07-06","0","1 - CLEAR","HARLEY-DAVIDSON","FLH (HARLEY-DAVIDSON)","2012","0","2 - WORN, DAMAGED"
"19642244","EL PASO","2023-07-06","0","1 - CLEAR","INTERNATIONAL","5900 (INTERNATIONAL)","2021","0","97 - NOT APPLICABLE"
"19642244","EL PASO","2023-07-06","0","1 - CLEAR","HONDA","VT700 (HONDA)","2015","0","3 - WORN, NOT DAMAGED"
"19642244","EL PASO","2023-07-06","0","1 - CLEAR","HONDA","VT700 (HONDA)","2015","0","3 - WORN, NOT DAMAGED"
"19645225","ARLINGTON","2023-07-06","0","1 - CLEAR","KAWASAKI","KL650 (KAWASAKI)","2012","0","4 - WORN, UNK DAMAGE"
"19645397","DALLAS","2023-07-06","0","1 - CLEAR","LEXUS","ES 330 (LEXUS)","2006","0","97 - NOT APPLICABLE"
"19645397","DALLAS","2023-07-06","0","1 - CLEAR","SUZUKI","GSX (SUZUKI)","2020","0","2 - WORN, DAMAGED"
"19646311","GARLAND","2023-07-06","0","1 - CLEAR","HONDA","CBR600 (HONDA)","2006","0","2 - WORN, DAMAGED"
"19648073","ABILENE","2023-07-06","1","2 - CLOUDY","DODGE","CHARGER (DODGE)","2015","0","97 - NOT APPLICABLE"
"19648073","ABILENE","2023-07-06","1","2 - CLOUDY","HONDA","VT750 (HONDA)","2006","1","1 - NOT WORN"
"19654699","CORPUS CHRISTI","2023-07-06","0","1 - CLEAR","CHEVROLET","IMPALA (CHEVROLET)","2011","0","97 - NOT APPLICABLE"
"19654699","CORPUS CHRISTI","2023-07-06","0","1 - CLEAR","CHEVROLET","IMPALA (CHEVROLET)","2011","0","97 - NOT APPLICABLE"
"19654699","CORPUS CHRISTI","2023-07-06","0","1 - CLEAR","HONDA","CBR900 (HONDA)","1999","0","1 - NOT WORN"
"19659478","SAN MARCOS","2023-07-06","2","1 - CLEAR","YAMAHA","YZF1000 (YAMAHA)","2015","1","2 - WORN, DAMAGED"
"19659478","SAN MARCOS","2023-07-06","2","1 - CLEAR","YAMAHA","YZF1000 (YAMAHA)","2015","1","2 - WORN, DAMAGED"
"19659478","SAN MARCOS","2023-07-06","2","1 - CLEAR","FORD","EXPEDITION (FORD)","2005","0","97 - NOT APPLICABLE"
"19659478","SAN MARCOS","2023-07-06","2","1 - CLEAR","FORD","EXPEDITION (FORD)","2005","0","97 - NOT APPLICABLE"
"19659478","SAN MARCOS","2023-07-06","2","1 - CLEAR","TOYOTA","COROLLA (TOYOTA)","2022","0","97 - NOT APPLICABLE"
"19659478","SAN MARCOS","2023-07-06","2","1 - CLEAR","TOYOTA","COROLLA (TOYOTA)","2022","0","97 - NOT APPLICABLE"
"19661332","AMARILLO","2023-07-06","1","1 - CLEAR","YAMAHA","YZFR6 (YAMAHA)","2006","1","2 - WORN, DAMAGED"
"19661332","AMARILLO","2023-07-06","1","1 - CLEAR","FORD","F150 (FORD)","2019","0","97 - NOT APPLICABLE"
"19661332","AMARILLO","2023-07-06","1","1 - CLEAR","FORD","F150 (FORD)","2019","0","97 - NOT APPLICABLE"
"19637777","KYLE","2023-07-07","1","1 - CLEAR","DUCATI","MONSTER (DUCATI)","2015","1","2 - WORN, DAMAGED"
"19637777","KYLE","2023-07-07","1","1 - CLEAR","HONDA","FIT (HONDA)","2017","0","97 - NOT APPLICABLE"
"19637777","KYLE","2023-07-07","1","1 - CLEAR","NISSAN","MURANO (NISSAN)","2017","0","97 - NOT APPLICABLE"
"19637777","KYLE","2023-07-07","1","1 - CLEAR","NISSAN","MURANO (NISSAN)","2017","0","97 - NOT APPLICABLE"
"19640268","TYLER","2023-07-07","0","1 - CLEAR","CADILLAC","DTS (CADILLAC)","2007","0","97 - NOT APPLICABLE"
"19640268","TYLER","2023-07-07","0","1 - CLEAR","HARLEY-DAVIDSON","FLH (HARLEY-DAVIDSON)","2008","0","1 - NOT WORN"
"19641976","OUTSIDE CITY LIMITS","2023-07-07","0","1 - CLEAR","VOLKSWAGEN","JETTA (VOLKSWAGEN)","2020","0","97 - NOT APPLICABLE"
"19641976","OUTSIDE CITY LIMITS","2023-07-07","0","1 - CLEAR","YAMAHA","YZFR6 (YAMAHA)","2005","0","2 - WORN, DAMAGED"
"19644428","BELTON","2023-07-07","0","1 - CLEAR","KIA","FORTE (KIA)","2016","0","97 - NOT APPLICABLE"
"19644428","BELTON","2023-07-07","0","1 - CLEAR","KTM","RC 390 (KTM)","2020","0","99 - UNKNOWN IF WORN"
"19654373","LAMPASAS","2023-07-07","0","1 - CLEAR","KAWASAKI","VULCAN 2000 (KAWASAKI)","1999","0","1 - NOT WORN"
"19654373","LAMPASAS","2023-07-07","0","1 - CLEAR","FREIGHTLINER","CHASSIS (FREIGHTLINER)","2000","0","97 - NOT APPLICABLE"
"19659154","MONTGOMERY","2023-07-07","0","1 - CLEAR","HARLEY-DAVIDSON","FLT (HARLEY-DAVIDSON)","2009","0","1 - NOT WORN"
"19640977","GRAPEVINE","2023-07-08","1","1 - CLEAR","YAMAHA","YZFR1 (YAMAHA)","2007","1","2 - WORN, DAMAGED"
"19641545","OUTSIDE CITY LIMITS","2023-07-08","0","1 - CLEAR","HARLEY-DAVIDSON","FLH (HARLEY-DAVIDSON)","2012","0","1 - NOT WORN"
"19643136","FORT WORTH","2023-07-08","1","1 - CLEAR","SUZUKI","GSX (SUZUKI)","2005","1","1 - NOT WORN"
"19643346","OUTSIDE CITY LIMITS","2023-07-08","0","1 - CLEAR","HARLEY-DAVIDSON","FLHP (HARLEY-DAVIDSON)","2018","0","2 - WORN, DAMAGED"
"19644211","AMARILLO","2023-07-08","0","1 - CLEAR","INDIAN MOTORCYCLE CO.","CHALLENGER (INDIAN MOTORCYCLE CO.)","2021","0","1 - NOT WORN"
"19644211","AMARILLO","2023-07-08","0","1 - CLEAR","GMC","SIERRA (GMC)","2015","0","97 - NOT APPLICABLE"
"19644211","AMARILLO","2023-07-08","0","1 - CLEAR","GMC","SIERRA (GMC)","2015","0","97 - NOT APPLICABLE"
"19644211","AMARILLO","2023-07-08","0","1 - CLEAR","GMC","SIERRA (GMC)","2015","0","97 - NOT APPLICABLE"
"19644211","AMARILLO","2023-07-08","0","1 - CLEAR","GMC","SIERRA (GMC)","2015","0","97 - NOT APPLICABLE"
"19644211","AMARILLO","2023-07-08","0","1 - CLEAR","GMC","SIERRA (GMC)","2015","0","97 - NOT APPLICABLE"
"19644211","AMARILLO","2023-07-08","0","1 - CLEAR","HYUNDAI","ELANTRA (HYUNDAI)","2006","0","97 - NOT APPLICABLE"
"19645920","MCALLEN","2023-07-08","0","1 - CLEAR","HARLEY-DAVIDSON","UNKNOWN (HARLEY-DAVIDSON)","2017","0","4 - WORN, UNK DAMAGE"
"19647068","WICHITA FALLS","2023-07-08","0","1 - CLEAR","HARLEY-DAVIDSON","FLD (HARLEY-DAVIDSON)","2004","0","1 - NOT WORN"
"19659314","FLOWER MOUND","2023-07-08","0","1 - CLEAR","HARLEY-DAVIDSON","FLHTCUTG (HARLEY-DAVIDSON)","2022","0","2 - WORN, DAMAGED"
"19726231","COVE","2023-07-08","0","1 - CLEAR","TOYOTA","COROLLA (TOYOTA)","2013","0","97 - NOT APPLICABLE"
"19726231","COVE","2023-07-08","0","1 - CLEAR","HONDA","UNKNOWN (HONDA)","2022","0","99 - UNKNOWN IF WORN"
"19641621","OUTSIDE CITY LIMITS","2023-07-09","0","1 - CLEAR","HARLEY-DAVIDSON","FLSTN (HARLEY-DAVIDSON)","2006","0","1 - NOT WORN"
"19641915","MESQUITE","2023-07-09","0","1 - CLEAR","HARLEY-DAVIDSON","UNKNOWN (HARLEY-DAVIDSON)","2013","0","99 - UNKNOWN IF WORN"
"19641980","MESQUITE","2023-07-09","0","2 - CLOUDY","KAWASAKI","ZX1000 (KAWASAKI)","2012","0","2 - WORN, DAMAGED"
"19641980","MESQUITE","2023-07-09","0","2 - CLOUDY","HONDA","CIVIC (HONDA)","2020","0","97 - NOT APPLICABLE"
"19643358","SAN ANTONIO","2023-07-09","0","2 - CLOUDY","KAWASAKI","UNKNOWN (KAWASAKI)","2002","0","1 - NOT WORN"
"19645008","OUTSIDE CITY LIMITS","2023-07-09","0","1 - CLEAR","HARLEY-DAVIDSON","FLH (HARLEY-DAVIDSON)","2017","0","1 - NOT WORN"
"19645008","OUTSIDE CITY LIMITS","2023-07-09","0","1 - CLEAR","HARLEY-DAVIDSON","FLH (HARLEY-DAVIDSON)","2017","0","4 - WORN, UNK DAMAGE"
"19647160","OUTSIDE CITY LIMITS","2023-07-09","0","2 - CLOUDY","YAMAHA","YZFR1 (YAMAHA)","2001","0","3 - WORN, NOT DAMAGED"
"19647160","OUTSIDE CITY LIMITS","2023-07-09","0","2 - CLOUDY","FORD","EXPLORER (FORD)","2022","0","97 - NOT APPLICABLE"
"19651236","BROWNSVILLE","2023-07-09","0","1 - CLEAR","KAWASAKI","NINJA ZX (KAWASAKI)","2008","0","1 - NOT WORN"
"19652012","GROESBECK","2023-07-09","1","1 - CLEAR","HARLEY-DAVIDSON","FLH (HARLEY-DAVIDSON)","2007","1","1 - NOT WORN"
"19652012","GROESBECK","2023-07-09","1","1 - CLEAR","MITSUBISHI","LANCER (MITSUBISHI)","2015","0","97 - NOT APPLICABLE"
"19652012","GROESBECK","2023-07-09","1","1 - CLEAR","MITSUBISHI","LANCER (MITSUBISHI)","2015","0","97 - NOT APPLICABLE"
"19657452","SAN ANTONIO","2023-07-09","1","1 - CLEAR","HARLEY-DAVIDSON","FXLR (HARLEY-DAVIDSON)","2019","1","1 - NOT WORN"
"19669291","OUTSIDE CITY LIMITS","2023-07-09","0","1 - CLEAR","HARLEY-DAVIDSON","FLTRX (HARLEY-DAVIDSON)","2016","0","1 - NOT WORN"
"19643809","COPPERAS COVE","2023-07-10","0","1 - CLEAR","HONDA","CBR1000 (HONDA)","2012","0","2 - WORN, DAMAGED"
"19643917","OUTSIDE CITY LIMITS","2023-07-10","0","1 - CLEAR","KAWASAKI","KDX250 (KAWASAKI)","2012","0","2 - WORN, DAMAGED"
"19643917","OUTSIDE CITY LIMITS","2023-07-10","0","1 - CLEAR","NISSAN","MURANO (NISSAN)","2003","0","97 - NOT APPLICABLE"
"19645107","OUTSIDE CITY LIMITS","2023-07-10","0","1 - CLEAR","KAWASAKI","ZX1400 (KAWASAKI)","2017","0","2 - WORN, DAMAGED"
"19646044","AUSTIN","2023-07-10","0","1 - CLEAR","HONDA","UNKNOWN (HONDA)","2006","0","4 - WORN, UNK DAMAGE"
"19646044","AUSTIN","2023-07-10","0","1 - CLEAR","JEEP","CHEROKEE (JEEP)","2017","0","97 - NOT APPLICABLE"
"19646044","AUSTIN","2023-07-10","0","1 - CLEAR","SUBARU","UNKNOWN (SUBARU)","2015","0","97 - NOT APPLICABLE"
"19651892","ROUND ROCK","2023-07-10","0","1 - CLEAR","HARLEY-DAVIDSON","UNKNOWN (HARLEY-DAVIDSON)","2014","0","1 - NOT WORN"
"19657790","OUTSIDE CITY LIMITS","2023-07-10","0","1 - CLEAR","HONDA","CMX250 (HONDA)","2001","0","1 - NOT WORN"
"19661814","OUTSIDE CITY LIMITS","2023-07-10","0","3 - RAIN","CHEVROLET","TAHOE (CHEVROLET)","2007","0","97 - NOT APPLICABLE"
"19661814","OUTSIDE CITY LIMITS","2023-07-10","0","3 - RAIN","HARLEY-DAVIDSON","UNKNOWN (HARLEY-DAVIDSON)","2007","0","4 - WORN, UNK DAMAGE"
"19706527","OUTSIDE CITY LIMITS","2023-07-10","0","1 - CLEAR","HARLEY-DAVIDSON","UNKNOWN (HARLEY-DAVIDSON)","2006","0","99 - UNKNOWN IF WORN"
"19706527","OUTSIDE CITY LIMITS","2023-07-10","0","1 - CLEAR","CHEVROLET","C2500 (CHEVROLET)","2021","0","97 - NOT APPLICABLE"
"19706527","OUTSIDE CITY LIMITS","2023-07-10","0","1 - CLEAR","FORD","F150 (FORD)","2021","0","97 - NOT APPLICABLE"
"19644635","HASLET","2023-07-11","0","2 - CLOUDY","HARLEY-DAVIDSON","XL1200 (HARLEY-DAVIDSON)","2018","0","4 - WORN, UNK DAMAGE"
"19645770","MESQUITE","2023-07-11","0","2 - CLOUDY","HARLEY-DAVIDSON","FLT (HARLEY-DAVIDSON)","2020","0","1 - NOT WORN"
"19645770","MESQUITE","2023-07-11","0","2 - CLOUDY","CHEVROLET","TAHOE (CHEVROLET)","2010","0","97 - NOT APPLICABLE"
"19646095","AUSTIN","2023-07-11","0","1 - CLEAR","DUCATI","UNKNOWN (DUCATI)","1999","0","2 - WORN, DAMAGED"
"19646786","HOUSTON","2023-07-11","0","1 - CLEAR","HARLEY-DAVIDSON","XG750A (HARLEY-DAVIDSON)","2023","0","2 - WORN, DAMAGED"
"19647069","LEAGUE CITY","2023-07-11","0","1 - CLEAR","PONTIAC","GRAND PRIX (PONTIAC)","2006","0","97 - NOT APPLICABLE"
"19647069","LEAGUE CITY","2023-07-11","0","1 - CLEAR","PONTIAC","GRAND PRIX (PONTIAC)","2006","0","97 - NOT APPLICABLE"
"19647069","LEAGUE CITY","2023-07-11","0","1 - CLEAR","HONDA","CBR600 (HONDA)","2006","0","2 - WORN, DAMAGED"
"19646877","WAKE VILLAGE","2023-07-12","0","1 - CLEAR","HONDA","GL1500 (HONDA)","2000","0","2 - WORN, DAMAGED"
"19646877","WAKE VILLAGE","2023-07-12","0","1 - CLEAR","FORD","ESCAPE (FORD)","2014","0","97 - NOT APPLICABLE"
"19646877","WAKE VILLAGE","2023-07-12","0","1 - CLEAR","FORD","ESCAPE (FORD)","2014","0","97 - NOT APPLICABLE"
"19648850","HOUSTON","2023-07-12","1","1 - CLEAR","KAWASAKI","KLX140 (KAWASAKI)","2023","1","1 - NOT WORN"
"19648850","HOUSTON","2023-07-12","1","1 - CLEAR","UNKNOWN","UNKNOWN (UNKNOWN)","No Data","0","97 - NOT APPLICABLE"
"19649397","PEARLAND","2023-07-12","0","2 - CLOUDY","TOYOTA","COROLLA (TOYOTA)","2020","0","97 - NOT APPLICABLE"
"19649397","PEARLAND","2023-07-12","0","2 - CLOUDY","ALL OTHER MAKES","UNKNOWN (ALL OTHER MAKES)","2001","0","2 - WORN, DAMAGED"
"19653396","MANSFIELD","2023-07-12","0","1 - CLEAR","FORD","EDGE (FORD)","2015","0","97 - NOT APPLICABLE"
"19653396","MANSFIELD","2023-07-12","0","1 - CLEAR","HARLEY-DAVIDSON","FLTRX (HARLEY-DAVIDSON)","2013","0","2 - WORN, DAMAGED"
"19660975","OUTSIDE CITY LIMITS","2023-07-12","0","1 - CLEAR","KAWASAKI","NINJA ZX (KAWASAKI)","2023","0","2 - WORN, DAMAGED"
"19661147","CORINTH (DENTON)","2023-07-12","0","1 - CLEAR","SUZUKI","GSX-R600 (SUZUKI)","2007","0","4 - WORN, UNK DAMAGE"
"19661798","OUTSIDE CITY LIMITS","2023-07-12","1","1 - CLEAR","HARLEY-DAVIDSON","FLHTC (HARLEY-DAVIDSON)","1996","0","1 - NOT WORN"
"19661798","OUTSIDE CITY LIMITS","2023-07-12","1","1 - CLEAR","MERCURY","GRAND MARQUIS (MERCURY)","2004","0","97 - NOT APPLICABLE"
"19661798","OUTSIDE CITY LIMITS","2023-07-12","1","1 - CLEAR","MERCURY","GRAND MARQUIS (MERCURY)","2004","1","97 - NOT APPLICABLE"
"19661798","OUTSIDE CITY LIMITS","2023-07-12","1","1 - CLEAR","GMC","SIERRA C2500 (GMC)","2015","0","97 - NOT APPLICABLE"
"19661798","OUTSIDE CITY LIMITS","2023-07-12","1","1 - CLEAR","GMC","SIERRA C2500 (GMC)","2015","0","97 - NOT APPLICABLE"
"19661798","OUTSIDE CITY LIMITS","2023-07-12","1","1 - CLEAR","GMC","SIERRA C2500 (GMC)","2015","0","97 - NOT APPLICABLE"
"19661798","OUTSIDE CITY LIMITS","2023-07-12","1","1 - CLEAR","GMC","SIERRA C2500 (GMC)","2015","0","97 - NOT APPLICABLE"
"19661798","OUTSIDE CITY LIMITS","2023-07-12","1","1 - CLEAR","GMC","SIERRA C2500 (GMC)","2015","0","97 - NOT APPLICABLE"
"19662054","FORT WORTH","2023-07-12","0","1 - CLEAR","HARLEY-DAVIDSON","FXB (HARLEY-DAVIDSON)","2020","0","2 - WORN, DAMAGED"
"19669518","OUTSIDE CITY LIMITS","2023-07-12","1","1 - CLEAR","KAWASAKI","ZX600 (KAWASAKI)","2023","1","2 - WORN, DAMAGED"
"19669518","OUTSIDE CITY LIMITS","2023-07-12","1","1 - CLEAR","CHEVROLET","SILVERADO C1500 (CHEVROLET)","2013","0","97 - NOT APPLICABLE"
"19681791","OUTSIDE CITY LIMITS","2023-07-12","0","1 - CLEAR","MACK","UNKNOWN (MACK)","2008","0","97 - NOT APPLICABLE"
"19681791","OUTSIDE CITY LIMITS","2023-07-12","0","1 - CLEAR","FREIGHTLINER","CONVENTIONAL (FREIGHTLINER)","2022","0","97 - NOT APPLICABLE"
"19681791","OUTSIDE CITY LIMITS","2023-07-12","0","1 - CLEAR","HARLEY-DAVIDSON","FLRT (HARLEY-DAVIDSON)","2017","0","1 - NOT WORN"
"19649454","LEAGUE CITY","2023-07-13","0","1 - CLEAR","HARLEY-DAVIDSON","FLTRX (HARLEY-DAVIDSON)","2020","0","1 - NOT WORN"
"19649674","SHERMAN","2023-07-13","0","1 - CLEAR","KAWASAKI","EX400 (KAWASAKI)","2023","0","2 - WORN, DAMAGED"
"19649674","SHERMAN","2023-07-13","0","1 - CLEAR","KENWORTH","UNKNOWN (KENWORTH)","2023","0","97 - NOT APPLICABLE"
"19649674","SHERMAN","2023-07-13","0","1 - CLEAR","FREIGHTLINER","UNKNOWN (FREIGHTLINER)","2019","0","97 - NOT APPLICABLE"
"19650367","OUTSIDE CITY LIMITS","2023-07-13","0","1 - CLEAR","SUZUKI","GSX-R1100 (SUZUKI)","2007","0","1 - NOT WORN"
"19651458","OUTSIDE CITY LIMITS","2023-07-13","0","1 - CLEAR","HARLEY-DAVIDSON","XG750 (HARLEY-DAVIDSON)","2019","0","1 - NOT WORN"
"19665237","IRVING","2023-07-13","0","1 - CLEAR","YAMAHA","FZX700 (YAMAHA)","2014","0","4 - WORN, UNK DAMAGE"
"19665237","IRVING","2023-07-13","0","1 - CLEAR","FORD","F150 (FORD)","2011","0","97 - NOT APPLICABLE"
"19665237","IRVING","2023-07-13","0","1 - CLEAR","DODGE","DURANGO (DODGE)","2019","0","97 - NOT APPLICABLE"
"19665237","IRVING","2023-07-13","0","1 - CLEAR","NISSAN","ALTIMA (NISSAN)","2012","0","97 - NOT APPLICABLE"
"19650623","ALLEN","2023-07-14","0","1 - CLEAR","HARLEY-DAVIDSON","XLH1200 (HARLEY-DAVIDSON)","1997","0","4 - WORN, UNK DAMAGE"
"19651126","SAN ANTONIO","2023-07-14","1","1 - CLEAR","FORD","F150 (FORD)","2005","0","97 - NOT APPLICABLE"
"19651126","SAN ANTONIO","2023-07-14","1","1 - CLEAR","FORD","F150 (FORD)","2005","0","97 - NOT APPLICABLE"
"19651126","SAN ANTONIO","2023-07-14","1","1 - CLEAR","HARLEY-DAVIDSON","FXST (HARLEY-DAVIDSON)","2002","1","99 - UNKNOWN IF WORN"
"19651464","TYLER","2023-07-14","0","1 - CLEAR","TOYOTA","CAMRY (TOYOTA)","2014","0","97 - NOT APPLICABLE"
"19651464","TYLER","2023-07-14","0","1 - CLEAR","TOYOTA","CAMRY (TOYOTA)","2014","0","97 - NOT APPLICABLE"
"19651464","TYLER","2023-07-14","0","1 - CLEAR","TOYOTA","CAMRY (TOYOTA)","2014","0","97 - NOT APPLICABLE"
"19651464","TYLER","2023-07-14","0","1 - CLEAR","HONDA","UNKNOWN (HONDA)","2005","0","1 - NOT WORN"
"19652171","LA MARQUE","2023-07-14","0","1 - CLEAR","HONDA","CBR600 (HONDA)","2007","0","1 - NOT WORN"
"19653276","BEAUMONT","2023-07-14","0","1 - CLEAR","KAWASAKI","ZX1000 (KAWASAKI)","2023","0","2 - WORN, DAMAGED"
"19653276","BEAUMONT","2023-07-14","0","1 - CLEAR","HONDA","PILOT (HONDA)","2023","0","97 - NOT APPLICABLE"
"19653276","BEAUMONT","2023-07-14","0","1 - CLEAR","HONDA","PILOT (HONDA)","2023","0","97 - NOT APPLICABLE"
"19653276","BEAUMONT","2023-07-14","0","1 - CLEAR","HONDA","PILOT (HONDA)","2023","0","97 - NOT APPLICABLE"
"19653276","BEAUMONT","2023-07-14","0","1 - CLEAR","HONDA","PILOT (HONDA)","2023","0","97 - NOT APPLICABLE"
"19653411","MANSFIELD","2023-07-14","0","1 - CLEAR","TOYOTA","CAMRY (TOYOTA)","2006","0","97 - NOT APPLICABLE"
"19653411","MANSFIELD","2023-07-14","0","1 - CLEAR","TOYOTA","CAMRY (TOYOTA)","2006","0","97 - NOT APPLICABLE"
"19653411","MANSFIELD","2023-07-14","0","1 - CLEAR","HONDA","GROM (HONDA)","2022","0","4 - WORN, UNK DAMAGE"
"19653411","MANSFIELD","2023-07-14","0","1 - CLEAR","HONDA","GROM (HONDA)","2023","0","4 - WORN, UNK DAMAGE"
"19653475","COLLEGE STATION","2023-07-14","0","1 - CLEAR","DUCATI","1198 (DUCATI)","2011","0","2 - WORN, DAMAGED"
"19653475","COLLEGE STATION","2023-07-14","0","1 - CLEAR","KIA","CARNIVAL (KIA)","2023","0","97 - NOT APPLICABLE"
"19655869","OUTSIDE CITY LIMITS","2023-07-14","0","1 - CLEAR","BUICK","ENVISION (BUICK)","2023","0","97 - NOT APPLICABLE"
"19655869","OUTSIDE CITY LIMITS","2023-07-14","0","1 - CLEAR","HARLEY-DAVIDSON","FLH (HARLEY-DAVIDSON)","2016","0","1 - NOT WORN"
"19659092","HOUSTON","2023-07-14","0","2 - CLOUDY","FORD","EXPEDITION (FORD)","2010","0","97 - NOT APPLICABLE"
"19659092","HOUSTON","2023-07-14","0","2 - CLOUDY","HONDA","VFR800 (HONDA)","2013","0","2 - WORN, DAMAGED"
"19660371","FORT WORTH","2023-07-14","0","1 - CLEAR","HARLEY-DAVIDSON","UNKNOWN (HARLEY-DAVIDSON)","2005","0","99 - UNKNOWN IF WORN"
"19660371","FORT WORTH","2023-07-14","0","1 - CLEAR","FORD","F150 (FORD)","2011","0","97 - NOT APPLICABLE"
"19663614","OUTSIDE CITY LIMITS","2023-07-14","0","1 - CLEAR","INDIAN MOTORCYCLE CO.","SCOUT (INDIAN MOTORCYCLE CO.)","2023","0","2 - WORN, DAMAGED"
"19663614","OUTSIDE CITY LIMITS","2023-07-14","0","1 - CLEAR","FORD","ESCAPE (FORD)","2009","0","97 - NOT APPLICABLE"
"19663614","OUTSIDE CITY LIMITS","2023-07-14","0","1 - CLEAR","FORD","ESCAPE (FORD)","2009","0","97 - NOT APPLICABLE"
"19840525","FORT WORTH","2023-07-14","1","1 - CLEAR","INFINITI","QX60 (INFINITI)","2018","0","97 - NOT APPLICABLE"
"19840525","FORT WORTH","2023-07-14","1","1 - CLEAR","INFINITI","QX60 (INFINITI)","2018","0","97 - NOT APPLICABLE"
"19840525","FORT WORTH","2023-07-14","1","1 - CLEAR","INFINITI","QX60 (INFINITI)","2018","0","97 - NOT APPLICABLE"
"19840525","FORT WORTH","2023-07-14","1","1 - CLEAR","INFINITI","QX60 (INFINITI)","2018","0","97 - NOT APPLICABLE"
"19840525","FORT WORTH","2023-07-14","1","1 - CLEAR","TRIUMPH MOTORCYCLE","UNKNOWN (TRIUMPH MOTORCYCLE)","2007","1","2 - WORN, DAMAGED"
"19651814","LAREDO","2023-07-15","0","1 - CLEAR","YAMAHA","UNKNOWN (YAMAHA)","2007","0","1 - NOT WORN"
"19652314","SAN ANTONIO","2023-07-15","0","1 - CLEAR","BMW","R1200 (BMW)","2010","0","1 - NOT WORN"
"19653973","AUSTIN","2023-07-15","1","1 - CLEAR","HARLEY-DAVIDSON","UNKNOWN (HARLEY-DAVIDSON)","2014","1","1 - NOT WORN"
"19653973","AUSTIN","2023-07-15","1","1 - CLEAR","SUBARU","UNKNOWN (SUBARU)","2012","0","97 - NOT APPLICABLE"
"19654263","OUTSIDE CITY LIMITS","2023-07-15","1","1 - CLEAR","HONDA","ACCORD (HONDA)","2012","0","97 - NOT APPLICABLE"
"19654263","OUTSIDE CITY LIMITS","2023-07-15","1","1 - CLEAR","HONDA","ACCORD (HONDA)","2012","0","97 - NOT APPLICABLE"
"19654263","OUTSIDE CITY LIMITS","2023-07-15","1","1 - CLEAR","HARLEY-DAVIDSON","FLD (HARLEY-DAVIDSON)","2004","1","1 - NOT WORN"
"19654263","OUTSIDE CITY LIMITS","2023-07-15","1","1 - CLEAR","HARLEY-DAVIDSON","FLD (HARLEY-DAVIDSON)","2004","0","1 - NOT WORN"
"19655795","SHERMAN","2023-07-15","0","1 - CLEAR","YAMAHA","YZF600 (YAMAHA)","2007","0","3 - WORN, NOT DAMAGED"
"19655795","SHERMAN","2023-07-15","0","1 - CLEAR","DODGE","JOURNEY (DODGE)","2019","0","97 - NOT APPLICABLE"
"19655795","SHERMAN","2023-07-15","0","1 - CLEAR","DODGE","JOURNEY (DODGE)","2019","0","97 - NOT APPLICABLE"
"19655795","SHERMAN","2023-07-15","0","1 - CLEAR","DODGE","JOURNEY (DODGE)","2019","0","97 - NOT APPLICABLE"
"19655795","SHERMAN","2023-07-15","0","1 - CLEAR","DODGE","JOURNEY (DODGE)","2019","0","97 - NOT APPLICABLE"
"19656217","OUTSIDE CITY LIMITS","2023-07-15","0","1 - CLEAR","HARLEY-DAVIDSON","XLS (HARLEY-DAVIDSON)","2014","0","1 - NOT WORN"
"19656476","FRISCO","2023-07-15","0","1 - CLEAR","VICTORY MOTORCYCLES","CROSS COUNTRY (VICTORY MOTORCYCLES)","2017","0","2 - WORN, DAMAGED"
"19656997","OUTSIDE CITY LIMITS","2023-07-15","1","1 - CLEAR","HARLEY-DAVIDSON","UNKNOWN (HARLEY-DAVIDSON)","2011","1","1 - NOT WORN"
"19659837","OUTSIDE CITY LIMITS","2023-07-15","1","1 - CLEAR","DODGE","DAKOTA (DODGE)","2007","0","97 - NOT APPLICABLE"
"19659837","OUTSIDE CITY LIMITS","2023-07-15","1","1 - CLEAR","BMW","K1600 (BMW)","2018","1","2 - WORN, DAMAGED"
"19663009","MIDLAND","2023-07-15","1","1 - CLEAR","KAWASAKI","UNKNOWN (KAWASAKI)","2015","1","1 - NOT WORN"
"19669512","OUTSIDE CITY LIMITS","2023-07-15","0","2 - CLOUDY","HARLEY-DAVIDSON","FLHPI (HARLEY-DAVIDSON)","2004","0","1 - NOT WORN"
"19670339","OUTSIDE CITY LIMITS","2023-07-15","0","1 - CLEAR","KAWASAKI","KL650 (KAWASAKI)","2011","0","2 - WORN, DAMAGED"
"19717543","OUTSIDE CITY LIMITS","2023-07-15","0","1 - CLEAR","HARLEY-DAVIDSON","FLHTP (HARLEY-DAVIDSON)","2005","0","1 - NOT WORN"
"19652200","EL PASO","2023-07-16","1","1 - CLEAR","SUZUKI","GSX-R1000 (SUZUKI)","2002","1","3 - WORN, NOT DAMAGED"
"19655734","CORPUS CHRISTI","2023-07-16","0","1 - CLEAR","BUELL","UNKNOWN (BUELL)","2006","0","2 - WORN, DAMAGED"
"19666421","SAN ANTONIO","2023-07-16","0","1 - CLEAR","SUZUKI","GSX (SUZUKI)","2022","0","99 - UNKNOWN IF WORN"
"19666421","SAN ANTONIO","2023-07-16","0","1 - CLEAR","SUZUKI","GSX (SUZUKI)","2022","0","1 - NOT WORN"
"19660655","OUTSIDE CITY LIMITS","2023-07-17","0","1 - CLEAR","HARLEY-DAVIDSON","UNKNOWN (HARLEY-DAVIDSON)","2014","0","1 - NOT WORN"
"19660655","OUTSIDE CITY LIMITS","2023-07-17","0","1 - CLEAR","HARLEY-DAVIDSON","UNKNOWN (HARLEY-DAVIDSON)","2014","0","1 - NOT WORN"
"19691548","OUTSIDE CITY LIMITS","2023-07-17","1","1 - CLEAR","FORD","EDGE (FORD)","2011","0","97 - NOT APPLICABLE"
"19691548","OUTSIDE CITY LIMITS","2023-07-17","1","1 - CLEAR","FORD","EDGE (FORD)","2011","0","97 - NOT APPLICABLE"
"19691548","OUTSIDE CITY LIMITS","2023-07-17","1","1 - CLEAR","FORD","EDGE (FORD)","2011","1","97 - NOT APPLICABLE"
"19691548","OUTSIDE CITY LIMITS","2023-07-17","1","1 - CLEAR","ALL OTHER MAKES","UNKNOWN (ALL OTHER MAKES)","2008","0","1 - NOT WORN"
"19691548","OUTSIDE CITY LIMITS","2023-07-17","1","1 - CLEAR","FREIGHTLINER","CASCADIA 113 (FREIGHTLINER)","2021","0","97 - NOT APPLICABLE"
"19658018","OUTSIDE CITY LIMITS","2023-07-18","0","1 - CLEAR","HONDA","CB250 (HONDA)","1983","0","1 - NOT WORN"
"19659433","CONROE","2023-07-18","1","1 - CLEAR","DODGE","RAM 1500 (DODGE)","2016","0","97 - NOT APPLICABLE"
"19659433","CONROE","2023-07-18","1","1 - CLEAR","YAMAHA","UNKNOWN (YAMAHA)","2009","1","2 - WORN, DAMAGED"
"19662973","OUTSIDE CITY LIMITS","2023-07-18","0","1 - CLEAR","HONDA","CIVIC (HONDA)","2012","0","97 - NOT APPLICABLE"
"19662973","OUTSIDE CITY LIMITS","2023-07-18","0","1 - CLEAR","KAWASAKI","VULCAN 2000 (KAWASAKI)","2013","0","1 - NOT WORN"
"19663720","TEMPLE","2023-07-18","0","1 - CLEAR","HONDA","CBR1000 (HONDA)","2008","0","1 - NOT WORN"
"19668883","HOUSTON","2023-07-18","0","1 - CLEAR","HONDA","UNKNOWN (HONDA)","2022","0","1 - NOT WORN"
"19668883","HOUSTON","2023-07-18","0","1 - CLEAR","FORD","ESCAPE (FORD)","2020","0","97 - NOT APPLICABLE"
"19670630","BRYAN","2023-07-18","0","1 - CLEAR","HARLEY-DAVIDSON","XL883 (HARLEY-DAVIDSON)","2022","0","1 - NOT WORN"
"19670630","BRYAN","2023-07-18","0","1 - CLEAR","No Data","No Data","No Data","0","97 - NOT APPLICABLE"
"19673521","EDINBURG","2023-07-18","0","1 - CLEAR","YAMAHA","YZFR3 (YAMAHA)","2015","0","1 - NOT WORN"
"19673521","EDINBURG","2023-07-18","0","1 - CLEAR","YAMAHA","YZFR3 (YAMAHA)","2015","0","1 - NOT WORN"
"19679569","FORT WORTH","2023-07-18","0","1 - CLEAR","INDIAN MOTORCYCLE CO.","CHALLENGER (INDIAN MOTORCYCLE CO.)","2020","0","1 - NOT WORN"
"19679569","FORT WORTH","2023-07-18","0","1 - CLEAR","INDIAN MOTORCYCLE CO.","CHALLENGER (INDIAN MOTORCYCLE CO.)","2020","0","1 - NOT WORN"
"19661341","AMARILLO","2023-07-19","0","1 - CLEAR","KIA","SEDONA (KIA)","2012","0","97 - NOT APPLICABLE"
"19661341","AMARILLO","2023-07-19","0","1 - CLEAR","KIA","SEDONA (KIA)","2012","0","97 - NOT APPLICABLE"
"19661341","AMARILLO","2023-07-19","0","1 - CLEAR","HONDA","ATC125 (HONDA)","2021","0","3 - WORN, NOT DAMAGED"
"19662324","PLANO","2023-07-19","0","1 - CLEAR","NISSAN","ALTIMA (NISSAN)","2012","0","97 - NOT APPLICABLE"
"19662324","PLANO","2023-07-19","0","1 - CLEAR","HARLEY-DAVIDSON","FLDE (HARLEY-DAVIDSON)","2004","0","2 - WORN, DAMAGED"
"19673023","OUTSIDE CITY LIMITS","2023-07-19","0","1 - CLEAR","HARLEY-DAVIDSON","UNKNOWN (HARLEY-DAVIDSON)","2015","0","1 - NOT WORN"
"19673023","OUTSIDE CITY LIMITS","2023-07-19","0","1 - CLEAR","YAMAHA","UNKNOWN (YAMAHA)","2015","0","1 - NOT WORN"
"19687358","HOUSTON","2023-07-19","1","1 - CLEAR","HONDA","GL1100 (HONDA)","2014","1","4 - WORN, UNK DAMAGE"
"19687358","HOUSTON","2023-07-19","1","1 - CLEAR","DODGE","RAM 1500 (DODGE)","2009","0","97 - NOT APPLICABLE"
"19687358","HOUSTON","2023-07-19","1","1 - CLEAR","GMC","SIERRA (GMC)","2022","0","97 - NOT APPLICABLE"
"19705535","OUTSIDE CITY LIMITS","2023-07-19","1","1 - CLEAR","YAMAHA","UNKNOWN (YAMAHA)","2006","1","2 - WORN, DAMAGED"
"19705535","OUTSIDE CITY LIMITS","2023-07-19","1","1 - CLEAR","CHEVROLET","SILVERADO (CHEVROLET)","2007","0","97 - NOT APPLICABLE"
"19705535","OUTSIDE CITY LIMITS","2023-07-19","1","1 - CLEAR","CHEVROLET","SILVERADO (CHEVROLET)","2007","0","97 - NOT APPLICABLE"
"19705631","OUTSIDE CITY LIMITS","2023-07-19","1","1 - CLEAR","KAWASAKI","UNKNOWN (KAWASAKI)","2023","1","2 - WORN, DAMAGED"
"19705631","OUTSIDE CITY LIMITS","2023-07-19","1","1 - CLEAR","FORD","F250 (FORD)","2021","0","97 - NOT APPLICABLE"
"19661956","SEGUIN","2023-07-20","0","1 - CLEAR","CHEVROLET","TRAX (CHEVROLET)","2018","0","97 - NOT APPLICABLE"
"19661956","SEGUIN","2023-07-20","0","1 - CLEAR","ALL OTHER MAKES","UNKNOWN (ALL OTHER MAKES)","No Data","0","1 - NOT WORN"
"19661971","OUTSIDE CITY LIMITS","2023-07-20","0","1 - CLEAR","HARLEY-DAVIDSON","UNKNOWN (HARLEY-DAVIDSON)","2004","0","99 - UNKNOWN IF WORN"
"19662707","OUTSIDE CITY LIMITS","2023-07-20","0","1 - CLEAR","SUZUKI","GSX-R750 (SUZUKI)","2013","0","3 - WORN, NOT DAMAGED"
"19662707","OUTSIDE CITY LIMITS","2023-07-20","0","1 - CLEAR","FORD","F150 (FORD)","2020","0","97 - NOT APPLICABLE"
"19662707","OUTSIDE CITY LIMITS","2023-07-20","0","1 - CLEAR","FORD","F150 (FORD)","2020","0","97 - NOT APPLICABLE"
"19668548","OUTSIDE CITY LIMITS","2023-07-20","0","2 - CLOUDY","FORD","EXPLORER (FORD)","2018","0","97 - NOT APPLICABLE"
"19668548","OUTSIDE CITY LIMITS","2023-07-20","0","2 - CLOUDY","KAWASAKI","VULCAN 2000 (KAWASAKI)","2008","0","2 - WORN, DAMAGED"
"19668548","OUTSIDE CITY LIMITS","2023-07-20","0","2 - CLOUDY","FORD","F250 (FORD)","2022","0","97 - NOT APPLICABLE"
"19668563","CRESSON","2023-07-20","0","2 - CLOUDY","JEEP","WRANGLER (JEEP)","2012","0","97 - NOT APPLICABLE"
"19668563","CRESSON","2023-07-20","0","2 - CLOUDY","HARLEY-DAVIDSON","XL883 (HARLEY-DAVIDSON)","2021","0","3 - WORN, NOT DAMAGED"
"19670198","OUTSIDE CITY LIMITS","2023-07-20","0","1 - CLEAR","YAMAHA","YZF600 (YAMAHA)","2010","0","4 - WORN, UNK DAMAGE"
"19674119","DALLAS","2023-07-20","0","1 - CLEAR","HONDA","VT750 (HONDA)","2001","0","2 - WORN, DAMAGED"
"19674119","DALLAS","2023-07-20","0","1 - CLEAR","HONDA","CR-V (HONDA)","2011","0","97 - NOT APPLICABLE"
"19674119","DALLAS","2023-07-20","0","1 - CLEAR","HONDA","CR-V (HONDA)","2011","0","97 - NOT APPLICABLE"
"19674119","DALLAS","2023-07-20","0","1 - CLEAR","KIA","SORENTO (KIA)","2008","0","97 - NOT APPLICABLE"
"19679959","OUTSIDE CITY LIMITS","2023-07-20","0","1 - CLEAR","HARLEY-DAVIDSON","FXSTD (HARLEY-DAVIDSON)","2001","0","1 - NOT WORN"
"19679959","OUTSIDE CITY LIMITS","2023-07-20","0","1 - CLEAR","HARLEY-DAVIDSON","FXSTD (HARLEY-DAVIDSON)","2001","0","1 - NOT WORN"
"19693688","CLEVELAND","2023-07-20","1","1 - CLEAR","HONDA","VTX1300 (HONDA)","2007","1","1 - NOT WORN"
"19693688","CLEVELAND","2023-07-20","1","1 - CLEAR","FORD","F150 (FORD)","2015","0","97 - NOT APPLICABLE"
"19662752","OUTSIDE CITY LIMITS","2023-07-21","0","1 - CLEAR","HYUNDAI","ELANTRA (HYUNDAI)","2020","0","97 - NOT APPLICABLE"
"19662752","OUTSIDE CITY LIMITS","2023-07-21","0","1 - CLEAR","YAMAHA","UNKNOWN (YAMAHA)","2009","0","4 - WORN, UNK DAMAGE"
"19662825","BOERNE","2023-07-21","0","1 - CLEAR","UNKNOWN","UNKNOWN (UNKNOWN)","No Data","0","1 - NOT WORN"
"19662825","BOERNE","2023-07-21","0","1 - CLEAR","VOLKSWAGEN","PASSAT (VOLKSWAGEN)","2019","0","97 - NOT APPLICABLE"
"19663782","OUTSIDE CITY LIMITS","2023-07-21","0","1 - CLEAR","HONDA","UNKNOWN (HONDA)","2002","0","1 - NOT WORN"
"19664119","OUTSIDE CITY LIMITS","2023-07-21","0","2 - CLOUDY","YAMAHA","UNKNOWN (YAMAHA)","2009","0","2 - WORN, DAMAGED"
"19665785","HOUSTON","2023-07-21","0","1 - CLEAR","KAWASAKI","UNKNOWN (KAWASAKI)","2019","0","99 - UNKNOWN IF WORN"
"19665785","HOUSTON","2023-07-21","0","1 - CLEAR","HONDA","ACCORD (HONDA)","2010","0","97 - NOT APPLICABLE"
"19667306","HOUSTON","2023-07-21","0","1 - CLEAR","UNKNOWN","UNKNOWN (UNKNOWN)","No Data","0","97 - NOT APPLICABLE"
"19667306","HOUSTON","2023-07-21","0","1 - CLEAR","HARLEY-DAVIDSON","FXB (HARLEY-DAVIDSON)","2021","0","1 - NOT WORN"
"19668372","OUTSIDE CITY LIMITS","2023-07-21","1","1 - CLEAR","DODGE","RAM 3500 (DODGE)","2012","0","97 - NOT APPLICABLE"
"19668372","OUTSIDE CITY LIMITS","2023-07-21","1","1 - CLEAR","DODGE","RAM 3500 (DODGE)","2012","0","97 - NOT APPLICABLE"
"19668372","OUTSIDE CITY LIMITS","2023-07-21","1","1 - CLEAR","DODGE","RAM 3500 (DODGE)","2012","0","97 - NOT APPLICABLE"
"19668372","OUTSIDE CITY LIMITS","2023-07-21","1","1 - CLEAR","HARLEY-DAVIDSON","FXST (HARLEY-DAVIDSON)","1998","1","99 - UNKNOWN IF WORN"
"19672254","EDINBURG","2023-07-21","0","1 - CLEAR","BMW","X3 (BMW)","2020","0","97 - NOT APPLICABLE"
"19672254","EDINBURG","2023-07-21","0","1 - CLEAR","BMW","X3 (BMW)","2020","0","97 - NOT APPLICABLE"
"19672254","EDINBURG","2023-07-21","0","1 - CLEAR","HARLEY-DAVIDSON","UNKNOWN (HARLEY-DAVIDSON)","2002","0","4 - WORN, UNK DAMAGE"
"19673587","OUTSIDE CITY LIMITS","2023-07-21","0","1 - CLEAR","HARLEY-DAVIDSON","FLH (HARLEY-DAVIDSON)","2015","0","2 - WORN, DAMAGED"
"19676023","ENNIS","2023-07-21","1","1 - CLEAR","SUZUKI","GSX (SUZUKI)","2005","1","3 - WORN, NOT DAMAGED"
"19681347","OUTSIDE CITY LIMITS","2023-07-21","0","1 - CLEAR","HONDA","CBR600 (HONDA)","2002","0","1 - NOT WORN"
"19700988","OUTSIDE CITY LIMITS","2023-07-21","0","1 - CLEAR","NISSAN","VERSA (NISSAN)","2020","0","97 - NOT APPLICABLE"
"19700988","OUTSIDE CITY LIMITS","2023-07-21","0","1 - CLEAR","SUZUKI","GSX (SUZUKI)","2023","0","2 - WORN, DAMAGED"
"19664186","DONNA","2023-07-22","0","1 - CLEAR","YAMAHA","XVS1300 (YAMAHA)","2007","0","1 - NOT WORN"
"19664833","OUTSIDE CITY LIMITS","2023-07-22","0","1 - CLEAR","HONDA","CBR1000 (HONDA)","2014","0","2 - WORN, DAMAGED"
"19664833","OUTSIDE CITY LIMITS","2023-07-22","0","1 - CLEAR","HONDA","CBR1000 (HONDA)","2014","0","2 - WORN, DAMAGED"
"19664833","OUTSIDE CITY LIMITS","2023-07-22","0","1 - CLEAR","CHEVROLET","IMPALA (CHEVROLET)","2005","0","97 - NOT APPLICABLE"
"19664833","OUTSIDE CITY LIMITS","2023-07-22","0","1 - CLEAR","CHEVROLET","IMPALA (CHEVROLET)","2005","0","97 - NOT APPLICABLE"
"19665364","KILLEEN","2023-07-22","0","1 - CLEAR","OTHER (EXPLAIN IN NARRATIVE)","OTHER (EXPLAIN IN NARRATIVE) (OTHER (EXPLAIN IN NARRATIVE))","2021","0","2 - WORN, DAMAGED"
"19665797","MUENSTER","2023-07-22","1","1 - CLEAR","BMW","S 1000 (BMW)","2022","1","2 - WORN, DAMAGED"
"19665797","MUENSTER","2023-07-22","1","1 - CLEAR","FORD","BRONCO (FORD)","2021","0","97 - NOT APPLICABLE"
"19665946","LUBBOCK","2023-07-22","0","1 - CLEAR","HARLEY-DAVIDSON","FLH (HARLEY-DAVIDSON)","2007","0","1 - NOT WORN"
"19665946","LUBBOCK","2023-07-22","0","1 - CLEAR","HARLEY-DAVIDSON","FLH (HARLEY-DAVIDSON)","2014","0","1 - NOT WORN"
"19666262","IRVING","2023-07-22","0","1 - CLEAR","SUZUKI","UNKNOWN (SUZUKI)","2009","0","1 - NOT WORN"
"19669540","THE COLONY","2023-07-22","0","1 - CLEAR","KIA","SORENTO (KIA)","2016","0","97 - NOT APPLICABLE"
"19669540","THE COLONY","2023-07-22","0","1 - CLEAR","HONDA","CMX1100 (HONDA)","2021","0","2 - WORN, DAMAGED"
"19670242","OUTSIDE CITY LIMITS","2023-07-22","0","2 - CLOUDY","HARLEY-DAVIDSON","UNKNOWN (HARLEY-DAVIDSON)","2007","0","1 - NOT WORN"
"19670261","OUTSIDE CITY LIMITS","2023-07-22","0","1 - CLEAR","HARLEY-DAVIDSON","XL883 (HARLEY-DAVIDSON)","2019","0","1 - NOT WORN"
"19670593","OUTSIDE CITY LIMITS","2023-07-22","0","1 - CLEAR","KAWASAKI","VULCAN 2000 (KAWASAKI)","2003","0","99 - UNKNOWN IF WORN"
"19673059","FORT WORTH","2023-07-22","0","1 - CLEAR","UNKNOWN","UNKNOWN (UNKNOWN)","2000","0","97 - NOT APPLICABLE"
"19673059","FORT WORTH","2023-07-22","0","1 - CLEAR","YAMAHA","XVS650 (YAMAHA)","2007","0","99 - UNKNOWN IF WORN"
"19673256","OUTSIDE CITY LIMITS","2023-07-22","0","1 - CLEAR","HARLEY-DAVIDSON","FLH (HARLEY-DAVIDSON)","2020","0","2 - WORN, DAMAGED"
"19675285","OUTSIDE CITY LIMITS","2023-07-22","1","2 - CLOUDY","NISSAN","ALTIMA (NISSAN)","2017","0","97 - NOT APPLICABLE"
"19675285","OUTSIDE CITY LIMITS","2023-07-22","1","2 - CLOUDY","HONDA","CBR600 (HONDA)","2012","1","2 - WORN, DAMAGED"
"19675285","OUTSIDE CITY LIMITS","2023-07-22","1","2 - CLOUDY","HONDA","CBR600 (HONDA)","2012","0","2 - WORN, DAMAGED"
"19678819","OUTSIDE CITY LIMITS","2023-07-22","0","1 - CLEAR","CHEVROLET","SILVERADO K2500 (CHEVROLET)","2024","0","97 - NOT APPLICABLE"
"19678819","OUTSIDE CITY LIMITS","2023-07-22","0","1 - CLEAR","HARLEY-DAVIDSON","FLT (HARLEY-DAVIDSON)","2017","0","2 - WORN, DAMAGED"
"19678999","LUBBOCK","2023-07-22","0","1 - CLEAR","NISSAN","SENTRA (NISSAN)","2016","0","97 - NOT APPLICABLE"
"19678999","LUBBOCK","2023-07-22","0","1 - CLEAR","NISSAN","SENTRA (NISSAN)","2016","0","97 - NOT APPLICABLE"
"19678999","LUBBOCK","2023-07-22","0","1 - CLEAR","YAMAHA","FZ8 (YAMAHA)","2011","0","2 - WORN, DAMAGED"
"19679195","OUTSIDE CITY LIMITS","2023-07-22","0","1 - CLEAR","HARLEY-DAVIDSON","FXS (HARLEY-DAVIDSON)","2003","0","1 - NOT WORN"
"19695267","SISTERDALE","2023-07-22","0","1 - CLEAR","HARLEY-DAVIDSON","FXS (HARLEY-DAVIDSON)","2020","0","1 - NOT WORN"
"19695267","SISTERDALE","2023-07-22","0","1 - CLEAR","HARLEY-DAVIDSON","FXS (HARLEY-DAVIDSON)","2020","0","1 - NOT WORN"
"19667643","FORT WORTH","2023-07-23","1","1 - CLEAR","SUZUKI","GSX (SUZUKI)","2020","1","1 - NOT WORN"
"19667921","OUTSIDE CITY LIMITS","2023-07-23","1","2 - CLOUDY","SUZUKI","M50 (SUZUKI)","2008","1","2 - WORN, DAMAGED"
"19669218","OUTSIDE CITY LIMITS","2023-07-23","0","1 - CLEAR","SUZUKI","GSX (SUZUKI)","2019","0","2 - WORN, DAMAGED"
"19675223","HOUSTON","2023-07-23","0","1 - CLEAR","YAMAHA","UNKNOWN (YAMAHA)","2003","0","2 - WORN, DAMAGED"
"19677171","OUTSIDE CITY LIMITS","2023-07-23","0","1 - CLEAR","TRIUMPH MOTORCYCLE","BONNEVILLE (TRIUMPH MOTORCYCLE)","2011","0","1 - NOT WORN"
"19679124","CIBOLO","2023-07-23","0","1 - CLEAR","HYUNDAI","SANTA FE (HYUNDAI)","2014","0","97 - NOT APPLICABLE"
"19679124","CIBOLO","2023-07-23","0","1 - CLEAR","UNKNOWN","UNKNOWN (UNKNOWN)","2000","0","1 - NOT WORN"
"19683431","OUTSIDE CITY LIMITS","2023-07-23","0","1 - CLEAR","HARLEY-DAVIDSON","UNKNOWN (HARLEY-DAVIDSON)","2022","0","1 - NOT WORN"
"19684637","JONESTOWN","2023-07-23","1","1 - CLEAR","DODGE","RAM 3500 (DODGE)","2012","0","97 - NOT APPLICABLE"
"19684637","JONESTOWN","2023-07-23","1","1 - CLEAR","DODGE","RAM 3500 (DODGE)","2012","0","97 - NOT APPLICABLE"
"19684637","JONESTOWN","2023-07-23","1","1 - CLEAR","DODGE","RAM 3500 (DODGE)","2012","0","97 - NOT APPLICABLE"
"19684637","JONESTOWN","2023-07-23","1","1 - CLEAR","BMW","S 1000 (BMW)","2023","1","2 - WORN, DAMAGED"
"19684637","JONESTOWN","2023-07-23","1","1 - CLEAR","KAWASAKI","NINJA ZX (KAWASAKI)","2023","0","2 - WORN, DAMAGED"
"19685596","HOUSTON","2023-07-23","0","2 - CLOUDY","UNKNOWN","UNKNOWN (UNKNOWN)","No Data","0","97 - NOT APPLICABLE"
"19685596","HOUSTON","2023-07-23","0","2 - CLOUDY","HONDA","UNKNOWN (HONDA)","2002","0","1 - NOT WORN"
"19688072","OUTSIDE CITY LIMITS","2023-07-23","0","1 - CLEAR","HARLEY-DAVIDSON","FLHX (HARLEY-DAVIDSON)","2009","0","3 - WORN, NOT DAMAGED"
"20232846","MINERAL WELLS","2023-07-23","0","1 - CLEAR","HONDA","VT750 (HONDA)","2003","0","1 - NOT WORN"
"19669320","MCALLEN","2023-07-24","0","1 - CLEAR","HARLEY-DAVIDSON","FLT (HARLEY-DAVIDSON)","2020","0","1 - NOT WORN"
"19675338","WACO","2023-07-24","0","1 - CLEAR","GMC","DENALI (GMC)","2023","0","97 - NOT APPLICABLE"
"19675338","WACO","2023-07-24","0","1 - CLEAR","HONDA","CMX1100 (HONDA)","2023","0","3 - WORN, NOT DAMAGED"
"19685786","WESTLAKE","2023-07-24","0","1 - CLEAR","SUZUKI","GSX-R750 (SUZUKI)","2019","0","2 - WORN, DAMAGED"
"19693897","SAN ANTONIO","2023-07-24","0","1 - CLEAR","HONDA","CBR600 (HONDA)","2005","0","2 - WORN, DAMAGED"
"19668424","PRINCETON","2023-07-25","0","1 - CLEAR","HARLEY-DAVIDSON","FLT (HARLEY-DAVIDSON)","2024","0","2 - WORN, DAMAGED"
"19668424","PRINCETON","2023-07-25","0","1 - CLEAR","JEEP","RENEGADE (JEEP)","2020","0","97 - NOT APPLICABLE"
"19668424","PRINCETON","2023-07-25","0","1 - CLEAR","TOYOTA","HIGHLANDER (TOYOTA)","2013","0","97 - NOT APPLICABLE"
"19669514","SAN ANTONIO","2023-07-25","1","1 - CLEAR","KAWASAKI","NINJA ZX (KAWASAKI)","2006","1","2 - WORN, DAMAGED"
"19669514","SAN ANTONIO","2023-07-25","1","1 - CLEAR","INTERNATIONAL","HV607 (INTERNATIONAL)","2020","0","97 - NOT APPLICABLE"
"19671087","BURLESON","2023-07-25","0","1 - CLEAR","HONDA","MB50 (HONDA)","2003","0","1 - NOT WORN"
"19683249","OUTSIDE CITY LIMITS","2023-07-25","0","1 - CLEAR","UNKNOWN","UNKNOWN (UNKNOWN)","2020","0","1 - NOT WORN"
"19685838","LA MARQUE","2023-07-25","0","1 - CLEAR","SUZUKI","GSX (SUZUKI)","2014","0","2 - WORN, DAMAGED"
"19690356","HOUSTON","2023-07-25","0","1 - CLEAR","OTHER (EXPLAIN IN NARRATIVE)","OTHER (EXPLAIN IN NARRATIVE) (OTHER (EXPLAIN IN NARRATIVE))","No Data","0","1 - NOT WORN"
"19690356","HOUSTON","2023-07-25","0","1 - CLEAR","OTHER (EXPLAIN IN NARRATIVE)","OTHER (EXPLAIN IN NARRATIVE) (OTHER (EXPLAIN IN NARRATIVE))","No Data","0","1 - NOT WORN"
"19690356","HOUSTON","2023-07-25","0","1 - CLEAR","TOYOTA","SIENNA (TOYOTA)","2020","0","97 - NOT APPLICABLE"
"19690356","HOUSTON","2023-07-25","0","1 - CLEAR","TOYOTA","SIENNA (TOYOTA)","2020","0","97 - NOT APPLICABLE"
"19693479","HOUSTON","2023-07-25","0","1 - CLEAR","CHRYSLER","200 (CHRYSLER)","2016","0","97 - NOT APPLICABLE"
"19693479","HOUSTON","2023-07-25","0","1 - CLEAR","SUZUKI","GSX (SUZUKI)","2017","0","2 - WORN, DAMAGED"
"19670928","MESQUITE","2023-07-26","0","1 - CLEAR","UNKNOWN","UNKNOWN (UNKNOWN)","2008","0","1 - NOT WORN"
"19670928","MESQUITE","2023-07-26","0","1 - CLEAR","CHEVROLET","SUBURBAN (CHEVROLET)","2013","0","97 - NOT APPLICABLE"
"19671722","SAN ANTONIO","2023-07-26","0","1 - CLEAR","HONDA","CIVIC (HONDA)","2018","0","97 - NOT APPLICABLE"
"19671722","SAN ANTONIO","2023-07-26","0","1 - CLEAR","HONDA","CBR500 (HONDA)","2016","0","1 - NOT WORN"
"19672735","EL PASO","2023-07-26","0","1 - CLEAR","INFINITI","G35 (INFINITI)","2008","0","97 - NOT APPLICABLE"
"19672735","EL PASO","2023-07-26","0","1 - CLEAR","INFINITI","G35 (INFINITI)","2008","0","97 - NOT APPLICABLE"
"19672735","EL PASO","2023-07-26","0","1 - CLEAR","INFINITI","G35 (INFINITI)","2008","0","97 - NOT APPLICABLE"
"19672735","EL PASO","2023-07-26","0","1 - CLEAR","YAMAHA","YZFR3 (YAMAHA)","2019","0","2 - WORN, DAMAGED"
"19674741","DALLAS","2023-07-26","0","1 - CLEAR","BASHAN","BASHAN MOTORCYCLE (BASHAN)","1992","0","1 - NOT WORN"
"19674741","DALLAS","2023-07-26","0","1 - CLEAR","NISSAN","SENTRA (NISSAN)","2008","0","97 - NOT APPLICABLE"
"19676211","WACO","2023-07-26","0","1 - CLEAR","HARLEY-DAVIDSON","FLH (HARLEY-DAVIDSON)","2005","0","1 - NOT WORN"
"19677658","SAN ANTONIO","2023-07-26","0","1 - CLEAR","NISSAN","ROGUE (NISSAN)","2013","0","97 - NOT APPLICABLE"
"19677658","SAN ANTONIO","2023-07-26","0","1 - CLEAR","KYMCO USA INC","SPADE 150 (KYMCO USA INC)","2020","0","1 - NOT WORN"
"19698235","HOUSTON","2023-07-26","0","1 - CLEAR","BMW","UNKNOWN (BMW)","No Data","0","97 - NOT APPLICABLE"
"19698235","HOUSTON","2023-07-26","0","1 - CLEAR","SUZUKI","GSX (SUZUKI)","2007","0","2 - WORN, DAMAGED"
"19705370","OUTSIDE CITY LIMITS","2023-07-26","1","2 - CLOUDY","HARLEY-DAVIDSON","FLT (HARLEY-DAVIDSON)","2021","1","2 - WORN, DAMAGED"
"19705370","OUTSIDE CITY LIMITS","2023-07-26","1","2 - CLOUDY","DODGE","RAM 2500 (DODGE)","2023","0","97 - NOT APPLICABLE"
"19705370","OUTSIDE CITY LIMITS","2023-07-26","1","2 - CLOUDY","TOYOTA","86 (TOYOTA)","2020","0","97 - NOT APPLICABLE"
"19725491","MCKINNEY","2023-07-26","0","1 - CLEAR","YAMAHA","FZ1 (YAMAHA)","2016","0","2 - WORN, DAMAGED"
"19681268","SAN ANTONIO","2023-07-27","1","1 - CLEAR","YAMAHA","UNKNOWN (YAMAHA)","No Data","1","2 - WORN, DAMAGED"
"19681268","SAN ANTONIO","2023-07-27","1","1 - CLEAR","NISSAN","PATHFINDER (NISSAN)","2016","0","97 - NOT APPLICABLE"
"19683839","OUTSIDE CITY LIMITS","2023-07-27","0","1 - CLEAR","HARLEY-DAVIDSON","UNKNOWN (HARLEY-DAVIDSON)","2002","0","1 - NOT WORN"
"19683839","OUTSIDE CITY LIMITS","2023-07-27","0","1 - CLEAR","FORD","TRANSIT (FORD)","2017","0","97 - NOT APPLICABLE"
"19684482","BURNET","2023-07-27","0","1 - CLEAR","MAZDA","3 (MAZDA)","2012","0","97 - NOT APPLICABLE"
"19684482","BURNET","2023-07-27","0","1 - CLEAR","HARLEY-DAVIDSON","FXD (HARLEY-DAVIDSON)","2002","0","1 - NOT WORN"
"19688657","OUTSIDE CITY LIMITS","2023-07-27","0","1 - CLEAR","DODGE","RAM TRUCK 1500 (DODGE)","2007","0","97 - NOT APPLICABLE"
"19688657","OUTSIDE CITY LIMITS","2023-07-27","0","1 - CLEAR","DODGE","RAM TRUCK 1500 (DODGE)","2007","0","97 - NOT APPLICABLE"
"19688657","OUTSIDE CITY LIMITS","2023-07-27","0","1 - CLEAR","YAMAHA","FZ07 (YAMAHA)","2017","0","4 - WORN, UNK DAMAGE"
"19696817","ROCKPORT","2023-07-27","0","1 - CLEAR","CHRYSLER","300 (CHRYSLER)","2013","0","97 - NOT APPLICABLE"
"19696817","ROCKPORT","2023-07-27","0","1 - CLEAR","HARLEY-DAVIDSON","FLS (HARLEY-DAVIDSON)","2020","0","1 - NOT WORN"
"19707725","HOUSTON","2023-07-27","1","1 - CLEAR","HONDA","UNKNOWN (HONDA)","2002","1","2 - WORN, DAMAGED"
"19707725","HOUSTON","2023-07-27","1","1 - CLEAR","INTERNATIONAL","PROSTAR (INTERNATIONAL)","2010","0","97 - NOT APPLICABLE"
"19673819","GEORGETOWN","2023-07-28","0","1 - CLEAR","HARLEY-DAVIDSON","FXSTDI (HARLEY-DAVIDSON)","2001","0","2 - WORN, DAMAGED"
"19673819","GEORGETOWN","2023-07-28","0","1 - CLEAR","SUBARU","FORESTER (SUBARU)","2006","0","97 - NOT APPLICABLE"
"19675543","IRVING","2023-07-28","0","1 - CLEAR","HARLEY-DAVIDSON","FLH (HARLEY-DAVIDSON)","2006","0","1 - NOT WORN"
"19675543","IRVING","2023-07-28","0","1 - CLEAR","FORD","MUSTANG (FORD)","2012","0","97 - NOT APPLICABLE"
"19676805","OUTSIDE CITY LIMITS","2023-07-28","0","1 - CLEAR","HARLEY-DAVIDSON","FXSTDI (HARLEY-DAVIDSON)","2006","0","2 - WORN, DAMAGED"
"19676805","OUTSIDE CITY LIMITS","2023-07-28","0","1 - CLEAR","HARLEY-DAVIDSON","FLTRXSE (HARLEY-DAVIDSON)","2021","0","1 - NOT WORN"
"19676824","WEATHERFORD","2023-07-28","0","1 - CLEAR","YAMAHA","UNKNOWN (YAMAHA)","2016","0","4 - WORN, UNK DAMAGE"
"19677016","GRANBURY","2023-07-28","0","1 - CLEAR","HARLEY-DAVIDSON","XLH1200 (HARLEY-DAVIDSON)","2019","0","1 - NOT WORN"
"19680401","HOUSTON","2023-07-28","0","1 - CLEAR","YAMAHA","UNKNOWN (YAMAHA)","2005","0","2 - WORN, DAMAGED"
"19681085","AMARILLO","2023-07-28","0","1 - CLEAR","HARLEY-DAVIDSON","FLH (HARLEY-DAVIDSON)","2002","0","1 - NOT WORN"
"19681085","AMARILLO","2023-07-28","0","1 - CLEAR","HARLEY-DAVIDSON","FLT (HARLEY-DAVIDSON)","2011","0","1 - NOT WORN"
"19681085","AMARILLO","2023-07-28","0","1 - CLEAR","HARLEY-DAVIDSON","UNKNOWN (HARLEY-DAVIDSON)","2014","0","1 - NOT WORN"
"19681085","AMARILLO","2023-07-28","0","1 - CLEAR","HARLEY-DAVIDSON","FLH (HARLEY-DAVIDSON)","2018","0","1 - NOT WORN"
"19681085","AMARILLO","2023-07-28","0","1 - CLEAR","HARLEY-DAVIDSON","FLH (HARLEY-DAVIDSON)","2018","0","1 - NOT WORN"
"19683441","OUTSIDE CITY LIMITS","2023-07-28","0","1 - CLEAR","HONDA","UNKNOWN (HONDA)","2023","0","2 - WORN, DAMAGED"
"19688664","LEWISVILLE","2023-07-28","1","1 - CLEAR","CHRYSLER","300 (CHRYSLER)","2010","0","97 - NOT APPLICABLE"
"19688664","LEWISVILLE","2023-07-28","1","1 - CLEAR","SUZUKI","GSX-R1000 (SUZUKI)","2002","1","2 - WORN, DAMAGED"
"19691158","MCKINNEY","2023-07-28","0","1 - CLEAR","TOYOTA","CAMRY (TOYOTA)","2014","0","97 - NOT APPLICABLE"
"19691158","MCKINNEY","2023-07-28","0","1 - CLEAR","HONDA","VFR1200 (HONDA)","2012","0","2 - WORN, DAMAGED"
"19675057","OUTSIDE CITY LIMITS","2023-07-29","0","1 - CLEAR","TOYOTA","COROLLA (TOYOTA)","2021","0","97 - NOT APPLICABLE"
"19675057","OUTSIDE CITY LIMITS","2023-07-29","0","1 - CLEAR","HARLEY-DAVIDSON","XR1200 (HARLEY-DAVIDSON)","2015","0","2 - WORN, DAMAGED"
"19675184","IRVING","2023-07-29","0","1 - CLEAR","HARLEY-DAVIDSON","XLH1100 (HARLEY-DAVIDSON)","2014","0","1 - NOT WORN"
"19675184","IRVING","2023-07-29","0","1 - CLEAR","DODGE","AVENGER (DODGE)","2010","0","97 - NOT APPLICABLE"
"19675184","IRVING","2023-07-29","0","1 - CLEAR","DODGE","AVENGER (DODGE)","2010","0","97 - NOT APPLICABLE"
"19675184","IRVING","2023-07-29","0","1 - CLEAR","DODGE","AVENGER (DODGE)","2010","0","97 - NOT APPLICABLE"
"19676936","CONROE","2023-07-29","0","1 - CLEAR","HARLEY-DAVIDSON","FLHTCU (HARLEY-DAVIDSON)","2010","0","1 - NOT WORN"
"19679175","OUTSIDE CITY LIMITS","2023-07-29","0","1 - CLEAR","HARLEY-DAVIDSON","FLH (HARLEY-DAVIDSON)","2009","0","1 - NOT WORN"
"19680169","WACO","2023-07-29","0","1 - CLEAR","MERCEDES-BENZ","GLE (MERCEDES-BENZ)","2017","0","97 - NOT APPLICABLE"
"19680169","WACO","2023-07-29","0","1 - CLEAR","MERCEDES-BENZ","GLE (MERCEDES-BENZ)","2017","0","97 - NOT APPLICABLE"
"19680169","WACO","2023-07-29","0","1 - CLEAR","KAWASAKI","NINJA ZX (KAWASAKI)","2023","0","4 - WORN, UNK DAMAGE"
"19681143","OUTSIDE CITY LIMITS","2023-07-29","0","1 - CLEAR","HONDA","CR250 (HONDA)","1998","0","1 - NOT WORN"
"19681853","OUTSIDE CITY LIMITS","2023-07-29","1","1 - CLEAR","PIAGGIO","LT (PIAGGIO)","2022","1","3 - WORN, NOT DAMAGED"
"19682703","OUTSIDE CITY LIMITS","2023-07-29","1","1 - CLEAR","HARLEY-DAVIDSON","FLT (HARLEY-DAVIDSON)","2023","1","2 - WORN, DAMAGED"
"19683668","OUTSIDE CITY LIMITS","2023-07-29","0","1 - CLEAR","YAMAHA","XV1700 (YAMAHA)","2008","0","1 - NOT WORN"
"19683668","OUTSIDE CITY LIMITS","2023-07-29","0","1 - CLEAR","FORD","ESCAPE (FORD)","2017","0","97 - NOT APPLICABLE"
"19690700","OUTSIDE CITY LIMITS","2023-07-29","0","1 - CLEAR","HOMEMADE VEHICLE","UNKNOWN (HOMEMADE VEHICLE)","No Data","0","1 - NOT WORN"
"19691523","WALLER","2023-07-29","0","1 - CLEAR","HONDA","ACCORD (HONDA)","2021","0","97 - NOT APPLICABLE"
"19691523","WALLER","2023-07-29","0","1 - CLEAR","HARLEY-DAVIDSON","FLTRK (HARLEY-DAVIDSON)","2021","0","3 - WORN, NOT DAMAGED"
"19698106","HOUSTON","2023-07-29","1","1 - CLEAR","FORD","F450 (FORD)","2019","0","97 - NOT APPLICABLE"
"19698106","HOUSTON","2023-07-29","1","1 - CLEAR","HARLEY-DAVIDSON","FLSTNI (HARLEY-DAVIDSON)","2007","1","1 - NOT WORN"
"19698106","HOUSTON","2023-07-29","1","1 - CLEAR","FORD","F150 (FORD)","2011","0","97 - NOT APPLICABLE"
"19698106","HOUSTON","2023-07-29","1","1 - CLEAR","No Data","No Data","No Data","0","97 - NOT APPLICABLE"
"19700109","OUTSIDE CITY LIMITS","2023-07-29","1","1 - CLEAR","SUZUKI","DR100 (SUZUKI)","2023","1","2 - WORN, DAMAGED"
"19700109","OUTSIDE CITY LIMITS","2023-07-29","1","1 - CLEAR","CHEVROLET","SPARK (CHEVROLET)","2020","0","97 - NOT APPLICABLE"
"19700109","OUTSIDE CITY LIMITS","2023-07-29","1","1 - CLEAR","CHEVROLET","SPARK (CHEVROLET)","2020","0","97 - NOT APPLICABLE"
"19701117","OUTSIDE CITY LIMITS","2023-07-29","0","1 - CLEAR","HARLEY-DAVIDSON","UNKNOWN (HARLEY-DAVIDSON)","1997","0","1 - NOT WORN"
"19701399","OUTSIDE CITY LIMITS","2023-07-29","0","1 - CLEAR","HARLEY-DAVIDSON","UNKNOWN (HARLEY-DAVIDSON)","2013","0","1 - NOT WORN"
"19702802","OUTSIDE CITY LIMITS","2023-07-29","0","1 - CLEAR","CAN-AM","SPYDER ROADSTER (CAN-AM)","2013","0","4 - WORN, UNK DAMAGE"
"19704793","OUTSIDE CITY LIMITS","2023-07-29","1","1 - CLEAR","JEEP","CHEROKEE (JEEP)","2015","0","97 - NOT APPLICABLE"
"19704793","OUTSIDE CITY LIMITS","2023-07-29","1","1 - CLEAR","JEEP","CHEROKEE (JEEP)","2015","0","97 - NOT APPLICABLE"
"19704793","OUTSIDE CITY LIMITS","2023-07-29","1","1 - CLEAR","YAMAHA","YZFR1 (YAMAHA)","2014","1","2 - WORN, DAMAGED"
"19677784","AUSTIN","2023-07-30","1","1 - CLEAR","SUZUKI","UNKNOWN (SUZUKI)","2006","1","2 - WORN, DAMAGED"
"19679649","OUTSIDE CITY LIMITS","2023-07-30","0","1 - CLEAR","HONDA","UNKNOWN (HONDA)","2008","0","2 - WORN, DAMAGED"
"19681373","OUTSIDE CITY LIMITS","2023-07-30","1","1 - CLEAR","HARLEY-DAVIDSON","FLH (HARLEY-DAVIDSON)","2002","1","1 - NOT WORN"
"19682173","FORT WORTH","2023-07-30","0","1 - CLEAR","KAWASAKI","UNKNOWN (KAWASAKI)","2023","0","3 - WORN, NOT DAMAGED"
"19683240","OUTSIDE CITY LIMITS","2023-07-30","1","1 - CLEAR","HARLEY-DAVIDSON","FLD (HARLEY-DAVIDSON)","2007","1","1 - NOT WORN"
"19683995","OUTSIDE CITY LIMITS","2023-07-30","0","1 - CLEAR","HONDA","TRX420 (HONDA)","2022","0","1 - NOT WORN"
"19685152","OUTSIDE CITY LIMITS","2023-07-30","0","1 - CLEAR","HYUNDAI","SANTA FE (HYUNDAI)","2019","0","97 - NOT APPLICABLE"
"19685152","OUTSIDE CITY LIMITS","2023-07-30","0","1 - CLEAR","HARLEY-DAVIDSON","UNKNOWN (HARLEY-DAVIDSON)","1999","0","1 - NOT WORN"
"19685561","FORT WORTH","2023-07-30","0","1 - CLEAR","KAWASAKI","BR125 (KAWASAKI)","2018","0","99 - UNKNOWN IF WORN"
"19685561","FORT WORTH","2023-07-30","0","1 - CLEAR","FORD","F250 (FORD)","2010","0","97 - NOT APPLICABLE"
"19689861","SEMINOLE","2023-07-30","0","1 - CLEAR","OTHER (EXPLAIN IN NARRATIVE)","OTHER (EXPLAIN IN NARRATIVE) (OTHER (EXPLAIN IN NARRATIVE))","No Data","0","2 - WORN, DAMAGED"
"19689861","SEMINOLE","2023-07-30","0","1 - CLEAR","UNKNOWN","UNKNOWN (UNKNOWN)","No Data","0","1 - NOT WORN"
"19695244","OUTSIDE CITY LIMITS","2023-07-30","0","1 - CLEAR","NISSAN","SENTRA (NISSAN)","2015","0","97 - NOT APPLICABLE"
"19695244","OUTSIDE CITY LIMITS","2023-07-30","0","1 - CLEAR","NISSAN","SENTRA (NISSAN)","2015","0","97 - NOT APPLICABLE"
"19695244","OUTSIDE CITY LIMITS","2023-07-30","0","1 - CLEAR","NISSAN","SENTRA (NISSAN)","2015","0","97 - NOT APPLICABLE"
"19695244","OUTSIDE CITY LIMITS","2023-07-30","0","1 - CLEAR","NISSAN","SENTRA (NISSAN)","2015","0","97 - NOT APPLICABLE"
"19695244","OUTSIDE CITY LIMITS","2023-07-30","0","1 - CLEAR","HARLEY-DAVIDSON","FLT (HARLEY-DAVIDSON)","2020","0","1 - NOT WORN"
"19695244","OUTSIDE CITY LIMITS","2023-07-30","0","1 - CLEAR","CAN-AM","SPYDER ROADSTER (CAN-AM)","2018","0","1 - NOT WORN"
"19726697","SCHERTZ","2023-07-30","0","1 - CLEAR","YAMAHA","XSR700 (YAMAHA)","2020","0","3 - WORN, NOT DAMAGED"
"19726697","SCHERTZ","2023-07-30","0","1 - CLEAR","FORD","F250 (FORD)","1999","0","97 - NOT APPLICABLE"
"19677386","DALLAS","2023-07-31","0","1 - CLEAR","HONDA","VFR700 (HONDA)","2000","0","2 - WORN, DAMAGED"
"19678654","SAN ANTONIO","2023-07-31","0","1 - CLEAR","SUZUKI","GSX (SUZUKI)","2011","0","2 - WORN, DAMAGED"
"19679016","LACY-LAKEVIEW","2023-07-31","0","1 - CLEAR","HARLEY-DAVIDSON","FXD (HARLEY-DAVIDSON)","2006","0","2 - WORN, DAMAGED"
"19679016","LACY-LAKEVIEW","2023-07-31","0","1 - CLEAR","CADILLAC","XT5 (CADILLAC)","2020","0","97 - NOT APPLICABLE"
"19679416","OUTSIDE CITY LIMITS","2023-07-31","0","1 - CLEAR","HARLEY-DAVIDSON","FLTRU (HARLEY-DAVIDSON)","2017","0","2 - WORN, DAMAGED"
"19680009","OUTSIDE CITY LIMITS","2023-07-31","0","1 - CLEAR","HONDA","VT700 (HONDA)","2006","0","1 - NOT WORN"
"19680009","OUTSIDE CITY LIMITS","2023-07-31","0","1 - CLEAR","SUBARU","CROSSTREK (SUBARU)","2021","0","97 - NOT APPLICABLE"
"19680666","EL PASO","2023-07-31","1","1 - CLEAR","HONDA","CBR600 (HONDA)","2012","1","3 - WORN, NOT DAMAGED"
"19682308","OUTSIDE CITY LIMITS","2023-07-31","0","1 - CLEAR","CHEVROLET","SUBURBAN (CHEVROLET)","2018","0","97 - NOT APPLICABLE"
"19682308","OUTSIDE CITY LIMITS","2023-07-31","0","1 - CLEAR","YAMAHA","FZ1 (YAMAHA)","2008","0","2 - WORN, DAMAGED"
"19682308","OUTSIDE CITY LIMITS","2023-07-31","0","1 - CLEAR","ACURA","MDX (ACURA)","2006","0","97 - NOT APPLICABLE"
"19682308","OUTSIDE CITY LIMITS","2023-07-31","0","1 - CLEAR","ACURA","MDX (ACURA)","2006","0","97 - NOT APPLICABLE"
"19682308","OUTSIDE CITY LIMITS","2023-07-31","0","1 - CLEAR","ACURA","MDX (ACURA)","2006","0","97 - NOT APPLICABLE"
"19688535","OUTSIDE CITY LIMITS","2023-07-31","0","1 - CLEAR","HARLEY-DAVIDSON","FLTRUSE (HARLEY-DAVIDSON)","2015","0","4 - WORN, UNK DAMAGE"
"19694067","STAFFORD","2023-07-31","0","1 - CLEAR","FREIGHTLINER","M2 (FREIGHTLINER)","2016","0","97 - NOT APPLICABLE"
"19694067","STAFFORD","2023-07-31","0","1 - CLEAR","HONDA","CB1000 (HONDA)","2007","0","2 - WORN, DAMAGED"
"19711311","HUGHES SPRINGS","2023-07-31","0","1 - CLEAR","HONDA","UNKNOWN (HONDA)","2013","0","1 - NOT WORN"
"19680289","OUTSIDE CITY LIMITS","2023-08-01","0","1 - CLEAR","FORD","EXPLORER (FORD)","2018","0","97 - NOT APPLICABLE"
"19680289","OUTSIDE CITY LIMITS","2023-08-01","0","1 - CLEAR","FORD","EXPLORER (FORD)","2018","0","97 - NOT APPLICABLE"
"19680289","OUTSIDE CITY LIMITS","2023-08-01","0","1 - CLEAR","FORD","EXPLORER (FORD)","2018","0","97 - NOT APPLICABLE"
"19680289","OUTSIDE CITY LIMITS","2023-08-01","0","1 - CLEAR","HARLEY-DAVIDSON","FXB (HARLEY-DAVIDSON)","2019","0","1 - NOT WORN"
"19681205","COLLEGE STATION","2023-08-01","0","1 - CLEAR","YAMAHA","YZFR3 (YAMAHA)","2015","0","2 - WORN, DAMAGED"
"19681205","COLLEGE STATION","2023-08-01","0","1 - CLEAR","HYUNDAI","SANTA FE SPORT (HYUNDAI)","2017","0","97 - NOT APPLICABLE"
"19682046","OUTSIDE CITY LIMITS","2023-08-01","0","1 - CLEAR","HARLEY-DAVIDSON","UNKNOWN (HARLEY-DAVIDSON)","2013","0","1 - NOT WORN"
"19682046","OUTSIDE CITY LIMITS","2023-08-01","0","1 - CLEAR","HARLEY-DAVIDSON","UNKNOWN (HARLEY-DAVIDSON)","2013","0","1 - NOT WORN"
"19682642","OUTSIDE CITY LIMITS","2023-08-01","0","1 - CLEAR","SUZUKI","GSF1200 (SUZUKI)","1998","0","3 - WORN, NOT DAMAGED"
"19682642","OUTSIDE CITY LIMITS","2023-08-01","0","1 - CLEAR","SUZUKI","GSF1200 (SUZUKI)","1998","0","3 - WORN, NOT DAMAGED"
"19683997","EL PASO","2023-08-01","0","1 - CLEAR","HONDA","CIVIC (HONDA)","2015","0","97 - NOT APPLICABLE"
"19683997","EL PASO","2023-08-01","0","1 - CLEAR","HONDA","CIVIC (HONDA)","2015","0","97 - NOT APPLICABLE"
"19683997","EL PASO","2023-08-01","0","1 - CLEAR","DUCATI","SCRAMBLER (DUCATI)","2016","0","2 - WORN, DAMAGED"
"19686906","OUTSIDE CITY LIMITS","2023-08-01","0","2 - CLOUDY","KAWASAKI","KL650 (KAWASAKI)","2022","0","1 - NOT WORN"
"19693924","FORT WORTH","2023-08-01","0","2 - CLOUDY","HONDA","UNKNOWN (HONDA)","1999","0","99 - UNKNOWN IF WORN"
"19683064","BRENHAM","2023-08-02","0","1 - CLEAR","YAMAHA","UNKNOWN (YAMAHA)","2021","0","2 - WORN, DAMAGED"
"19683125","HOUSTON","2023-08-02","0","1 - CLEAR","BMW","535 (BMW)","2016","0","97 - NOT APPLICABLE"
"19683125","HOUSTON","2023-08-02","0","1 - CLEAR","KAWASAKI","NINJA ZX (KAWASAKI)","2013","0","4 - WORN, UNK DAMAGE"
"19684404","SAN ANTONIO","2023-08-02","0","1 - CLEAR","HARLEY-DAVIDSON","UNKNOWN (HARLEY-DAVIDSON)","No Data","0","3 - WORN, NOT DAMAGED"
"19684404","SAN ANTONIO","2023-08-02","0","1 - CLEAR","TOYOTA","CAMRY (TOYOTA)","2020","0","97 - NOT APPLICABLE"
"19686539","OUTSIDE CITY LIMITS","2023-08-02","0","1 - CLEAR","HARLEY-DAVIDSON","UNKNOWN (HARLEY-DAVIDSON)","2010","0","1 - NOT WORN"
"19686539","OUTSIDE CITY LIMITS","2023-08-02","0","1 - CLEAR","RAM","2500 (RAM)","2013","0","97 - NOT APPLICABLE"
"19689586","OUTSIDE CITY LIMITS","2023-08-02","1","1 - CLEAR","HARLEY-DAVIDSON","XL883 (HARLEY-DAVIDSON)","2015","1","1 - NOT WORN"
"19691626","HUDSON","2023-08-02","0","1 - CLEAR","YAMAHA","YZFR1 (YAMAHA)","2005","0","3 - WORN, NOT DAMAGED"
"19691626","HUDSON","2023-08-02","0","1 - CLEAR","YAMAHA","YZFR1 (YAMAHA)","2005","0","4 - WORN, UNK DAMAGE"
"19693231","BULVERDE","2023-08-02","0","1 - CLEAR","YAMAHA","YZFR1 (YAMAHA)","2004","0","2 - WORN, DAMAGED"
"19693231","BULVERDE","2023-08-02","0","1 - CLEAR","INFINITI","QX60 (INFINITI)","2018","0","97 - NOT APPLICABLE"
"19701120","EARLY","2023-08-02","0","1 - CLEAR","HONDA","CIVIC (HONDA)","2019","0","97 - NOT APPLICABLE"
"19701120","EARLY","2023-08-02","0","1 - CLEAR","HONDA","CIVIC (HONDA)","2019","0","97 - NOT APPLICABLE"
"19701120","EARLY","2023-08-02","0","1 - CLEAR","HARLEY-DAVIDSON","XLH (HARLEY-DAVIDSON)","2015","0","1 - NOT WORN"
"19830160","OUTSIDE CITY LIMITS","2023-08-02","1","1 - CLEAR","HARLEY-DAVIDSON","FXD (HARLEY-DAVIDSON)","2010","1","2 - WORN, DAMAGED"
"19685095","OUTSIDE CITY LIMITS","2023-08-03","0","1 - CLEAR","YAMAHA","XVS1300 (YAMAHA)","2011","0","3 - WORN, NOT DAMAGED"
"19686229","SAN ANTONIO","2023-08-03","1","1 - CLEAR","ROYAL ENFIELD MOTORS","CONTINENTAL GT (ROYAL ENFIELD MOTORS)","2022","1","4 - WORN, UNK DAMAGE"
"19686618","SAN ANTONIO","2023-08-03","0","1 - CLEAR","HONDA","UNKNOWN (HONDA)","No Data","0","1 - NOT WORN"
"19691549","PLANO","2023-08-03","1","1 - CLEAR","HYUNDAI","SANTA FE (HYUNDAI)","2010","0","97 - NOT APPLICABLE"
"19691549","PLANO","2023-08-03","1","1 - CLEAR","KAWASAKI","ZX600 (KAWASAKI)","2022","1","2 - WORN, DAMAGED"
"19687794","OUTSIDE CITY LIMITS","2023-08-04","0","1 - CLEAR","KIA","SPORTAGE (KIA)","2023","0","97 - NOT APPLICABLE"
"19687794","OUTSIDE CITY LIMITS","2023-08-04","0","1 - CLEAR","DODGE","RAM 2500 (DODGE)","2017","0","97 - NOT APPLICABLE"
"19687794","OUTSIDE CITY LIMITS","2023-08-04","0","1 - CLEAR","KAWASAKI","KLX230 (KAWASAKI)","2020","0","99 - UNKNOWN IF WORN"
"19688698","OUTSIDE CITY LIMITS","2023-08-04","0","1 - CLEAR","SUZUKI","GSX-R600 (SUZUKI)","2007","0","4 - WORN, UNK DAMAGE"
"19690398","EL PASO","2023-08-04","0","1 - CLEAR","SUZUKI","GSX-R600 (SUZUKI)","2015","0","1 - NOT WORN"
"19690398","EL PASO","2023-08-04","0","1 - CLEAR","ACURA","TLX (ACURA)","2018","0","97 - NOT APPLICABLE"
"19691688","AUSTIN","2023-08-04","0","2 - CLOUDY","HONDA","UNKNOWN (HONDA)","2022","0","97 - NOT APPLICABLE"
"19691688","AUSTIN","2023-08-04","0","2 - CLOUDY","GENUINE SCOOTER CO.","UNKNOWN (GENUINE SCOOTER CO.)","2019","0","2 - WORN, DAMAGED"
"19691746","AUSTIN","2023-08-04","0","1 - CLEAR","JEEP","COMPASS (JEEP)","2022","0","97 - NOT APPLICABLE"
"19691746","AUSTIN","2023-08-04","0","1 - CLEAR","HARLEY-DAVIDSON","UNKNOWN (HARLEY-DAVIDSON)","2022","0","4 - WORN, UNK DAMAGE"
"19696132","SANGER","2023-08-04","0","1 - CLEAR","HARLEY-DAVIDSON","FXSTD (HARLEY-DAVIDSON)","2011","0","4 - WORN, UNK DAMAGE"
"19702460","TEMPLE","2023-08-04","0","1 - CLEAR","HONDA","CMX1100 (HONDA)","2005","0","1 - NOT WORN"
"19703377","CEDAR PARK","2023-08-04","1","1 - CLEAR","GMC","SIERRA C2500 (GMC)","2021","0","97 - NOT APPLICABLE"
"19703377","CEDAR PARK","2023-08-04","1","1 - CLEAR","INDIAN MOTORCYCLE CO.","CHALLENGER (INDIAN MOTORCYCLE CO.)","2023","1","1 - NOT WORN"
"19704043","OUTSIDE CITY LIMITS","2023-08-04","0","1 - CLEAR","KAWASAKI","NINJA ZX (KAWASAKI)","2017","0","4 - WORN, UNK DAMAGE"
"19712667","MCALLEN","2023-08-04","1","1 - CLEAR","KENWORTH","UNKNOWN (KENWORTH)","2005","0","97 - NOT APPLICABLE"
"19712667","MCALLEN","2023-08-04","1","1 - CLEAR","HARLEY-DAVIDSON","ELW (HARLEY-DAVIDSON)","2005","1","2 - WORN, DAMAGED"
"19715061","OUTSIDE CITY LIMITS","2023-08-04","0","1 - CLEAR","HONDA","VT600 (HONDA)","2020","0","1 - NOT WORN"
"19716851","HOUSTON","2023-08-04","0","1 - CLEAR","HONDA","VT1100 (HONDA)","2005","0","2 - WORN, DAMAGED"
"19716851","HOUSTON","2023-08-04","0","1 - CLEAR","CHEVROLET","EXPRESS (CHEVROLET)","2004","0","97 - NOT APPLICABLE"
"19742031","WAXAHACHIE","2023-08-04","0","1 - CLEAR","YAMAHA","YZFR6 (YAMAHA)","2020","0","1 - NOT WORN"
"19688457","OUTSIDE CITY LIMITS","2023-08-05","0","1 - CLEAR","HARLEY-DAVIDSON","FXB (HARLEY-DAVIDSON)","2023","0","3 - WORN, NOT DAMAGED"
"19688993","EL PASO","2023-08-05","0","1 - CLEAR","AUDI","Q5 (AUDI)","2012","0","97 - NOT APPLICABLE"
"19688993","EL PASO","2023-08-05","0","1 - CLEAR","AUDI","Q5 (AUDI)","2012","0","97 - NOT APPLICABLE"
"19688993","EL PASO","2023-08-05","0","1 - CLEAR","HONDA","VTX1300 (HONDA)","2005","0","1 - NOT WORN"
"19689062","OUTSIDE CITY LIMITS","2023-08-05","0","1 - CLEAR","TOYOTA","COROLLA (TOYOTA)","2017","0","97 - NOT APPLICABLE"
"19689062","OUTSIDE CITY LIMITS","2023-08-05","0","1 - CLEAR","APRILIA","UNKNOWN (APRILIA)","2021","0","2 - WORN, DAMAGED"
"19689803","ROUND ROCK","2023-08-05","0","1 - CLEAR","JEEP","GRAND CHEROKEE (JEEP)","2018","0","97 - NOT APPLICABLE"
"19689803","ROUND ROCK","2023-08-05","0","1 - CLEAR","JEEP","GRAND CHEROKEE (JEEP)","2018","0","97 - NOT APPLICABLE"
"19689803","ROUND ROCK","2023-08-05","0","1 - CLEAR","JEEP","GRAND CHEROKEE (JEEP)","2018","0","97 - NOT APPLICABLE"
"19689803","ROUND ROCK","2023-08-05","0","1 - CLEAR","HARLEY-DAVIDSON","XG750 (HARLEY-DAVIDSON)","2017","0","2 - WORN, DAMAGED"
"19689863","LUBBOCK","2023-08-05","1","1 - CLEAR","HARLEY-DAVIDSON","XL1200 (HARLEY-DAVIDSON)","1996","1","2 - WORN, DAMAGED"
"19691450","OUTSIDE CITY LIMITS","2023-08-05","2","1 - CLEAR","AUDI","E-TRON GT (AUDI)","2019","0","97 - NOT APPLICABLE"
"19691450","OUTSIDE CITY LIMITS","2023-08-05","2","1 - CLEAR","AUDI","E-TRON GT (AUDI)","2019","0","97 - NOT APPLICABLE"
"19691450","OUTSIDE CITY LIMITS","2023-08-05","2","1 - CLEAR","HONDA","VTX1300 (HONDA)","2007","1","1 - NOT WORN"
"19691450","OUTSIDE CITY LIMITS","2023-08-05","2","1 - CLEAR","HONDA","VTX1300 (HONDA)","2007","1","1 - NOT WORN"
"19694259","HOUSTON","2023-08-05","0","1 - CLEAR","UNKNOWN","UNKNOWN (UNKNOWN)","No Data","0","1 - NOT WORN"
"19696568","MIDLOTHIAN","2023-08-05","0","1 - CLEAR","HARLEY-DAVIDSON","XL1200 (HARLEY-DAVIDSON)","2019","0","4 - WORN, UNK DAMAGE"
"19698318","OUTSIDE CITY LIMITS","2023-08-05","0","1 - CLEAR","KAWASAKI","UNKNOWN (KAWASAKI)","2023","0","2 - WORN, DAMAGED"
"19698318","OUTSIDE CITY LIMITS","2023-08-05","0","1 - CLEAR","KAWASAKI","UNKNOWN (KAWASAKI)","2023","0","2 - WORN, DAMAGED"
"19699529","EL PASO","2023-08-05","0","1 - CLEAR","No Data","No Data","No Data","0","97 - NOT APPLICABLE"
"19699529","EL PASO","2023-08-05","0","1 - CLEAR","HARLEY-DAVIDSON","FLSTFI (HARLEY-DAVIDSON)","2004","0","2 - WORN, DAMAGED"
"19700057","DALLAS","2023-08-05","0","1 - CLEAR","HONDA","CBR1000 (HONDA)","2008","0","3 - WORN, NOT DAMAGED"
"19701831","OUTSIDE CITY LIMITS","2023-08-05","0","1 - CLEAR","HARLEY-DAVIDSON","FLH (HARLEY-DAVIDSON)","2013","0","3 - WORN, NOT DAMAGED"
"19706143","HOUSTON","2023-08-05","0","1 - CLEAR","HARLEY-DAVIDSON","FLH (HARLEY-DAVIDSON)","2014","0","2 - WORN, DAMAGED"
"19706143","HOUSTON","2023-08-05","0","1 - CLEAR","HONDA","ACCORD (HONDA)","2012","0","97 - NOT APPLICABLE"
"19706143","HOUSTON","2023-08-05","0","1 - CLEAR","HONDA","ACCORD (HONDA)","2012","0","97 - NOT APPLICABLE"
"19713579","BOERNE","2023-08-05","0","1 - CLEAR","TOYOTA","PICKUP (TOYOTA)","1991","0","97 - NOT APPLICABLE"
"19713579","BOERNE","2023-08-05","0","1 - CLEAR","YAMAHA","YZF600 (YAMAHA)","2021","0","2 - WORN, DAMAGED"
"19688020","TEXAS CITY","2023-08-06","0","1 - CLEAR","OTHER (EXPLAIN IN NARRATIVE)","UNKNOWN (OTHER (EXPLAIN IN NARRATIVE))","2014","0","1 - NOT WORN"
"19688020","TEXAS CITY","2023-08-06","0","1 - CLEAR","NISSAN","SENTRA (NISSAN)","2022","0","97 - NOT APPLICABLE"
"19688383","ALLEN","2023-08-06","0","1 - CLEAR","LEXUS","NX (LEXUS)","2019","0","97 - NOT APPLICABLE"
"19688383","ALLEN","2023-08-06","0","1 - CLEAR","ALL OTHER MAKES","UNKNOWN (ALL OTHER MAKES)","2021","0","2 - WORN, DAMAGED"
"19688558","ODESSA","2023-08-06","0","1 - CLEAR","ALL OTHER MAKES","UNKNOWN (ALL OTHER MAKES)","2008","0","1 - NOT WORN"
"19691820","CASTLE HILLS","2023-08-06","0","1 - CLEAR","HARLEY-DAVIDSON","FLH (HARLEY-DAVIDSON)","2010","0","99 - UNKNOWN IF WORN"
"19703396","OUTSIDE CITY LIMITS","2023-08-06","1","1 - CLEAR","SUZUKI","GSX-R750 (SUZUKI)","2007","1","2 - WORN, DAMAGED"
"19707669","CORPUS CHRISTI","2023-08-06","0","1 - CLEAR","UNKNOWN","UNKNOWN (UNKNOWN)","No Data","0","97 - NOT APPLICABLE"
"19707669","CORPUS CHRISTI","2023-08-06","0","1 - CLEAR","HARLEY-DAVIDSON","FLTRUSE (HARLEY-DAVIDSON)","2016","0","1 - NOT WORN"
"19707669","CORPUS CHRISTI","2023-08-06","0","1 - CLEAR","HARLEY-DAVIDSON","FLTRUSE (HARLEY-DAVIDSON)","2016","0","1 - NOT WORN"
"19731069","PASADENA","2023-08-06","1","1 - CLEAR","SUZUKI","GSX-R600 (SUZUKI)","2009","1","2 - WORN, DAMAGED"
"19731069","PASADENA","2023-08-06","1","1 - CLEAR","RAM","1500 (RAM)","2018","0","97 - NOT APPLICABLE"
"19731069","PASADENA","2023-08-06","1","1 - CLEAR","RAM","1500 (RAM)","2018","0","97 - NOT APPLICABLE"
"19690535","IRVING","2023-08-07","0","1 - CLEAR","TOYOTA","4RUNNER (TOYOTA)","1999","0","97 - NOT APPLICABLE"
"19690535","IRVING","2023-08-07","0","1 - CLEAR","HARLEY-DAVIDSON","XL1200 (HARLEY-DAVIDSON)","1999","0","4 - WORN, UNK DAMAGE"
"19690974","FORT WORTH","2023-08-07","0","1 - CLEAR","TOYOTA","VENZA (TOYOTA)","2015","0","97 - NOT APPLICABLE"
"19690974","FORT WORTH","2023-08-07","0","1 - CLEAR","HARLEY-DAVIDSON","FLS (HARLEY-DAVIDSON)","2013","0","3 - WORN, NOT DAMAGED"
"19692143","BEDFORD","2023-08-07","0","1 - CLEAR","HONDA","ACCORD (HONDA)","2023","0","97 - NOT APPLICABLE"
"19692143","BEDFORD","2023-08-07","0","1 - CLEAR","YAMAHA","FZ07 (YAMAHA)","2017","0","2 - WORN, DAMAGED"
"19692695","WHITEHOUSE","2023-08-07","0","2 - CLOUDY","HONDA","GL1100 (HONDA)","1995","0","1 - NOT WORN"
"19695164","FORT WORTH","2023-08-07","0","1 - CLEAR","TOYOTA","CAMRY (TOYOTA)","2011","0","97 - NOT APPLICABLE"
"19695164","FORT WORTH","2023-08-07","0","1 - CLEAR","HONDA","VFR1200 (HONDA)","2005","0","4 - WORN, UNK DAMAGE"
"19695335","HOUSTON","2023-08-07","0","1 - CLEAR","SUZUKI","GSX (SUZUKI)","2020","0","2 - WORN, DAMAGED"
"19695335","HOUSTON","2023-08-07","0","1 - CLEAR","FORD","F150 (FORD)","2017","0","97 - NOT APPLICABLE"
"19696348","CLEVELAND","2023-08-07","0","1 - CLEAR","HONDA","MB50 (HONDA)","2003","0","1 - NOT WORN"
"19697628","ALVARADO","2023-08-07","0","1 - CLEAR","HARLEY-DAVIDSON","UNKNOWN (HARLEY-DAVIDSON)","2018","0","1 - NOT WORN"
"19702554","DALLAS","2023-08-07","0","1 - CLEAR","DUCATI","UNKNOWN (DUCATI)","2018","0","4 - WORN, UNK DAMAGE"
"19708749","CORPUS CHRISTI","2023-08-07","1","2 - CLOUDY","KAWASAKI","ZX1000 (KAWASAKI)","2023","1","2 - WORN, DAMAGED"
"19710511","OUTSIDE CITY LIMITS","2023-08-07","0","1 - CLEAR","YAMAHA","FZ600 (YAMAHA)","2019","0","2 - WORN, DAMAGED"
"19692866","SAN ANTONIO","2023-08-08","0","1 - CLEAR","YAMAHA","MT-01 (YAMAHA)","2018","0","3 - WORN, NOT DAMAGED"
"19692866","SAN ANTONIO","2023-08-08","0","1 - CLEAR","HYUNDAI","ELANTRA (HYUNDAI)","2013","0","97 - NOT APPLICABLE"
"19693170","AUSTIN","2023-08-08","0","1 - CLEAR","TOYOTA","PASEO (TOYOTA)","2013","0","97 - NOT APPLICABLE"
"19693170","AUSTIN","2023-08-08","0","1 - CLEAR","HARLEY-DAVIDSON","FLD (HARLEY-DAVIDSON)","1981","0","1 - NOT WORN"
"19693533","GRAHAM","2023-08-08","0","1 - CLEAR","HARLEY-DAVIDSON","UNKNOWN (HARLEY-DAVIDSON)","2012","0","2 - WORN, DAMAGED"
"19694777","MIDLOTHIAN","2023-08-08","0","1 - CLEAR","INDIAN MOTORCYCLE CO.","FTR (INDIAN MOTORCYCLE CO.)","2022","0","2 - WORN, DAMAGED"
"19694777","MIDLOTHIAN","2023-08-08","0","1 - CLEAR","FORD","EXPLORER (FORD)","2016","0","97 - NOT APPLICABLE"
"19695483","LUBBOCK","2023-08-08","1","1 - CLEAR","FORD","EXPLORER (FORD)","2002","0","97 - NOT APPLICABLE"
"19695483","LUBBOCK","2023-08-08","1","1 - CLEAR","FORD","EXPLORER (FORD)","2002","0","97 - NOT APPLICABLE"
"19695483","LUBBOCK","2023-08-08","1","1 - CLEAR","HARLEY-DAVIDSON","FLSTFI (HARLEY-DAVIDSON)","2006","1","1 - NOT WORN"
"19695483","LUBBOCK","2023-08-08","1","1 - CLEAR","HARLEY-DAVIDSON","FLSTFI (HARLEY-DAVIDSON)","2006","0","1 - NOT WORN"
"19696134","ARANSAS PASS","2023-08-08","0","1 - CLEAR","YAMAHA","XV1000 (YAMAHA)","2011","0","1 - NOT WORN"
"19696134","ARANSAS PASS","2023-08-08","0","1 - CLEAR","UNKNOWN","UNKNOWN (UNKNOWN)","No Data","0","97 - NOT APPLICABLE"
"19696134","ARANSAS PASS","2023-08-08","0","1 - CLEAR","UNKNOWN","UNKNOWN (UNKNOWN)","No Data","0","99 - UNKNOWN IF WORN"
"19696134","ARANSAS PASS","2023-08-08","0","1 - CLEAR","LINCOLN","AVIATOR (LINCOLN)","2022","0","97 - NOT APPLICABLE"
"19696781","OUTSIDE CITY LIMITS","2023-08-08","0","1 - CLEAR","KAWASAKI","EX400 (KAWASAKI)","2023","0","3 - WORN, NOT DAMAGED"
"19702350","OUTSIDE CITY LIMITS","2023-08-08","1","1 - CLEAR","HARLEY-DAVIDSON","FLT (HARLEY-DAVIDSON)","2005","1","1 - NOT WORN"
"19702350","OUTSIDE CITY LIMITS","2023-08-08","1","1 - CLEAR","FORD","EDGE (FORD)","2007","0","97 - NOT APPLICABLE"
"19702362","SAN ANTONIO","2023-08-08","1","1 - CLEAR","SUZUKI","GSX-R600 (SUZUKI)","2006","1","2 - WORN, DAMAGED"
"19702362","SAN ANTONIO","2023-08-08","1","1 - CLEAR","NISSAN","MAXIMA (NISSAN)","2009","0","97 - NOT APPLICABLE"
"19711965","OUTSIDE CITY LIMITS","2023-08-08","0","1 - CLEAR","HARLEY-DAVIDSON","UNKNOWN (HARLEY-DAVIDSON)","2016","0","4 - WORN, UNK DAMAGE"
"19694565","PARIS","2023-08-09","0","1 - CLEAR","HARLEY-DAVIDSON","FXSTS (HARLEY-DAVIDSON)","2013","0","1 - NOT WORN"
"19694565","PARIS","2023-08-09","0","1 - CLEAR","VOLVO","VN (VOLVO)","2022","0","97 - NOT APPLICABLE"
"19694792","MANSFIELD","2023-08-09","0","1 - CLEAR","BUICK","ENVISION (BUICK)","2020","0","97 - NOT APPLICABLE"
"19694792","MANSFIELD","2023-08-09","0","1 - CLEAR","HONDA","CBR600 (HONDA)","2015","0","4 - WORN, UNK DAMAGE"
"19695562","FARMERSVILLE","2023-08-09","0","1 - CLEAR","HARLEY-DAVIDSON","FXLRS (HARLEY-DAVIDSON)","2021","0","1 - NOT WORN"
"19695562","FARMERSVILLE","2023-08-09","0","1 - CLEAR","FORD","F350 (FORD)","2019","0","97 - NOT APPLICABLE"
"19696210","MISSOURI CITY","2023-08-09","0","1 - CLEAR","HARLEY-DAVIDSON","XL883 (HARLEY-DAVIDSON)","2007","0","1 - NOT WORN"
"19696316","NORTH CLEVELAND","2023-08-09","0","1 - CLEAR","HARLEY-DAVIDSON","FLS (HARLEY-DAVIDSON)","2011","0","1 - NOT WORN"
"19696316","NORTH CLEVELAND","2023-08-09","0","1 - CLEAR","PETERBILT","579 (PETERBILT)","2022","0","97 - NOT APPLICABLE"
"19696316","NORTH CLEVELAND","2023-08-09","0","1 - CLEAR","SUBARU","XV CROSSTREK (SUBARU)","2013","0","97 - NOT APPLICABLE"
"19696316","NORTH CLEVELAND","2023-08-09","0","1 - CLEAR","SUBARU","XV CROSSTREK (SUBARU)","2013","0","97 - NOT APPLICABLE"
"19696316","NORTH CLEVELAND","2023-08-09","0","1 - CLEAR","RAM","1500 (RAM)","2019","0","97 - NOT APPLICABLE"
"19696316","NORTH CLEVELAND","2023-08-09","0","1 - CLEAR","RAM","1500 (RAM)","2019","0","97 - NOT APPLICABLE"
"19696316","NORTH CLEVELAND","2023-08-09","0","1 - CLEAR","RAM","1500 (RAM)","2019","0","97 - NOT APPLICABLE"
"19696316","NORTH CLEVELAND","2023-08-09","0","1 - CLEAR","RAM","1500 (RAM)","2019","0","97 - NOT APPLICABLE"
"19696316","NORTH CLEVELAND","2023-08-09","0","1 - CLEAR","RAM","1500 (RAM)","2019","0","97 - NOT APPLICABLE"
"19707452","OUTSIDE CITY LIMITS","2023-08-09","1","1 - CLEAR","HARLEY-DAVIDSON","FXS (HARLEY-DAVIDSON)","2014","1","2 - WORN, DAMAGED"
"19707452","OUTSIDE CITY LIMITS","2023-08-09","1","1 - CLEAR","KENWORTH","T680 (KENWORTH)","2004","0","97 - NOT APPLICABLE"
"19726844","ALVARADO","2023-08-09","1","1 - CLEAR","FORD","F150 (FORD)","2019","0","97 - NOT APPLICABLE"
"19726844","ALVARADO","2023-08-09","1","1 - CLEAR","HARLEY-DAVIDSON","UNKNOWN (HARLEY-DAVIDSON)","2019","1","4 - WORN, UNK DAMAGE"
"19696922","AUSTIN","2023-08-10","0","1 - CLEAR","HARLEY-DAVIDSON","FLH80 (HARLEY-DAVIDSON)","2017","0","1 - NOT WORN"
"19697309","DALLAS","2023-08-10","0","1 - CLEAR","HARLEY-DAVIDSON","FXSTC (HARLEY-DAVIDSON)","2008","0","2 - WORN, DAMAGED"
"19698745","OUTSIDE CITY LIMITS","2023-08-10","0","1 - CLEAR","HONDA","UNKNOWN (HONDA)","2023","0","1 - NOT WORN"
"19698745","OUTSIDE CITY LIMITS","2023-08-10","0","1 - CLEAR","NISSAN","ALTIMA (NISSAN)","2016","0","97 - NOT APPLICABLE"
"19699641","EL PASO","2023-08-10","0","2 - CLOUDY","UNKNOWN","UNKNOWN (UNKNOWN)","No Data","0","97 - NOT APPLICABLE"
"19699641","EL PASO","2023-08-10","0","2 - CLOUDY","HONDA","CBR600 (HONDA)","2006","0","2 - WORN, DAMAGED"
"19705998","OUTSIDE CITY LIMITS","2023-08-10","0","1 - CLEAR","HARLEY-DAVIDSON","XL883 (HARLEY-DAVIDSON)","2022","0","1 - NOT WORN"
"19706741","AMARILLO","2023-08-10","1","1 - CLEAR","YAMAHA","YZFR1 (YAMAHA)","2005","1","1 - NOT WORN"
"19706741","AMARILLO","2023-08-10","1","1 - CLEAR","BUICK","ENCORE (BUICK)","2016","0","97 - NOT APPLICABLE"
"19706741","AMARILLO","2023-08-10","1","1 - CLEAR","BUICK","ENCORE (BUICK)","2016","0","97 - NOT APPLICABLE"
"19706741","AMARILLO","2023-08-10","1","1 - CLEAR","BUICK","ENCORE (BUICK)","2016","0","97 - NOT APPLICABLE"
"19713220","OUTSIDE CITY LIMITS","2023-08-10","1","1 - CLEAR","CHEVROLET","SILVERADO (CHEVROLET)","2016","0","97 - NOT APPLICABLE"
"19713220","OUTSIDE CITY LIMITS","2023-08-10","1","1 - CLEAR","HARLEY-DAVIDSON","FLHTCU (HARLEY-DAVIDSON)","2017","1","2 - WORN, DAMAGED"
"19713220","OUTSIDE CITY LIMITS","2023-08-10","1","1 - CLEAR","FORD","F150 (FORD)","2016","0","97 - NOT APPLICABLE"
"19699326","EL PASO","2023-08-11","0","1 - CLEAR","HONDA","UNKNOWN (HONDA)","2004","0","1 - NOT WORN"
"19699406","SAN ANTONIO","2023-08-11","0","2 - CLOUDY","HARLEY-DAVIDSON","FLH (HARLEY-DAVIDSON)","2001","0","99 - UNKNOWN IF WORN"
"19699406","SAN ANTONIO","2023-08-11","0","2 - CLOUDY","FORD","F250 (FORD)","2017","0","97 - NOT APPLICABLE"
"19700491","WEATHERFORD","2023-08-11","0","1 - CLEAR","HARLEY-DAVIDSON","FLDE (HARLEY-DAVIDSON)","2015","0","1 - NOT WORN"
"19700491","WEATHERFORD","2023-08-11","0","1 - CLEAR","FREIGHTLINER","UNKNOWN (FREIGHTLINER)","2015","0","97 - NOT APPLICABLE"
"19703390","COMBINE","2023-08-11","0","1 - CLEAR","YAMAHA","YFM700 (YAMAHA)","2008","0","1 - NOT WORN"
"19703390","COMBINE","2023-08-11","0","1 - CLEAR","YAMAHA","YFM700 (YAMAHA)","2008","0","1 - NOT WORN"
"19704973","ABERNATHY","2023-08-11","1","1 - CLEAR","HARLEY-DAVIDSON","FLH (HARLEY-DAVIDSON)","2009","1","1 - NOT WORN"
"19706122","CLEBURNE","2023-08-11","1","1 - CLEAR","PONTIAC","GRAND PRIX (PONTIAC)","2007","0","97 - NOT APPLICABLE"
"19706122","CLEBURNE","2023-08-11","1","1 - CLEAR","INDIAN MOTORCYCLE CO.","UNKNOWN (INDIAN MOTORCYCLE CO.)","2023","1","2 - WORN, DAMAGED"
"19706122","CLEBURNE","2023-08-11","1","1 - CLEAR","DODGE","RAM 1500 (DODGE)","2015","0","97 - NOT APPLICABLE"
"19706807","BEDFORD","2023-08-11","0","1 - CLEAR","HARLEY-DAVIDSON","FLHP (HARLEY-DAVIDSON)","2023","0","2 - WORN, DAMAGED"
"19706807","BEDFORD","2023-08-11","0","1 - CLEAR","TOYOTA","CAMRY (TOYOTA)","2011","0","97 - NOT APPLICABLE"
"19706839","PASADENA","2023-08-11","0","1 - CLEAR","HONDA","UNKNOWN (HONDA)","2023","0","2 - WORN, DAMAGED"
"19706839","PASADENA","2023-08-11","0","1 - CLEAR","NISSAN","SENTRA (NISSAN)","2019","0","97 - NOT APPLICABLE"
"19713761","RICHARDSON","2023-08-11","0","1 - CLEAR","HARLEY-DAVIDSON","FLTRXS (HARLEY-DAVIDSON)","2018","0","3 - WORN, NOT DAMAGED"
"19738091","OUTSIDE CITY LIMITS","2023-08-11","1","1 - CLEAR","INTERNATIONAL","UNKNOWN (INTERNATIONAL)","2011","0","97 - NOT APPLICABLE"
"19738091","OUTSIDE CITY LIMITS","2023-08-11","1","1 - CLEAR","HARLEY-DAVIDSON","FLD (HARLEY-DAVIDSON)","2003","1","1 - NOT WORN"
"19698402","OUTSIDE CITY LIMITS","2023-08-12","0","1 - CLEAR","HONDA","NRX1800 (HONDA)","2009","0","4 - WORN, UNK DAMAGE"
"19699265","SAN ANTONIO","2023-08-12","0","1 - CLEAR","DODGE","RAM 2500 (DODGE)","2019","0","97 - NOT APPLICABLE"
"19699265","SAN ANTONIO","2023-08-12","0","1 - CLEAR","DUCATI","UNKNOWN (DUCATI)","2017","0","4 - WORN, UNK DAMAGE"
"19699543","ODESSA","2023-08-12","0","1 - CLEAR","HONDA","CBR1000 (HONDA)","2008","0","2 - WORN, DAMAGED"
"19699543","ODESSA","2023-08-12","0","1 - CLEAR","FORD","F150 (FORD)","2016","0","97 - NOT APPLICABLE"
"19699543","ODESSA","2023-08-12","0","1 - CLEAR","FORD","F150 (FORD)","2016","0","97 - NOT APPLICABLE"
"19700198","OUTSIDE CITY LIMITS","2023-08-12","0","2 - CLOUDY","HARLEY-DAVIDSON","FLST (HARLEY-DAVIDSON)","2023","0","1 - NOT WORN"
"19701214","ALVIN","2023-08-12","0","1 - CLEAR","RAM","PROMASTER CITY (RAM)","2017","0","97 - NOT APPLICABLE"
"19701214","ALVIN","2023-08-12","0","1 - CLEAR","HARLEY-DAVIDSON","FLH80 (HARLEY-DAVIDSON)","2017","0","4 - WORN, UNK DAMAGE"
"19701436","OUTSIDE CITY LIMITS","2023-08-12","0","1 - CLEAR","HARLEY-DAVIDSON","UNKNOWN (HARLEY-DAVIDSON)","2014","0","1 - NOT WORN"
"19701706","FORT WORTH","2023-08-12","0","1 - CLEAR","HARLEY-DAVIDSON","FLHS (HARLEY-DAVIDSON)","2018","0","1 - NOT WORN"
"19702686","MIDLOTHIAN","2023-08-12","1","1 - CLEAR","HARLEY-DAVIDSON","UNKNOWN (HARLEY-DAVIDSON)","2007","1","1 - NOT WORN"
"19704310","UNIVERSAL CITY","2023-08-12","0","1 - CLEAR","CHEVROLET","SILVERADO C1500 (CHEVROLET)","2021","0","97 - NOT APPLICABLE"
"19704310","UNIVERSAL CITY","2023-08-12","0","1 - CLEAR","KAWASAKI","ZX636 (KAWASAKI)","2023","0","2 - WORN, DAMAGED"
"19706207","OUTSIDE CITY LIMITS","2023-08-12","0","1 - CLEAR","SUZUKI","UNKNOWN (SUZUKI)","2007","0","4 - WORN, UNK DAMAGE"
"19708053","OUTSIDE CITY LIMITS","2023-08-12","2","1 - CLEAR","YAMAHA","UNKNOWN (YAMAHA)","2021","1","1 - NOT WORN"
"19708053","OUTSIDE CITY LIMITS","2023-08-12","2","1 - CLEAR","YAMAHA","UNKNOWN (YAMAHA)","2021","1","1 - NOT WORN"
"19708053","OUTSIDE CITY LIMITS","2023-08-12","2","1 - CLEAR","KIA","SORENTO (KIA)","2013","0","97 - NOT APPLICABLE"
"19708053","OUTSIDE CITY LIMITS","2023-08-12","2","1 - CLEAR","KIA","SORENTO (KIA)","2013","0","97 - NOT APPLICABLE"
"19708639","OUTSIDE CITY LIMITS","2023-08-12","1","1 - CLEAR","HARLEY-DAVIDSON","FLH (HARLEY-DAVIDSON)","2019","1","2 - WORN, DAMAGED"
"19708639","OUTSIDE CITY LIMITS","2023-08-12","1","1 - CLEAR","TOYOTA","SIENNA (TOYOTA)","2014","0","97 - NOT APPLICABLE"
"19712878","OUTSIDE CITY LIMITS","2023-08-12","1","1 - CLEAR","INDIAN MOTORCYCLE CO.","UNKNOWN (INDIAN MOTORCYCLE CO.)","2020","1","2 - WORN, DAMAGED"
"19714332","JACKSONVILLE","2023-08-12","1","1 - CLEAR","CHEVROLET","SILVERADO (CHEVROLET)","2012","0","97 - NOT APPLICABLE"
"19714332","JACKSONVILLE","2023-08-12","1","1 - CLEAR","CHEVROLET","SILVERADO (CHEVROLET)","2012","0","97 - NOT APPLICABLE"
"19714332","JACKSONVILLE","2023-08-12","1","1 - CLEAR","HARLEY-DAVIDSON","UNKNOWN (HARLEY-DAVIDSON)","2006","1","1 - NOT WORN"
"19716106","WYLIE","2023-08-12","0","1 - CLEAR","KAWASAKI","ZX900 (KAWASAKI)","2023","0","2 - WORN, DAMAGED"
"19716106","WYLIE","2023-08-12","0","1 - CLEAR","NISSAN","XTERRA (NISSAN)","2006","0","97 - NOT APPLICABLE"
"19717042","SEVEN POINTS","2023-08-12","0","1 - CLEAR","HARLEY-DAVIDSON","ELW (HARLEY-DAVIDSON)","2009","0","2 - WORN, DAMAGED"
"19717042","SEVEN POINTS","2023-08-12","0","1 - CLEAR","GMC","C2500 (GMC)","2014","0","97 - NOT APPLICABLE"
"19718413","DALLAS","2023-08-12","1","1 - CLEAR","HARLEY-DAVIDSON","FLHTCU (HARLEY-DAVIDSON)","2008","1","1 - NOT WORN"
"19718413","DALLAS","2023-08-12","1","1 - CLEAR","GMC","SIERRA (GMC)","2024","0","97 - NOT APPLICABLE"
"19718413","DALLAS","2023-08-12","1","1 - CLEAR","GMC","SIERRA (GMC)","2024","0","97 - NOT APPLICABLE"
"19718413","DALLAS","2023-08-12","1","1 - CLEAR","GMC","SIERRA (GMC)","2024","0","97 - NOT APPLICABLE"
"19723509","PORT ARTHUR","2023-08-12","0","1 - CLEAR","YAMAHA","MT09 (YAMAHA)","2020","0","1 - NOT WORN"
"19723509","PORT ARTHUR","2023-08-12","0","1 - CLEAR","NISSAN","TITAN (NISSAN)","2004","0","97 - NOT APPLICABLE"
"19723509","PORT ARTHUR","2023-08-12","0","1 - CLEAR","NISSAN","TITAN (NISSAN)","2004","0","97 - NOT APPLICABLE"
"19700394","LUBBOCK","2023-08-13","1","1 - CLEAR","FORD","MUSTANG (FORD)","2010","0","97 - NOT APPLICABLE"
"19700394","LUBBOCK","2023-08-13","1","1 - CLEAR","HARLEY-DAVIDSON","XLH (HARLEY-DAVIDSON)","2006","1","1 - NOT WORN"
"19700615","HOUSTON","2023-08-13","0","1 - CLEAR","YAMAHA","YZFR6 (YAMAHA)","2006","0","2 - WORN, DAMAGED"
"19700615","HOUSTON","2023-08-13","0","1 - CLEAR","BMW","UNKNOWN (BMW)","No Data","0","97 - NOT APPLICABLE"
"19702337","DALLAS","2023-08-13","0","1 - CLEAR","SUZUKI","GSX (SUZUKI)","2013","0","99 - UNKNOWN IF WORN"
"19702337","DALLAS","2023-08-13","0","1 - CLEAR","NISSAN","NV200 (NISSAN)","2021","0","97 - NOT APPLICABLE"
"19702562","DALLAS","2023-08-13","0","1 - CLEAR","HONDA","VT750 (HONDA)","2006","0","3 - WORN, NOT DAMAGED"
"19702562","DALLAS","2023-08-13","0","1 - CLEAR","LEXUS","CT (LEXUS)","2013","0","97 - NOT APPLICABLE"
"19702562","DALLAS","2023-08-13","0","1 - CLEAR","LEXUS","CT (LEXUS)","2013","0","97 - NOT APPLICABLE"
"19705893","OUTSIDE CITY LIMITS","2023-08-13","0","1 - CLEAR","HARLEY-DAVIDSON","XL1200 (HARLEY-DAVIDSON)","2005","0","1 - NOT WORN"
"19705893","OUTSIDE CITY LIMITS","2023-08-13","0","1 - CLEAR","MAZDA","6 (MAZDA)","2015","0","97 - NOT APPLICABLE"
"19705893","OUTSIDE CITY LIMITS","2023-08-13","0","1 - CLEAR","MAZDA","6 (MAZDA)","2015","0","97 - NOT APPLICABLE"
"19705893","OUTSIDE CITY LIMITS","2023-08-13","0","1 - CLEAR","MAZDA","6 (MAZDA)","2015","0","97 - NOT APPLICABLE"
"19706725","SAN MARCOS","2023-08-13","0","1 - CLEAR","BMW","X3 (BMW)","2016","0","97 - NOT APPLICABLE"
"19706725","SAN MARCOS","2023-08-13","0","1 - CLEAR","HONDA","CBR600 (HONDA)","2010","0","2 - WORN, DAMAGED"
"19707163","TERRELL","2023-08-13","0","1 - CLEAR","KAWASAKI","KX100 (KAWASAKI)","2014","0","1 - NOT WORN"
"19707884","ARLINGTON","2023-08-13","0","1 - CLEAR","No Data","No Data","No Data","0","97 - NOT APPLICABLE"
"19707884","ARLINGTON","2023-08-13","0","1 - CLEAR","HONDA","RVT1000 (HONDA)","2005","0","2 - WORN, DAMAGED"
"19709903","DALLAS","2023-08-13","0","1 - CLEAR","CAN-AM","RYKER (CAN-AM)","2020","0","1 - NOT WORN"
"19709903","DALLAS","2023-08-13","0","1 - CLEAR","HARLEY-DAVIDSON","FLH (HARLEY-DAVIDSON)","2013","0","1 - NOT WORN"
"19711126","BAYTOWN","2023-08-13","0","1 - CLEAR","KAWASAKI","KLE650 (KAWASAKI)","2014","0","1 - NOT WORN"
"19711126","BAYTOWN","2023-08-13","0","1 - CLEAR","CHEVROLET","IMPALA (CHEVROLET)","2018","0","97 - NOT APPLICABLE"
"19711126","BAYTOWN","2023-08-13","0","1 - CLEAR","CHEVROLET","IMPALA (CHEVROLET)","2018","0","97 - NOT APPLICABLE"
"19711126","BAYTOWN","2023-08-13","0","1 - CLEAR","CHEVROLET","IMPALA (CHEVROLET)","2018","0","97 - NOT APPLICABLE"
"19711126","BAYTOWN","2023-08-13","0","1 - CLEAR","CHEVROLET","IMPALA (CHEVROLET)","2018","0","97 - NOT APPLICABLE"
"19739560","OUTSIDE CITY LIMITS","2023-08-13","0","1 - CLEAR","HARLEY-DAVIDSON","FXS (HARLEY-DAVIDSON)","2020","0","4 - WORN, UNK DAMAGE"
"19739560","OUTSIDE CITY LIMITS","2023-08-13","0","1 - CLEAR","BUICK","ENCORE GX (BUICK)","2021","0","97 - NOT APPLICABLE"
"19704486","LANCASTER","2023-08-14","1","1 - CLEAR","DODGE","CHARGER (DODGE)","2012","0","97 - NOT APPLICABLE"
"19704486","LANCASTER","2023-08-14","1","1 - CLEAR","UNKNOWN","UNKNOWN (UNKNOWN)","2022","1","1 - NOT WORN"
"19706229","OUTSIDE CITY LIMITS","2023-08-14","0","1 - CLEAR","HONDA","UNKNOWN (HONDA)","2007","0","1 - NOT WORN"
"19706229","OUTSIDE CITY LIMITS","2023-08-14","0","1 - CLEAR","HONDA","UNKNOWN (HONDA)","2007","0","1 - NOT WORN"
"19708384","OUTSIDE CITY LIMITS","2023-08-14","0","1 - CLEAR","CHEVROLET","SILVERADO (CHEVROLET)","2002","0","97 - NOT APPLICABLE"
"19708384","OUTSIDE CITY LIMITS","2023-08-14","0","1 - CLEAR","HARLEY-DAVIDSON","FLTRXS (HARLEY-DAVIDSON)","2023","0","1 - NOT WORN"
"19708887","HOUSTON","2023-08-14","0","1 - CLEAR","HARLEY-DAVIDSON","UNKNOWN (HARLEY-DAVIDSON)","2001","0","1 - NOT WORN"
"19708887","HOUSTON","2023-08-14","0","1 - CLEAR","MERCEDES-BENZ","SPRINTER (MERCEDES-BENZ)","2023","0","97 - NOT APPLICABLE"
"19712334","OUTSIDE CITY LIMITS","2023-08-14","0","1 - CLEAR","HARLEY-DAVIDSON","FLHXS (HARLEY-DAVIDSON)","2022","0","1 - NOT WORN"
"19719893","OUTSIDE CITY LIMITS","2023-08-14","0","1 - CLEAR","KTM","350 (KTM)","2019","0","1 - NOT WORN"
"19740956","OUTSIDE CITY LIMITS","2023-08-14","1","1 - CLEAR","FORD","F150 (FORD)","2004","0","97 - NOT APPLICABLE"
"19740956","OUTSIDE CITY LIMITS","2023-08-14","1","1 - CLEAR","HARLEY-DAVIDSON","FLH (HARLEY-DAVIDSON)","2018","1","1 - NOT WORN"
"19886567","HOUSTON","2023-08-14","1","1 - CLEAR","SUZUKI","SV650 (SUZUKI)","2017","1","2 - WORN, DAMAGED"
"19703599","FORT WORTH","2023-08-15","1","1 - CLEAR","TOYOTA","CAMRY (TOYOTA)","2021","0","97 - NOT APPLICABLE"
"19703599","FORT WORTH","2023-08-15","1","1 - CLEAR","HONDA","CBR1000 (HONDA)","2009","1","2 - WORN, DAMAGED"
"19704455","OUTSIDE CITY LIMITS","2023-08-15","0","1 - CLEAR","HARLEY-DAVIDSON","FLHXS (HARLEY-DAVIDSON)","2019","0","99 - UNKNOWN IF WORN"
"19704825","EL PASO","2023-08-15","1","1 - CLEAR","SUZUKI","GSX (SUZUKI)","2022","1","1 - NOT WORN"
"19704825","EL PASO","2023-08-15","1","1 - CLEAR","NISSAN","KICKS (NISSAN)","2022","0","97 - NOT APPLICABLE"
"19705441","LONGVIEW","2023-08-15","0","1 - CLEAR","YAMAHA","YZFR3 (YAMAHA)","2016","0","3 - WORN, NOT DAMAGED"
"19705441","LONGVIEW","2023-08-15","0","1 - CLEAR","KIA","RIO (KIA)","2023","0","97 - NOT APPLICABLE"
"19705441","LONGVIEW","2023-08-15","0","1 - CLEAR","KIA","RIO (KIA)","2023","0","97 - NOT APPLICABLE"
"19705673","AUSTIN","2023-08-15","0","1 - CLEAR","ALL OTHER MAKES","UNKNOWN (ALL OTHER MAKES)","2022","0","4 - WORN, UNK DAMAGE"
"19705673","AUSTIN","2023-08-15","0","1 - CLEAR","VOLVO","XC90 (VOLVO)","2007","0","97 - NOT APPLICABLE"
"19707321","OUTSIDE CITY LIMITS","2023-08-15","0","1 - CLEAR","KAWASAKI","VULCAN 2000 (KAWASAKI)","2012","0","2 - WORN, DAMAGED"
"19707321","OUTSIDE CITY LIMITS","2023-08-15","0","1 - CLEAR","KAWASAKI","VULCAN 2000 (KAWASAKI)","2012","0","2 - WORN, DAMAGED"
"19707914","TYLER","2023-08-15","0","1 - CLEAR","HARLEY-DAVIDSON","UNKNOWN (HARLEY-DAVIDSON)","2004","0","1 - NOT WORN"
"19707914","TYLER","2023-08-15","0","1 - CLEAR","KIA","RIO (KIA)","2018","0","97 - NOT APPLICABLE"
"19709875","MURPHY","2023-08-15","0","1 - CLEAR","TOYOTA","RAV4 (TOYOTA)","2020","0","97 - NOT APPLICABLE"
"19709875","MURPHY","2023-08-15","0","1 - CLEAR","HONDA","VTX1300 (HONDA)","2003","0","2 - WORN, DAMAGED"
"19719653","OUTSIDE CITY LIMITS","2023-08-15","0","1 - CLEAR","DODGE","RAM 2500 (DODGE)","2001","0","97 - NOT APPLICABLE"
"19719653","OUTSIDE CITY LIMITS","2023-08-15","0","1 - CLEAR","HARLEY-DAVIDSON","UNKNOWN (HARLEY-DAVIDSON)","2009","0","1 - NOT WORN"
"19726251","MIDLAND","2023-08-15","0","1 - CLEAR","HONDA","XR650 (HONDA)","2021","0","3 - WORN, NOT DAMAGED"
"19726251","MIDLAND","2023-08-15","0","1 - CLEAR","GMC","ACADIA (GMC)","2019","0","97 - NOT APPLICABLE"
"19728391","DALLAS","2023-08-15","0","1 - CLEAR","CHEVROLET","TAHOE (CHEVROLET)","2015","0","97 - NOT APPLICABLE"
"19728391","DALLAS","2023-08-15","0","1 - CLEAR","ALL OTHER MAKES","UNKNOWN (ALL OTHER MAKES)","2023","0","3 - WORN, NOT DAMAGED"
"19706898","EL PASO","2023-08-16","0","1 - CLEAR","CHRYSLER","PACIFICA (CHRYSLER)","2004","0","97 - NOT APPLICABLE"
"19706898","EL PASO","2023-08-16","0","1 - CLEAR","OTHER (EXPLAIN IN NARRATIVE)","OTHER (EXPLAIN IN NARRATIVE) (OTHER (EXPLAIN IN NARRATIVE))","2022","0","1 - NOT WORN"
"19707747","OUTSIDE CITY LIMITS","2023-08-16","0","1 - CLEAR","HYUNDAI","ELANTRA (HYUNDAI)","2017","0","97 - NOT APPLICABLE"
"19707747","OUTSIDE CITY LIMITS","2023-08-16","0","1 - CLEAR","YAMAHA","MT07 (YAMAHA)","2022","0","2 - WORN, DAMAGED"
"19708244","HURST","2023-08-16","0","1 - CLEAR","BMW","S 1000 (BMW)","2023","0","2 - WORN, DAMAGED"
"19708244","HURST","2023-08-16","0","1 - CLEAR","FORD","EXPLORER (FORD)","2017","0","97 - NOT APPLICABLE"
"19708244","HURST","2023-08-16","0","1 - CLEAR","TOYOTA","RAV4 (TOYOTA)","2004","0","97 - NOT APPLICABLE"
"19708529","VICTORIA","2023-08-16","0","1 - CLEAR","FORD","F150 (FORD)","2003","0","97 - NOT APPLICABLE"
"19708529","VICTORIA","2023-08-16","0","1 - CLEAR","HONDA","UNKNOWN (HONDA)","2000","0","1 - NOT WORN"
"19716736","CARTHAGE","2023-08-16","0","1 - CLEAR","UNKNOWN","UNKNOWN (UNKNOWN)","No Data","0","97 - NOT APPLICABLE"
"19716736","CARTHAGE","2023-08-16","0","1 - CLEAR","HARLEY-DAVIDSON","UNKNOWN (HARLEY-DAVIDSON)","2004","0","99 - UNKNOWN IF WORN"
"19736407","OUTSIDE CITY LIMITS","2023-08-16","0","1 - CLEAR","KAWASAKI","ZR900 (KAWASAKI)","2019","0","1 - NOT WORN"
"19707479","AUSTIN","2023-08-17","0","1 - CLEAR","UNKNOWN","UNKNOWN (UNKNOWN)","2022","0","1 - NOT WORN"
"19707479","AUSTIN","2023-08-17","0","1 - CLEAR","VOLKSWAGEN","JETTA (VOLKSWAGEN)","2016","0","97 - NOT APPLICABLE"
"19708280","ORANGE","2023-08-17","0","1 - CLEAR","CHEVROLET","SILVERADO (CHEVROLET)","2017","0","97 - NOT APPLICABLE"
"19708280","ORANGE","2023-08-17","0","1 - CLEAR","HARLEY-DAVIDSON","UNKNOWN (HARLEY-DAVIDSON)","2021","0","1 - NOT WORN"
"19713324","EARLY","2023-08-17","0","1 - CLEAR","CHRYSLER","PACIFICA (CHRYSLER)","2021","0","97 - NOT APPLICABLE"
"19713324","EARLY","2023-08-17","0","1 - CLEAR","CHRYSLER","PACIFICA (CHRYSLER)","2021","0","97 - NOT APPLICABLE"
"19713324","EARLY","2023-08-17","0","1 - CLEAR","CHRYSLER","PACIFICA (CHRYSLER)","2021","0","97 - NOT APPLICABLE"
"19713324","EARLY","2023-08-17","0","1 - CLEAR","YAMAHA","YZF600 (YAMAHA)","2003","0","2 - WORN, DAMAGED"
"19715981","OUTSIDE CITY LIMITS","2023-08-17","0","1 - CLEAR","POLARIS","SPORTSMAN (POLARIS)","2014","0","1 - NOT WORN"
"19715981","OUTSIDE CITY LIMITS","2023-08-17","0","1 - CLEAR","POLARIS","SPORTSMAN (POLARIS)","2014","0","1 - NOT WORN"
"19716148","FORT WORTH","2023-08-17","0","1 - CLEAR","NISSAN","JUKE (NISSAN)","2013","0","97 - NOT APPLICABLE"
"19716148","FORT WORTH","2023-08-17","0","1 - CLEAR","NISSAN","JUKE (NISSAN)","2013","0","97 - NOT APPLICABLE"
"19716148","FORT WORTH","2023-08-17","0","1 - CLEAR","KAWASAKI","ZX600 (KAWASAKI)","2011","0","99 - UNKNOWN IF WORN"
"19718856","OUTSIDE CITY LIMITS","2023-08-17","0","2 - CLOUDY","KAWASAKI","EX400 (KAWASAKI)","2023","0","4 - WORN, UNK DAMAGE"
"19718856","OUTSIDE CITY LIMITS","2023-08-17","0","2 - CLOUDY","No Data","No Data","No Data","0","97 - NOT APPLICABLE"
"19718856","OUTSIDE CITY LIMITS","2023-08-17","0","2 - CLOUDY","RAM","1500 (RAM)","2019","0","97 - NOT APPLICABLE"
"19722900","OUTSIDE CITY LIMITS","2023-08-17","0","1 - CLEAR","KTM","1090 (KTM)","2018","0","2 - WORN, DAMAGED"
"19710420","FORT WORTH","2023-08-18","1","1 - CLEAR","POLARIS","SLINGSHOT (POLARIS)","2017","1","99 - UNKNOWN IF WORN"
"19713444","CONROE","2023-08-18","0","1 - CLEAR","HONDA","UNKNOWN (HONDA)","1984","0","1 - NOT WORN"
"19714228","DUMAS","2023-08-18","0","1 - CLEAR","HONDA","UNKNOWN (HONDA)","2003","0","2 - WORN, DAMAGED"
"19715082","OUTSIDE CITY LIMITS","2023-08-18","0","1 - CLEAR","YAMAHA","YZF750 (YAMAHA)","2013","0","1 - NOT WORN"
"19715082","OUTSIDE CITY LIMITS","2023-08-18","0","1 - CLEAR","YAMAHA","YZF750 (YAMAHA)","2013","0","3 - WORN, NOT DAMAGED"
"19715082","OUTSIDE CITY LIMITS","2023-08-18","0","1 - CLEAR","No Data","No Data","No Data","0","97 - NOT APPLICABLE"
"19715306","SUGAR LAND","2023-08-18","0","1 - CLEAR","YAMAHA","MT-01 (YAMAHA)","2023","0","2 - WORN, DAMAGED"
"19715306","SUGAR LAND","2023-08-18","0","1 - CLEAR","FORD","TRANSIT (FORD)","2017","0","97 - NOT APPLICABLE"
"19716713","PALESTINE","2023-08-18","0","1 - CLEAR","FORD","F150 (FORD)","2007","0","97 - NOT APPLICABLE"
"19716713","PALESTINE","2023-08-18","0","1 - CLEAR","KAWASAKI","EN500 (KAWASAKI)","2007","0","4 - WORN, UNK DAMAGE"
"19718788","CLEBURNE","2023-08-18","0","1 - CLEAR","HARLEY-DAVIDSON","XLH (HARLEY-DAVIDSON)","2021","0","1 - NOT WORN"
"19719546","OUTSIDE CITY LIMITS","2023-08-18","0","1 - CLEAR","HARLEY-DAVIDSON","UNKNOWN (HARLEY-DAVIDSON)","2003","0","99 - UNKNOWN IF WORN"
"19723388","MISSION","2023-08-18","0","1 - CLEAR","NISSAN","ALTIMA (NISSAN)","2016","0","97 - NOT APPLICABLE"
"19723388","MISSION","2023-08-18","0","1 - CLEAR","BMW","UNKNOWN (BMW)","2016","0","2 - WORN, DAMAGED"
"19736419","MANOR","2023-08-18","0","1 - CLEAR","HONDA","CBR600 (HONDA)","2008","0","2 - WORN, DAMAGED"
"19738112","NOLANVILLE","2023-08-18","0","1 - CLEAR","FORD","ESCAPE (FORD)","2018","0","97 - NOT APPLICABLE"
"19738112","NOLANVILLE","2023-08-18","0","1 - CLEAR","FORD","ESCAPE (FORD)","2018","0","97 - NOT APPLICABLE"
"19738112","NOLANVILLE","2023-08-18","0","1 - CLEAR","HARLEY-DAVIDSON","FLT (HARLEY-DAVIDSON)","2022","0","2 - WORN, DAMAGED"
"19710474","PORT ARTHUR","2023-08-19","1","1 - CLEAR","HONDA","ATC250 (HONDA)","2012","1","1 - NOT WORN"
"19710474","PORT ARTHUR","2023-08-19","1","1 - CLEAR","DODGE","CHARGER (DODGE)","2009","0","97 - NOT APPLICABLE"
"19710689","HOUSTON","2023-08-19","0","1 - CLEAR","HONDA","CBR600 (HONDA)","2009","0","3 - WORN, NOT DAMAGED"
"19710689","HOUSTON","2023-08-19","0","1 - CLEAR","SUZUKI","GV1400 (SUZUKI)","2013","0","3 - WORN, NOT DAMAGED"
"19711156","WACO","2023-08-19","1","1 - CLEAR","HARLEY-DAVIDSON","XLH883 (HARLEY-DAVIDSON)","1996","1","1 - NOT WORN"
"19711916","PARIS","2023-08-19","0","1 - CLEAR","FORD","F150 (FORD)","2014","0","97 - NOT APPLICABLE"
"19711916","PARIS","2023-08-19","0","1 - CLEAR","KAWASAKI","VULCAN 2000 (KAWASAKI)","1997","0","1 - NOT WORN"
"19712489","OUTSIDE CITY LIMITS","2023-08-19","0","1 - CLEAR","FORD","F150 (FORD)","1989","0","97 - NOT APPLICABLE"
"19712489","OUTSIDE CITY LIMITS","2023-08-19","0","1 - CLEAR","FORD","F150 (FORD)","1989","0","97 - NOT APPLICABLE"
"19712489","OUTSIDE CITY LIMITS","2023-08-19","0","1 - CLEAR","HONDA","VF700 (HONDA)","2002","0","1 - NOT WORN"
"19712489","OUTSIDE CITY LIMITS","2023-08-19","0","1 - CLEAR","HONDA","VF700 (HONDA)","2002","0","1 - NOT WORN"
"19712908","QUEEN CITY","2023-08-19","0","1 - CLEAR","HARLEY-DAVIDSON","UNKNOWN (HARLEY-DAVIDSON)","2009","0","1 - NOT WORN"
"19713002","COMANCHE","2023-08-19","1","1 - CLEAR","HARLEY-DAVIDSON","FLH (HARLEY-DAVIDSON)","2011","1","1 - NOT WORN"
"19713002","COMANCHE","2023-08-19","1","1 - CLEAR","DODGE","RAM 1500 (DODGE)","2014","0","97 - NOT APPLICABLE"
"19713002","COMANCHE","2023-08-19","1","1 - CLEAR","DODGE","RAM 1500 (DODGE)","2014","0","97 - NOT APPLICABLE"
"19713574","AUSTIN","2023-08-19","0","1 - CLEAR","SUZUKI","GSX (SUZUKI)","2006","0","2 - WORN, DAMAGED"
"19715502","OUTSIDE CITY LIMITS","2023-08-19","0","1 - CLEAR","INDIAN MOTORCYCLE CO.","CHIEFTAIN (INDIAN MOTORCYCLE CO.)","2017","0","2 - WORN, DAMAGED"
"19718207","SAN ANTONIO","2023-08-19","1","1 - CLEAR","HONDA","UNKNOWN (HONDA)","2006","1","2 - WORN, DAMAGED"
"19719435","EL PASO","2023-08-19","0","1 - CLEAR","KAWASAKI","EX650 (KAWASAKI)","2014","0","4 - WORN, UNK DAMAGE"
"19725887","CONROE","2023-08-19","0","1 - CLEAR","TOYOTA","TACOMA (TOYOTA)","2021","0","97 - NOT APPLICABLE"
"19725887","CONROE","2023-08-19","0","1 - CLEAR","HONDA","CBR600 (HONDA)","2005","0","2 - WORN, DAMAGED"
"19756612","LUBBOCK","2023-08-19","0","1 - CLEAR","OTHER (EXPLAIN IN NARRATIVE)","OTHER (EXPLAIN IN NARRATIVE) (OTHER (EXPLAIN IN NARRATIVE))","2023","0","2 - WORN, DAMAGED"
"19716838","SAN ANTONIO","2023-08-20","1","1 - CLEAR","HARLEY-DAVIDSON","UNKNOWN (HARLEY-DAVIDSON)","2007","1","2 - WORN, DAMAGED"
"19719309","CROWLEY","2023-08-20","0","1 - CLEAR","NISSAN","VERSA (NISSAN)","2012","0","97 - NOT APPLICABLE"
"19719309","CROWLEY","2023-08-20","0","1 - CLEAR","NISSAN","VERSA (NISSAN)","2012","0","97 - NOT APPLICABLE"
"19719309","CROWLEY","2023-08-20","0","1 - CLEAR","NISSAN","VERSA (NISSAN)","2012","0","97 - NOT APPLICABLE"
"19719309","CROWLEY","2023-08-20","0","1 - CLEAR","ALL OTHER MAKES","UNKNOWN (ALL OTHER MAKES)","2022","0","4 - WORN, UNK DAMAGE"
"19719506","OUTSIDE CITY LIMITS","2023-08-20","0","1 - CLEAR","SUZUKI","GSX (SUZUKI)","2023","0","3 - WORN, NOT DAMAGED"
"19734256","HOUSTON","2023-08-20","0","1 - CLEAR","HARLEY-DAVIDSON","UNKNOWN (HARLEY-DAVIDSON)","2015","0","1 - NOT WORN"
"19734256","HOUSTON","2023-08-20","0","1 - CLEAR","CHEVROLET","TRAVERSE (CHEVROLET)","2023","0","97 - NOT APPLICABLE"
"19736105","MOUNT PLEASANT","2023-08-20","1","1 - CLEAR","HARLEY-DAVIDSON","FLT (HARLEY-DAVIDSON)","2010","1","2 - WORN, DAMAGED"
"20157895","FRIONA","2023-08-20","0","1 - CLEAR","KENWORTH","UNKNOWN (KENWORTH)","2010","0","97 - NOT APPLICABLE"
"20157895","FRIONA","2023-08-20","0","1 - CLEAR","BUELL","FIREBOLT (BUELL)","2007","0","2 - WORN, DAMAGED"
"19714416","BAYTOWN","2023-08-21","0","1 - CLEAR","YAMAHA","YZFR6 (YAMAHA)","2006","0","2 - WORN, DAMAGED"
"19714416","BAYTOWN","2023-08-21","0","1 - CLEAR","UNKNOWN","UNKNOWN (UNKNOWN)","No Data","0","97 - NOT APPLICABLE"
"19715773","MISSOURI CITY","2023-08-21","1","1 - CLEAR","FORD","TAURUS (FORD)","2016","0","97 - NOT APPLICABLE"
"19715773","MISSOURI CITY","2023-08-21","1","1 - CLEAR","YAMAHA","UNKNOWN (YAMAHA)","2004","1","2 - WORN, DAMAGED"
"19716874","BEDFORD","2023-08-21","1","1 - CLEAR","HONDA","UNKNOWN (HONDA)","2013","1","2 - WORN, DAMAGED"
"19716874","BEDFORD","2023-08-21","1","1 - CLEAR","JEEP","WRANGLER (JEEP)","2022","0","97 - NOT APPLICABLE"
"19722997","OUTSIDE CITY LIMITS","2023-08-21","0","1 - CLEAR","KAWASAKI","UNKNOWN (KAWASAKI)","2023","0","99 - UNKNOWN IF WORN"
"19722997","OUTSIDE CITY LIMITS","2023-08-21","0","1 - CLEAR","HONDA","ODYSSEY (HONDA)","2010","0","97 - NOT APPLICABLE"
"19726810","OUTSIDE CITY LIMITS","2023-08-21","0","1 - CLEAR","CHRYSLER","300 (CHRYSLER)","2009","0","97 - NOT APPLICABLE"
"19726810","OUTSIDE CITY LIMITS","2023-08-21","0","1 - CLEAR","HARLEY-DAVIDSON","FLH (HARLEY-DAVIDSON)","2015","0","1 - NOT WORN"
"19726810","OUTSIDE CITY LIMITS","2023-08-21","0","1 - CLEAR","HARLEY-DAVIDSON","FLH (HARLEY-DAVIDSON)","2015","0","2 - WORN, DAMAGED"
"19727598","OUTSIDE CITY LIMITS","2023-08-21","1","1 - CLEAR","HARLEY-DAVIDSON","FLT (HARLEY-DAVIDSON)","2021","1","1 - NOT WORN"
"19727598","OUTSIDE CITY LIMITS","2023-08-21","1","1 - CLEAR","HARLEY-DAVIDSON","FLT (HARLEY-DAVIDSON)","2021","0","1 - NOT WORN"
"19730692","OUTSIDE CITY LIMITS","2023-08-21","1","1 - CLEAR","YAMAHA","MT10 (YAMAHA)","2020","1","2 - WORN, DAMAGED"
"19730692","OUTSIDE CITY LIMITS","2023-08-21","1","1 - CLEAR","CHEVROLET","TRAVERSE (CHEVROLET)","2019","0","97 - NOT APPLICABLE"
"19749227","HOUSTON","2023-08-21","1","2 - CLOUDY","HONDA","VFR800 (HONDA)","2006","1","2 - WORN, DAMAGED"
"19716598","EL PASO","2023-08-22","0","1 - CLEAR","No Data","No Data","No Data","0","97 - NOT APPLICABLE"
"19716598","EL PASO","2023-08-22","0","1 - CLEAR","KAWASAKI","EX650 (KAWASAKI)","2022","0","4 - WORN, UNK DAMAGE"
"19718782","OUTSIDE CITY LIMITS","2023-08-22","0","2 - CLOUDY","YAMAHA","RT180 (YAMAHA)","1990","0","1 - NOT WORN"
"19720333","PFLUGERVILLE","2023-08-22","0","1 - CLEAR","HARLEY-DAVIDSON","FXD (HARLEY-DAVIDSON)","2016","0","99 - UNKNOWN IF WORN"
"19721540","DALLAS","2023-08-22","0","1 - CLEAR","HARLEY-DAVIDSON","FLH (HARLEY-DAVIDSON)","2002","0","1 - NOT WORN"
"19721540","DALLAS","2023-08-22","0","1 - CLEAR","BUICK","ENCORE (BUICK)","2022","0","97 - NOT APPLICABLE"
"19722367","MCKINNEY","2023-08-22","0","1 - CLEAR","SUBARU","OUTBACK (SUBARU)","2022","0","97 - NOT APPLICABLE"
"19722367","MCKINNEY","2023-08-22","0","1 - CLEAR","INDIAN MOTORCYCLE CO.","CHIEF (INDIAN MOTORCYCLE CO.)","2022","0","2 - WORN, DAMAGED"
"19737534","OUTSIDE CITY LIMITS","2023-08-22","0","1 - CLEAR","HARLEY-DAVIDSON","UNKNOWN (HARLEY-DAVIDSON)","2006","0","1 - NOT WORN"
"19718262","SANGER","2023-08-23","0","1 - CLEAR","HARLEY-DAVIDSON","FLHT (HARLEY-DAVIDSON)","2012","0","1 - NOT WORN"
"19720568","OUTSIDE CITY LIMITS","2023-08-23","0","1 - CLEAR","HONDA","VT1100 (HONDA)","1996","0","4 - WORN, UNK DAMAGE"
"19726850","OUTSIDE CITY LIMITS","2023-08-23","0","1 - CLEAR","CHEVROLET","SILVERADO (CHEVROLET)","2012","0","97 - NOT APPLICABLE"
"19726850","OUTSIDE CITY LIMITS","2023-08-23","0","1 - CLEAR","HARLEY-DAVIDSON","FXS (HARLEY-DAVIDSON)","2008","0","1 - NOT WORN"
"19727512","DALLAS","2023-08-23","0","1 - CLEAR","YAMAHA","UNKNOWN (YAMAHA)","2022","0","3 - WORN, NOT DAMAGED"
"19727512","DALLAS","2023-08-23","0","1 - CLEAR","LEXUS","LX 470 (LEXUS)","2001","0","97 - NOT APPLICABLE"
"19730580","OUTSIDE CITY LIMITS","2023-08-23","0","1 - CLEAR","HARLEY-DAVIDSON","XLH (HARLEY-DAVIDSON)","2005","0","4 - WORN, UNK DAMAGE"
"19730580","OUTSIDE CITY LIMITS","2023-08-23","0","1 - CLEAR","VOLKSWAGEN","ATLAS (VOLKSWAGEN)","2021","0","97 - NOT APPLICABLE"
"19730580","OUTSIDE CITY LIMITS","2023-08-23","0","1 - CLEAR","VOLKSWAGEN","ATLAS (VOLKSWAGEN)","2021","0","97 - NOT APPLICABLE"
"19732092","OUTSIDE CITY LIMITS","2023-08-23","0","1 - CLEAR","CHEVROLET","SILVERADO (CHEVROLET)","2015","0","97 - NOT APPLICABLE"
"19732092","OUTSIDE CITY LIMITS","2023-08-23","0","1 - CLEAR","UNKNOWN","UNKNOWN (UNKNOWN)","No Data","0","2 - WORN, DAMAGED"
"19735719","OUTSIDE CITY LIMITS","2023-08-23","1","1 - CLEAR","SUZUKI","C50 (SUZUKI)","2011","1","2 - WORN, DAMAGED"
"19720827","BONHAM","2023-08-24","0","1 - CLEAR","CHEVROLET","SILVERADO (CHEVROLET)","2019","0","97 - NOT APPLICABLE"
"19720827","BONHAM","2023-08-24","0","1 - CLEAR","CHEVROLET","SILVERADO (CHEVROLET)","2019","0","97 - NOT APPLICABLE"
"19720827","BONHAM","2023-08-24","0","1 - CLEAR","UNKNOWN","UNKNOWN (UNKNOWN)","2010","0","1 - NOT WORN"
"19721449","WACO","2023-08-24","1","1 - CLEAR","BUELL","1125 (BUELL)","2009","1","2 - WORN, DAMAGED"
"19732864","OUTSIDE CITY LIMITS","2023-08-24","0","1 - CLEAR","HARLEY-DAVIDSON","UNKNOWN (HARLEY-DAVIDSON)","2002","0","99 - UNKNOWN IF WORN"
"19723066","BRYAN","2023-08-25","0","1 - CLEAR","UNKNOWN","UNKNOWN (UNKNOWN)","No Data","0","1 - NOT WORN"
"19723066","BRYAN","2023-08-25","0","1 - CLEAR","UNKNOWN","UNKNOWN (UNKNOWN)","No Data","0","1 - NOT WORN"
"19723066","BRYAN","2023-08-25","0","1 - CLEAR","CHEVROLET","EQUINOX (CHEVROLET)","No Data","0","97 - NOT APPLICABLE"
"19727738","OUTSIDE CITY LIMITS","2023-08-25","0","1 - CLEAR","YAMAHA","MT07 (YAMAHA)","2020","0","1 - NOT WORN"
"19730226","HOUSTON","2023-08-25","0","1 - CLEAR","UNKNOWN","UNKNOWN (UNKNOWN)","No Data","0","97 - NOT APPLICABLE"
"19730226","HOUSTON","2023-08-25","0","1 - CLEAR","YAMAHA","UNKNOWN (YAMAHA)","2024","0","2 - WORN, DAMAGED"
"19730226","HOUSTON","2023-08-25","0","1 - CLEAR","TOYOTA","RAV4 (TOYOTA)","2022","0","97 - NOT APPLICABLE"
"19732288","BIG SANDY","2023-08-25","0","1 - CLEAR","DODGE","RAM 1500 (DODGE)","2016","0","97 - NOT APPLICABLE"
"19732288","BIG SANDY","2023-08-25","0","1 - CLEAR","SUZUKI","GSF1200 (SUZUKI)","2005","0","2 - WORN, DAMAGED"
"19733235","OUTSIDE CITY LIMITS","2023-08-25","1","1 - CLEAR","GMC","SIERRA (GMC)","2013","0","97 - NOT APPLICABLE"
"19733235","OUTSIDE CITY LIMITS","2023-08-25","1","1 - CLEAR","GMC","SIERRA (GMC)","2013","0","97 - NOT APPLICABLE"
"19733235","OUTSIDE CITY LIMITS","2023-08-25","1","1 - CLEAR","UNKNOWN","UNKNOWN (UNKNOWN)","2012","1","2 - WORN, DAMAGED"
"19743311","DALLAS","2023-08-25","0","1 - CLEAR","TOYOTA","SIENNA (TOYOTA)","2004","0","97 - NOT APPLICABLE"
"19743311","DALLAS","2023-08-25","0","1 - CLEAR","KAWASAKI","UNKNOWN (KAWASAKI)","2009","0","2 - WORN, DAMAGED"
"19745052","LITTLE ELM","2023-08-25","1","1 - CLEAR","FORD","F250 (FORD)","2021","0","97 - NOT APPLICABLE"
"19745052","LITTLE ELM","2023-08-25","1","1 - CLEAR","KAWASAKI","EX650 (KAWASAKI)","2022","1","2 - WORN, DAMAGED"
"19765435","HOUSTON","2023-08-25","1","1 - CLEAR","HARLEY-DAVIDSON","XLS (HARLEY-DAVIDSON)","2022","1","1 - NOT WORN"
"19771386","SNYDER","2023-08-25","0","1 - CLEAR","YAMAHA","XVS650 (YAMAHA)","2012","0","1 - NOT WORN"
"19776721","OUTSIDE CITY LIMITS","2023-08-25","0","1 - CLEAR","MERCEDES-BENZ","GLC (MERCEDES-BENZ)","2016","0","97 - NOT APPLICABLE"
"19776721","OUTSIDE CITY LIMITS","2023-08-25","0","1 - CLEAR","HONDA","NC750SA (HONDA)","2003","0","1 - NOT WORN"
"19776721","OUTSIDE CITY LIMITS","2023-08-25","0","1 - CLEAR","TOYOTA","COROLLA (TOYOTA)","2010","0","97 - NOT APPLICABLE"
"19723017","PARIS","2023-08-26","0","1 - CLEAR","TOYOTA","CAMRY (TOYOTA)","2014","0","97 - NOT APPLICABLE"
"19723017","PARIS","2023-08-26","0","1 - CLEAR","SUZUKI","VL800 (SUZUKI)","2009","0","1 - NOT WORN"
"19724285","WATAUGA","2023-08-26","1","1 - CLEAR","CHEVROLET","SILVERADO C1500 (CHEVROLET)","2015","0","97 - NOT APPLICABLE"
"19724285","WATAUGA","2023-08-26","1","1 - CLEAR","CHEVROLET","SILVERADO C1500 (CHEVROLET)","2015","0","97 - NOT APPLICABLE"
"19724285","WATAUGA","2023-08-26","1","1 - CLEAR","KAWASAKI","ZX1400 (KAWASAKI)","2022","1","2 - WORN, DAMAGED"
"19724636","AUSTIN","2023-08-26","0","1 - CLEAR","FORD","F150 (FORD)","2014","0","97 - NOT APPLICABLE"
"19724636","AUSTIN","2023-08-26","0","1 - CLEAR","HONDA","ATC110 (HONDA)","2022","0","1 - NOT WORN"
"19725388","OUTSIDE CITY LIMITS","2023-08-26","0","1 - CLEAR","HONDA","CMX500 (HONDA)","2023","0","2 - WORN, DAMAGED"
"19727781","SAN ANTONIO","2023-08-26","0","1 - CLEAR","HARLEY-DAVIDSON","UNKNOWN (HARLEY-DAVIDSON)","2012","0","1 - NOT WORN"
"19728626","OUTSIDE CITY LIMITS","2023-08-26","0","1 - CLEAR","ALL OTHER MAKES","UNKNOWN (ALL OTHER MAKES)","2022","0","1 - NOT WORN"
"19729749","OUTSIDE CITY LIMITS","2023-08-26","0","1 - CLEAR","HARLEY-DAVIDSON","FLH (HARLEY-DAVIDSON)","2007","0","1 - NOT WORN"
"19729749","OUTSIDE CITY LIMITS","2023-08-26","0","1 - CLEAR","CHEVROLET","SILVERADO C2500 (CHEVROLET)","2005","0","97 - NOT APPLICABLE"
"19734552","OUTSIDE CITY LIMITS","2023-08-26","0","1 - CLEAR","TRIUMPH MOTORCYCLE","UNKNOWN (TRIUMPH MOTORCYCLE)","2004","0","2 - WORN, DAMAGED"
"19736106","AUBREY","2023-08-26","0","1 - CLEAR","CAN-AM","UNKNOWN (CAN-AM)","2020","0","1 - NOT WORN"
"19743228","OUTSIDE CITY LIMITS","2023-08-26","0","1 - CLEAR","HARLEY-DAVIDSON","UNKNOWN (HARLEY-DAVIDSON)","2022","0","2 - WORN, DAMAGED"
"19750176","DALLAS","2023-08-26","1","1 - CLEAR","YAMAHA","YZFR6 (YAMAHA)","2009","1","1 - NOT WORN"
"19725302","DAYTON","2023-08-27","0","3 - RAIN","HONDA","VTX1800 (HONDA)","2006","0","1 - NOT WORN"
"19725415","OUTSIDE CITY LIMITS","2023-08-27","0","1 - CLEAR","VOLVO","UNKNOWN (VOLVO)","2000","0","97 - NOT APPLICABLE"
"19725415","OUTSIDE CITY LIMITS","2023-08-27","0","1 - CLEAR","YAMAHA","XVS65 (YAMAHA)","2001","0","1 - NOT WORN"
"19726579","OUTSIDE CITY LIMITS","2023-08-27","0","3 - RAIN","HARLEY-DAVIDSON","XLX (HARLEY-DAVIDSON)","2018","0","1 - NOT WORN"
"19726579","OUTSIDE CITY LIMITS","2023-08-27","0","3 - RAIN","HARLEY-DAVIDSON","FLH (HARLEY-DAVIDSON)","2021","0","4 - WORN, UNK DAMAGE"
"19727229","OUTSIDE CITY LIMITS","2023-08-27","0","1 - CLEAR","YAMAHA","YZF600 (YAMAHA)","2019","0","2 - WORN, DAMAGED"
"19727257","OUTSIDE CITY LIMITS","2023-08-27","0","1 - CLEAR","FORD","F150 (FORD)","2007","0","97 - NOT APPLICABLE"
"19727257","OUTSIDE CITY LIMITS","2023-08-27","0","1 - CLEAR","KAWASAKI","VN900 (KAWASAKI)","2009","0","2 - WORN, DAMAGED"
"19728546","HOUSTON","2023-08-27","0","1 - CLEAR","CHEVROLET","CAMARO (CHEVROLET)","No Data","0","97 - NOT APPLICABLE"
"19728546","HOUSTON","2023-08-27","0","1 - CLEAR","HARLEY-DAVIDSON","FXLR (HARLEY-DAVIDSON)","2023","0","4 - WORN, UNK DAMAGE"
"19729467","OUTSIDE CITY LIMITS","2023-08-27","0","1 - CLEAR","SUZUKI","UNKNOWN (SUZUKI)","2017","0","1 - NOT WORN"
"19730634","OUTSIDE CITY LIMITS","2023-08-27","0","1 - CLEAR","HARLEY-DAVIDSON","UNKNOWN (HARLEY-DAVIDSON)","2014","0","1 - NOT WORN"
"19731415","OUTSIDE CITY LIMITS","2023-08-27","2","1 - CLEAR","KTM","450 (KTM)","2019","1","1 - NOT WORN"
"19731415","OUTSIDE CITY LIMITS","2023-08-27","2","1 - CLEAR","YAMAHA","YZ250 (YAMAHA)","2015","1","1 - NOT WORN"
"19740814","SAN ANTONIO","2023-08-27","1","1 - CLEAR","SUZUKI","GSX (SUZUKI)","2005","1","1 - NOT WORN"
"19740814","SAN ANTONIO","2023-08-27","1","1 - CLEAR","FORD","FOCUS (FORD)","2015","0","97 - NOT APPLICABLE"
"19742844","KAUFMAN","2023-08-27","1","1 - CLEAR","SUZUKI","GSX-R600 (SUZUKI)","2005","1","2 - WORN, DAMAGED"
"19742844","KAUFMAN","2023-08-27","1","1 - CLEAR","TOYOTA","RAV4 (TOYOTA)","2016","0","97 - NOT APPLICABLE"
"19744652","OUTSIDE CITY LIMITS","2023-08-27","0","1 - CLEAR","YAMAHA","UNKNOWN (YAMAHA)","2016","0","2 - WORN, DAMAGED"
"19727570","PLEASANTON","2023-08-28","0","1 - CLEAR","HARLEY-DAVIDSON","FXS (HARLEY-DAVIDSON)","2023","0","4 - WORN, UNK DAMAGE"
"19742261","OUTSIDE CITY LIMITS","2023-08-28","1","1 - CLEAR","FORD","F250 (FORD)","2020","0","97 - NOT APPLICABLE"
"19742261","OUTSIDE CITY LIMITS","2023-08-28","1","1 - CLEAR","FORD","F250 (FORD)","2020","0","97 - NOT APPLICABLE"
"19742261","OUTSIDE CITY LIMITS","2023-08-28","1","1 - CLEAR","HONDA","UNKNOWN (HONDA)","2020","1","3 - WORN, NOT DAMAGED"
"19745365","ROUND ROCK","2023-08-28","0","1 - CLEAR","HONDA","NC700X (HONDA)","2016","0","2 - WORN, DAMAGED"
"19745365","ROUND ROCK","2023-08-28","0","1 - CLEAR","TOYOTA","COROLLA (TOYOTA)","2023","0","97 - NOT APPLICABLE"
"19745707","OUTSIDE CITY LIMITS","2023-08-28","1","1 - CLEAR","HARLEY-DAVIDSON","FLH (HARLEY-DAVIDSON)","2013","1","4 - WORN, UNK DAMAGE"
"19727167","OUTSIDE CITY LIMITS","2023-08-29","0","1 - CLEAR","HONDA","VT700 (HONDA)","2007","0","1 - NOT WORN"
"19727515","FLORESVILLE","2023-08-29","0","1 - CLEAR","DODGE","RAM 1500 (DODGE)","2004","0","97 - NOT APPLICABLE"
"19727515","FLORESVILLE","2023-08-29","0","1 - CLEAR","DODGE","RAM 1500 (DODGE)","2004","0","97 - NOT APPLICABLE"
"19727515","FLORESVILLE","2023-08-29","0","1 - CLEAR","HARLEY-DAVIDSON","FXLR (HARLEY-DAVIDSON)","2021","0","2 - WORN, DAMAGED"
"19730117","WACO","2023-08-29","0","1 - CLEAR","HONDA","XL80 (HONDA)","2022","0","3 - WORN, NOT DAMAGED"
"19733850","PLANO","2023-08-29","0","1 - CLEAR","NISSAN","FRONTIER (NISSAN)","2002","0","97 - NOT APPLICABLE"
"19733850","PLANO","2023-08-29","0","1 - CLEAR","OTHER (EXPLAIN IN NARRATIVE)","OTHER (EXPLAIN IN NARRATIVE) (OTHER (EXPLAIN IN NARRATIVE))","2021","0","1 - NOT WORN"
"19735427","KENNEDALE","2023-08-29","0","1 - CLEAR","UNKNOWN","UNKNOWN (UNKNOWN)","2020","0","1 - NOT WORN"
"19735427","KENNEDALE","2023-08-29","0","1 - CLEAR","HYUNDAI","SANTA FE (HYUNDAI)","2013","0","97 - NOT APPLICABLE"
"19735427","KENNEDALE","2023-08-29","0","1 - CLEAR","HYUNDAI","SANTA FE (HYUNDAI)","2013","0","97 - NOT APPLICABLE"
"19736688","OUTSIDE CITY LIMITS","2023-08-29","0","1 - CLEAR","HARLEY-DAVIDSON","FLD (HARLEY-DAVIDSON)","2021","0","1 - NOT WORN"
"19736688","OUTSIDE CITY LIMITS","2023-08-29","0","1 - CLEAR","KENWORTH","T680 (KENWORTH)","2020","0","97 - NOT APPLICABLE"
"19748487","OUTSIDE CITY LIMITS","2023-08-29","1","2 - CLOUDY","HARLEY-DAVIDSON","UNKNOWN (HARLEY-DAVIDSON)","2003","1","1 - NOT WORN"
"19770892","DALLAS","2023-08-29","0","1 - CLEAR","HARLEY-DAVIDSON","UNKNOWN (HARLEY-DAVIDSON)","2001","0","1 - NOT WORN"
"19770892","DALLAS","2023-08-29","0","1 - CLEAR","HARLEY-DAVIDSON","UNKNOWN (HARLEY-DAVIDSON)","2001","0","1 - NOT WORN"
"19740795","KINGSVILLE","2023-08-30","0","1 - CLEAR","DUCATI","1198 (DUCATI)","2012","0","1 - NOT WORN"
"19745203","GARLAND","2023-08-30","0","1 - CLEAR","KAWASAKI","VN1600 (KAWASAKI)","2007","0","4 - WORN, UNK DAMAGE"
"19745557","OUTSIDE CITY LIMITS","2023-08-30","0","1 - CLEAR","UNKNOWN","UNKNOWN (UNKNOWN)","No Data","0","1 - NOT WORN"
"19731515","AMARILLO","2023-08-31","0","1 - CLEAR","KAWASAKI","NINJA ZX (KAWASAKI)","2009","0","2 - WORN, DAMAGED"
"19735837","OUTSIDE CITY LIMITS","2023-08-31","0","1 - CLEAR","HARLEY-DAVIDSON","FLH (HARLEY-DAVIDSON)","2020","0","4 - WORN, UNK DAMAGE"
"19735837","OUTSIDE CITY LIMITS","2023-08-31","0","1 - CLEAR","CHEVROLET","CAMARO (CHEVROLET)","2013","0","97 - NOT APPLICABLE"
"19738324","WACO","2023-08-31","0","1 - CLEAR","BASHAN","BASHAN MOTORCYCLE (BASHAN)","2023","0","2 - WORN, DAMAGED"
"19738324","WACO","2023-08-31","0","1 - CLEAR","CHEVROLET","SILVERADO (CHEVROLET)","2003","0","97 - NOT APPLICABLE"
"19738324","WACO","2023-08-31","0","1 - CLEAR","VOLKSWAGEN","TIGUAN (VOLKSWAGEN)","2018","0","97 - NOT APPLICABLE"
"19740450","COLLEGE STATION","2023-08-31","0","1 - CLEAR","OTHER (EXPLAIN IN NARRATIVE)","OTHER (EXPLAIN IN NARRATIVE) (OTHER (EXPLAIN IN NARRATIVE))","2023","0","2 - WORN, DAMAGED"
"19741013","OUTSIDE CITY LIMITS","2023-08-31","0","1 - CLEAR","HONDA","VT1300 (HONDA)","2012","0","1 - NOT WORN"
"19741026","OUTSIDE CITY LIMITS","2023-08-31","0","1 - CLEAR","HARLEY-DAVIDSON","FLSTN (HARLEY-DAVIDSON)","2007","0","1 - NOT WORN"
"19742176","OUTSIDE CITY LIMITS","2023-08-31","1","1 - CLEAR","HONDA","VT1100 (HONDA)","2000","1","2 - WORN, DAMAGED"
"19742176","OUTSIDE CITY LIMITS","2023-08-31","1","1 - CLEAR","FORD","ESCAPE (FORD)","2010","0","97 - NOT APPLICABLE"
"19743053","FLOWER MOUND","2023-08-31","0","1 - CLEAR","HONDA","CR-V (HONDA)","2007","0","97 - NOT APPLICABLE"
"19743053","FLOWER MOUND","2023-08-31","0","1 - CLEAR","HONDA","CBR1000 (HONDA)","2009","0","1 - NOT WORN"
"19743281","OUTSIDE CITY LIMITS","2023-08-31","0","1 - CLEAR","CHEVROLET","TAHOE (CHEVROLET)","2020","0","97 - NOT APPLICABLE"
"19743281","OUTSIDE CITY LIMITS","2023-08-31","0","1 - CLEAR","YAMAHA","MT03 (YAMAHA)","2023","0","2 - WORN, DAMAGED"
"19747116","OUTSIDE CITY LIMITS","2023-08-31","0","2 - CLOUDY","HARLEY-DAVIDSON","XL1200 (HARLEY-DAVIDSON)","2020","0","1 - NOT WORN"
"19754738","WICHITA FALLS","2023-08-31","1","1 - CLEAR","HARLEY-DAVIDSON","FXDWG (HARLEY-DAVIDSON)","1999","1","1 - NOT WORN"
"19755796","LITTLE ELM","2023-08-31","0","1 - CLEAR","CADILLAC","ATS (CADILLAC)","2018","0","97 - NOT APPLICABLE"
"19755796","LITTLE ELM","2023-08-31","0","1 - CLEAR","YAMAHA","YZF600 (YAMAHA)","2009","0","2 - WORN, DAMAGED"
"19732733","GLENN HEIGHTS","2023-09-01","0","1 - CLEAR","YAMAHA","BW200 (YAMAHA)","2023","0","1 - NOT WORN"
"19732733","GLENN HEIGHTS","2023-09-01","0","1 - CLEAR","CHEVROLET","IMPALA (CHEVROLET)","2014","0","97 - NOT APPLICABLE"
"19732733","GLENN HEIGHTS","2023-09-01","0","1 - CLEAR","CHEVROLET","IMPALA (CHEVROLET)","2014","0","97 - NOT APPLICABLE"
"19734176","MIDLAND","2023-09-01","0","1 - CLEAR","JEEP","WRANGLER (JEEP)","2019","0","97 - NOT APPLICABLE"
"19734176","MIDLAND","2023-09-01","0","1 - CLEAR","KAWASAKI","ZX600 (KAWASAKI)","2024","0","2 - WORN, DAMAGED"
"19734428","MANSFIELD","2023-09-01","0","1 - CLEAR","SUZUKI","GSX-R600 (SUZUKI)","2019","0","2 - WORN, DAMAGED"
"19734691","GAINESVILLE","2023-09-01","0","1 - CLEAR","CHEVROLET","C1500 (CHEVROLET)","2020","0","97 - NOT APPLICABLE"
"19734691","GAINESVILLE","2023-09-01","0","1 - CLEAR","CHEVROLET","C1500 (CHEVROLET)","2020","0","97 - NOT APPLICABLE"
"19734691","GAINESVILLE","2023-09-01","0","1 - CLEAR","CHEVROLET","C1500 (CHEVROLET)","2020","0","97 - NOT APPLICABLE"
"19734691","GAINESVILLE","2023-09-01","0","1 - CLEAR","CHEVROLET","C1500 (CHEVROLET)","2020","0","97 - NOT APPLICABLE"
"19734691","GAINESVILLE","2023-09-01","0","1 - CLEAR","HARLEY-DAVIDSON","FLH (HARLEY-DAVIDSON)","2015","0","1 - NOT WORN"
"19735673","BRYAN","2023-09-01","0","2 - CLOUDY","KAWASAKI","NINJA ZX (KAWASAKI)","1995","0","1 - NOT WORN"
"19736452","OUTSIDE CITY LIMITS","2023-09-01","0","1 - CLEAR","CHEVROLET","IMPALA (CHEVROLET)","2007","0","97 - NOT APPLICABLE"
"19736452","OUTSIDE CITY LIMITS","2023-09-01","0","1 - CLEAR","HARLEY-DAVIDSON","FXS (HARLEY-DAVIDSON)","2002","0","3 - WORN, NOT DAMAGED"
"19741811","FORT WORTH","2023-09-01","0","1 - CLEAR","SUZUKI","GSX (SUZUKI)","2019","0","3 - WORN, NOT DAMAGED"
"19759391","OUTSIDE CITY LIMITS","2023-09-01","0","1 - CLEAR","HONDA","VT1300 (HONDA)","2010","0","1 - NOT WORN"
"19759391","OUTSIDE CITY LIMITS","2023-09-01","0","1 - CLEAR","NISSAN","ALTIMA (NISSAN)","2000","0","97 - NOT APPLICABLE"
"19759391","OUTSIDE CITY LIMITS","2023-09-01","0","1 - CLEAR","NISSAN","ALTIMA (NISSAN)","2000","0","97 - NOT APPLICABLE"
"19759391","OUTSIDE CITY LIMITS","2023-09-01","0","1 - CLEAR","NISSAN","ALTIMA (NISSAN)","2000","0","97 - NOT APPLICABLE"
"19762861","OUTSIDE CITY LIMITS","2023-09-01","0","1 - CLEAR","SUZUKI","UNKNOWN (SUZUKI)","2017","0","1 - NOT WORN"
"19784450","SAN ANTONIO","2023-09-01","0","2 - CLOUDY","HONDA","UNKNOWN (HONDA)","2023","0","1 - NOT WORN"
"19784450","SAN ANTONIO","2023-09-01","0","2 - CLOUDY","AUDI","Q7 (AUDI)","2018","0","97 - NOT APPLICABLE"
"19735556","HUMBLE","2023-09-02","0","1 - CLEAR","HARLEY-DAVIDSON","FLDE (HARLEY-DAVIDSON)","2015","0","1 - NOT WORN"
"19735585","OUTSIDE CITY LIMITS","2023-09-02","0","1 - CLEAR","FREIGHTLINER","UNKNOWN (FREIGHTLINER)","2022","0","97 - NOT APPLICABLE"
"19735585","OUTSIDE CITY LIMITS","2023-09-02","0","1 - CLEAR","HUSABERG","600 (HUSABERG)","2022","0","3 - WORN, NOT DAMAGED"
"19736228","SACHSE","2023-09-02","0","1 - CLEAR","HARLEY-DAVIDSON","FXRDG (HARLEY-DAVIDSON)","2011","0","4 - WORN, UNK DAMAGE"
"19736579","ROCKWALL","2023-09-02","0","1 - CLEAR","CAN-AM","UNKNOWN (CAN-AM)","2022","0","1 - NOT WORN"
"19737228","IRVING","2023-09-02","0","1 - CLEAR","ALL OTHER MAKES","UNKNOWN (ALL OTHER MAKES)","2023","0","99 - UNKNOWN IF WORN"
"19737228","IRVING","2023-09-02","0","1 - CLEAR","LEXUS","ES 350 (LEXUS)","2009","0","97 - NOT APPLICABLE"
"19737998","PLANO","2023-09-02","0","1 - CLEAR","MAZDA","CX-5 (MAZDA)","2022","0","97 - NOT APPLICABLE"
"19737998","PLANO","2023-09-02","0","1 - CLEAR","MAZDA","CX-5 (MAZDA)","2022","0","97 - NOT APPLICABLE"
"19737998","PLANO","2023-09-02","0","1 - CLEAR","APRILIA","RS (APRILIA)","2022","0","4 - WORN, UNK DAMAGE"
"19740408","CONROE","2023-09-02","1","1 - CLEAR","HARLEY-DAVIDSON","FLST (HARLEY-DAVIDSON)","1987","1","2 - WORN, DAMAGED"
"19744101","OUTSIDE CITY LIMITS","2023-09-02","1","1 - CLEAR","YAMAHA","XVS1100 (YAMAHA)","2008","1","1 - NOT WORN"
"19744101","OUTSIDE CITY LIMITS","2023-09-02","1","1 - CLEAR","FORD","F150 (FORD)","2004","0","97 - NOT APPLICABLE"
"19744499","PFLUGERVILLE","2023-09-02","0","1 - CLEAR","HARLEY-DAVIDSON","FXD (HARLEY-DAVIDSON)","2014","0","1 - NOT WORN"
"19744935","OUTSIDE CITY LIMITS","2023-09-02","0","1 - CLEAR","SUZUKI","GSX1300 (SUZUKI)","2018","0","2 - WORN, DAMAGED"
"19745454","GUN BARREL CITY","2023-09-02","0","1 - CLEAR","NISSAN","FRONTIER (NISSAN)","2017","0","97 - NOT APPLICABLE"
"19745454","GUN BARREL CITY","2023-09-02","0","1 - CLEAR","NISSAN","FRONTIER (NISSAN)","2017","0","97 - NOT APPLICABLE"
"19745454","GUN BARREL CITY","2023-09-02","0","1 - CLEAR","YAMAHA","XV1600 (YAMAHA)","2000","0","1 - NOT WORN"
"19745806","GRAPEVINE","2023-09-02","0","2 - CLOUDY","HONDA","CBR600 (HONDA)","2013","0","2 - WORN, DAMAGED"
"19745934","IRVING","2023-09-02","0","1 - CLEAR","KAWASAKI","EX250 (KAWASAKI)","2011","0","2 - WORN, DAMAGED"
"19745934","IRVING","2023-09-02","0","1 - CLEAR","CHEVROLET","C1500 SUBURBAN (CHEVROLET)","2001","0","97 - NOT APPLICABLE"
"19745934","IRVING","2023-09-02","0","1 - CLEAR","CHEVROLET","C1500 SUBURBAN (CHEVROLET)","2001","0","97 - NOT APPLICABLE"
"19746465","OUTSIDE CITY LIMITS","2023-09-02","0","1 - CLEAR","HONDA","UNKNOWN (HONDA)","2005","0","2 - WORN, DAMAGED"
"19746465","OUTSIDE CITY LIMITS","2023-09-02","0","1 - CLEAR","FORD","F150 (FORD)","2021","0","97 - NOT APPLICABLE"
"19746465","OUTSIDE CITY LIMITS","2023-09-02","0","1 - CLEAR","FORD","F150 (FORD)","2021","0","97 - NOT APPLICABLE"
"19747024","OUTSIDE CITY LIMITS","2023-09-02","0","1 - CLEAR","HONDA","CR-V (HONDA)","2012","0","97 - NOT APPLICABLE"
"19747024","OUTSIDE CITY LIMITS","2023-09-02","0","1 - CLEAR","HONDA","CR-V (HONDA)","2012","0","97 - NOT APPLICABLE"
"19747024","OUTSIDE CITY LIMITS","2023-09-02","0","1 - CLEAR","DUCATI","PANIGALE (DUCATI)","2022","0","2 - WORN, DAMAGED"
"19752883","PEARSALL","2023-09-02","0","1 - CLEAR","SUZUKI","UNKNOWN (SUZUKI)","2008","0","1 - NOT WORN"
"19752883","PEARSALL","2023-09-02","0","1 - CLEAR","SUZUKI","UNKNOWN (SUZUKI)","2008","0","2 - WORN, DAMAGED"
"19752883","PEARSALL","2023-09-02","0","1 - CLEAR","DODGE","JOURNEY (DODGE)","2017","0","97 - NOT APPLICABLE"
"19752883","PEARSALL","2023-09-02","0","1 - CLEAR","DODGE","JOURNEY (DODGE)","2017","0","97 - NOT APPLICABLE"
"19752883","PEARSALL","2023-09-02","0","1 - CLEAR","DODGE","JOURNEY (DODGE)","2017","0","97 - NOT APPLICABLE"
"19755371","OUTSIDE CITY LIMITS","2023-09-02","0","1 - CLEAR","SUBARU","OUTBACK (SUBARU)","2021","0","97 - NOT APPLICABLE"
"19755371","OUTSIDE CITY LIMITS","2023-09-02","0","1 - CLEAR","SUBARU","OUTBACK (SUBARU)","2021","0","97 - NOT APPLICABLE"
"19755371","OUTSIDE CITY LIMITS","2023-09-02","0","1 - CLEAR","KAWASAKI","EX400 (KAWASAKI)","2022","0","1 - NOT WORN"
"19771250","OUTSIDE CITY LIMITS","2023-09-02","0","1 - CLEAR","HARLEY-DAVIDSON","FXRDG (HARLEY-DAVIDSON)","2012","0","1 - NOT WORN"
"19735387","LA MARQUE","2023-09-03","0","1 - CLEAR","No Data","No Data","No Data","0","97 - NOT APPLICABLE"
"19735387","LA MARQUE","2023-09-03","0","1 - CLEAR","BMW","S 1000 (BMW)","2021","0","2 - WORN, DAMAGED"
"19735387","LA MARQUE","2023-09-03","0","1 - CLEAR","No Data","No Data","No Data","0","97 - NOT APPLICABLE"
"19736738","OUTSIDE CITY LIMITS","2023-09-03","0","1 - CLEAR","HARLEY-DAVIDSON","XLH1200 (HARLEY-DAVIDSON)","2012","0","1 - NOT WORN"
"19736738","OUTSIDE CITY LIMITS","2023-09-03","0","1 - CLEAR","CHEVROLET","SILVERADO C1500 (CHEVROLET)","2006","0","97 - NOT APPLICABLE"
"19736738","OUTSIDE CITY LIMITS","2023-09-03","0","1 - CLEAR","CHEVROLET","SILVERADO C1500 (CHEVROLET)","2006","0","97 - NOT APPLICABLE"
"19739965","OUTSIDE CITY LIMITS","2023-09-03","0","1 - CLEAR","HONDA","CB500 (HONDA)","2013","0","3 - WORN, NOT DAMAGED"
"19741212","OUTSIDE CITY LIMITS","2023-09-03","0","1 - CLEAR","HARLEY-DAVIDSON","UNKNOWN (HARLEY-DAVIDSON)","1999","0","2 - WORN, DAMAGED"
"19742624","LAMPASAS","2023-09-03","0","1 - CLEAR","VICTORY MOTORCYCLES","VEGAS (VICTORY MOTORCYCLES)","2007","0","1 - NOT WORN"
"19742908","OUTSIDE CITY LIMITS","2023-09-03","0","1 - CLEAR","MITSUBISHI","OUTLANDER (MITSUBISHI)","2014","0","97 - NOT APPLICABLE"
"19742908","OUTSIDE CITY LIMITS","2023-09-03","0","1 - CLEAR","HARLEY-DAVIDSON","FLH (HARLEY-DAVIDSON)","2018","0","4 - WORN, UNK DAMAGE"
"19743354","OUTSIDE CITY LIMITS","2023-09-03","0","1 - CLEAR","CHEVROLET","TAHOE (CHEVROLET)","2022","0","97 - NOT APPLICABLE"
"19743354","OUTSIDE CITY LIMITS","2023-09-03","0","1 - CLEAR","HONDA","GROM (HONDA)","2018","0","1 - NOT WORN"
"19743354","OUTSIDE CITY LIMITS","2023-09-03","0","1 - CLEAR","HONDA","GROM (HONDA)","2018","0","1 - NOT WORN"
"19751781","HASLET","2023-09-03","1","1 - CLEAR","ALL OTHER MAKES","UNKNOWN (ALL OTHER MAKES)","2006","1","2 - WORN, DAMAGED"
"19788213","ODESSA","2023-09-03","0","1 - CLEAR","NISSAN","GT-R (NISSAN)","1995","0","97 - NOT APPLICABLE"
"19788213","ODESSA","2023-09-03","0","1 - CLEAR","HARLEY-DAVIDSON","XLH (HARLEY-DAVIDSON)","2014","0","1 - NOT WORN"
"19736489","ABILENE","2023-09-04","0","1 - CLEAR","HARLEY-DAVIDSON","FLS (HARLEY-DAVIDSON)","2003","0","1 - NOT WORN"
"19738011","MESQUITE","2023-09-04","0","1 - CLEAR","YAMAHA","YZFR1 (YAMAHA)","2000","0","4 - WORN, UNK DAMAGE"
"19741408","HOUSTON","2023-09-04","0","1 - CLEAR","YAMAHA","UNKNOWN (YAMAHA)","2016","0","2 - WORN, DAMAGED"
"19741408","HOUSTON","2023-09-04","0","1 - CLEAR","NISSAN","SENTRA (NISSAN)","2019","0","97 - NOT APPLICABLE"
"19743395","OUTSIDE CITY LIMITS","2023-09-04","0","1 - CLEAR","HARLEY-DAVIDSON","FXD (HARLEY-DAVIDSON)","2005","0","1 - NOT WORN"
"19743395","OUTSIDE CITY LIMITS","2023-09-04","0","1 - CLEAR","HARLEY-DAVIDSON","FXD (HARLEY-DAVIDSON)","2005","0","1 - NOT WORN"
"19746806","PHARR","2023-09-04","0","1 - CLEAR","CHEVROLET","SILVERADO (CHEVROLET)","2020","0","97 - NOT APPLICABLE"
"19746806","PHARR","2023-09-04","0","1 - CLEAR","HARLEY-DAVIDSON","UNKNOWN (HARLEY-DAVIDSON)","2019","0","4 - WORN, UNK DAMAGE"
"19746806","PHARR","2023-09-04","0","1 - CLEAR","HARLEY-DAVIDSON","UNKNOWN (HARLEY-DAVIDSON)","2019","0","4 - WORN, UNK DAMAGE"
"19748533","MIDLAND","2023-09-04","0","1 - CLEAR","DODGE","CARAVAN (DODGE)","2012","0","97 - NOT APPLICABLE"
"19748533","MIDLAND","2023-09-04","0","1 - CLEAR","YAMAHA","YZF1000 (YAMAHA)","2023","0","4 - WORN, UNK DAMAGE"
"19749290","OUTSIDE CITY LIMITS","2023-09-04","0","1 - CLEAR","YAMAHA","YZFR1 (YAMAHA)","2002","0","2 - WORN, DAMAGED"
"19749290","OUTSIDE CITY LIMITS","2023-09-04","0","1 - CLEAR","CHEVROLET","COLORADO (CHEVROLET)","2020","0","97 - NOT APPLICABLE"
"19750199","OUTSIDE CITY LIMITS","2023-09-04","0","2 - CLOUDY","YAMAHA","YZFR1 (YAMAHA)","2004","0","3 - WORN, NOT DAMAGED"
"19739732","ROUND ROCK","2023-09-05","0","1 - CLEAR","KAWASAKI","NINJA ZX (KAWASAKI)","2019","0","2 - WORN, DAMAGED"
"19739732","ROUND ROCK","2023-09-05","0","1 - CLEAR","HONDA","CBR600 (HONDA)","2009","0","2 - WORN, DAMAGED"
"19744233","OUTSIDE CITY LIMITS","2023-09-05","0","1 - CLEAR","YAMAHA","UNKNOWN (YAMAHA)","2022","0","3 - WORN, NOT DAMAGED"
"19744233","OUTSIDE CITY LIMITS","2023-09-05","0","1 - CLEAR","CHEVROLET","COLORADO (CHEVROLET)","2018","0","97 - NOT APPLICABLE"
"19746984","HOUSTON","2023-09-05","0","1 - CLEAR","HARLEY-DAVIDSON","FXD (HARLEY-DAVIDSON)","2009","0","1 - NOT WORN"
"19749257","OUTSIDE CITY LIMITS","2023-09-05","0","1 - CLEAR","HONDA","VFR1200 (HONDA)","2016","0","3 - WORN, NOT DAMAGED"
"19750695","ROWLETT","2023-09-05","0","1 - CLEAR","DUCATI","1198 (DUCATI)","2009","0","2 - WORN, DAMAGED"
"19750695","ROWLETT","2023-09-05","0","1 - CLEAR","HONDA","ACCORD (HONDA)","2017","0","97 - NOT APPLICABLE"
"19750695","ROWLETT","2023-09-05","0","1 - CLEAR","HONDA","ACCORD (HONDA)","2017","0","97 - NOT APPLICABLE"
"19763995","TALTY","2023-09-05","0","1 - CLEAR","DODGE","RAM 1500 (DODGE)","2017","0","97 - NOT APPLICABLE"
"19763995","TALTY","2023-09-05","0","1 - CLEAR","YAMAHA","XV1900 (YAMAHA)","2006","0","1 - NOT WORN"
"19741885","OUTSIDE CITY LIMITS","2023-09-06","0","1 - CLEAR","HARLEY-DAVIDSON","UNKNOWN (HARLEY-DAVIDSON)","1993","0","1 - NOT WORN"
"19741885","OUTSIDE CITY LIMITS","2023-09-06","0","1 - CLEAR","FORD","F150 (FORD)","2015","0","97 - NOT APPLICABLE"
"19742228","CLEBURNE","2023-09-06","0","1 - CLEAR","SUZUKI","GSX1300 (SUZUKI)","2009","0","3 - WORN, NOT DAMAGED"
"19742228","CLEBURNE","2023-09-06","0","1 - CLEAR","CHEVROLET","C1500 (CHEVROLET)","2017","0","97 - NOT APPLICABLE"
"19744349","HOUSTON","2023-09-06","1","1 - CLEAR","KAWASAKI","EX305 (KAWASAKI)","2022","1","4 - WORN, UNK DAMAGE"
"19744349","HOUSTON","2023-09-06","1","1 - CLEAR","CHEVROLET","SILVERADO C1500 (CHEVROLET)","2013","0","97 - NOT APPLICABLE"
"19744895","OUTSIDE CITY LIMITS","2023-09-06","0","1 - CLEAR","SUZUKI","UNKNOWN (SUZUKI)","2009","0","1 - NOT WORN"
"19744895","OUTSIDE CITY LIMITS","2023-09-06","0","1 - CLEAR","SUZUKI","UNKNOWN (SUZUKI)","2009","0","1 - NOT WORN"
"19755039","OUTSIDE CITY LIMITS","2023-09-06","0","1 - CLEAR","HARLEY-DAVIDSON","UNKNOWN (HARLEY-DAVIDSON)","2003","0","99 - UNKNOWN IF WORN"
"19745395","ROUND ROCK","2023-09-07","1","1 - CLEAR","SUZUKI","UNKNOWN (SUZUKI)","2007","1","2 - WORN, DAMAGED"
"19745395","ROUND ROCK","2023-09-07","1","1 - CLEAR","BMW","UNKNOWN (BMW)","2019","0","97 - NOT APPLICABLE"
"19745395","ROUND ROCK","2023-09-07","1","1 - CLEAR","BMW","UNKNOWN (BMW)","2019","0","97 - NOT APPLICABLE"
"19745395","ROUND ROCK","2023-09-07","1","1 - CLEAR","BMW","UNKNOWN (BMW)","2019","0","97 - NOT APPLICABLE"
"19745731","EL PASO","2023-09-07","0","1 - CLEAR","HONDA","CBR250 (HONDA)","2006","0","4 - WORN, UNK DAMAGE"
"19748599","PALESTINE","2023-09-07","0","1 - CLEAR","HONDA","UNKNOWN (HONDA)","2001","0","1 - NOT WORN"
"19748599","PALESTINE","2023-09-07","0","1 - CLEAR","HONDA","UNKNOWN (HONDA)","2001","0","99 - UNKNOWN IF WORN"
"19753107","OUTSIDE CITY LIMITS","2023-09-07","1","1 - CLEAR","YAMAHA","UNKNOWN (YAMAHA)","2015","1","3 - WORN, NOT DAMAGED"
"19755170","FORT WORTH","2023-09-07","0","1 - CLEAR","HONDA","CROSSTOUR (HONDA)","2007","0","3 - WORN, NOT DAMAGED"
"19763902","OUTSIDE CITY LIMITS","2023-09-07","1","1 - CLEAR","HARLEY-DAVIDSON","FLS (HARLEY-DAVIDSON)","2015","1","1 - NOT WORN"
"19766046","OUTSIDE CITY LIMITS","2023-09-07","0","1 - CLEAR","TOYOTA","TACOMA (TOYOTA)","2013","0","97 - NOT APPLICABLE"
"19766046","OUTSIDE CITY LIMITS","2023-09-07","0","1 - CLEAR","SUZUKI","UNKNOWN (SUZUKI)","1982","0","1 - NOT WORN"
"19792787","ODESSA","2023-09-07","0","1 - CLEAR","DODGE","RAM 1500 (DODGE)","2019","0","97 - NOT APPLICABLE"
"19792787","ODESSA","2023-09-07","0","1 - CLEAR","SUZUKI","DL650 (SUZUKI)","2011","0","2 - WORN, DAMAGED"
"19746936","PASADENA","2023-09-08","0","2 - CLOUDY","CHEVROLET","TAHOE (CHEVROLET)","2001","0","97 - NOT APPLICABLE"
"19746936","PASADENA","2023-09-08","0","2 - CLOUDY","HARLEY-DAVIDSON","FLHC (HARLEY-DAVIDSON)","2017","0","1 - NOT WORN"
"19747396","WACO","2023-09-08","0","1 - CLEAR","NISSAN","ALTIMA (NISSAN)","2017","0","97 - NOT APPLICABLE"
"19747396","WACO","2023-09-08","0","1 - CLEAR","NISSAN","ALTIMA (NISSAN)","2017","0","97 - NOT APPLICABLE"
"19747396","WACO","2023-09-08","0","1 - CLEAR","NISSAN","ALTIMA (NISSAN)","2017","0","97 - NOT APPLICABLE"
"19747396","WACO","2023-09-08","0","1 - CLEAR","HONDA","CBR929 (HONDA)","2001","0","2 - WORN, DAMAGED"
"19750724","CONROE","2023-09-08","0","1 - CLEAR","HARLEY-DAVIDSON","XL883 (HARLEY-DAVIDSON)","2021","0","4 - WORN, UNK DAMAGE"
"19750748","VICTORIA","2023-09-08","0","1 - CLEAR","DODGE","JOURNEY (DODGE)","2019","0","97 - NOT APPLICABLE"
"19750748","VICTORIA","2023-09-08","0","1 - CLEAR","DODGE","JOURNEY (DODGE)","2019","0","97 - NOT APPLICABLE"
"19750748","VICTORIA","2023-09-08","0","1 - CLEAR","SUZUKI","UNKNOWN (SUZUKI)","2005","0","1 - NOT WORN"
"19751049","CORPUS CHRISTI","2023-09-08","0","1 - CLEAR","TOYOTA","TACOMA (TOYOTA)","2003","0","97 - NOT APPLICABLE"
"19751049","CORPUS CHRISTI","2023-09-08","0","1 - CLEAR","SUZUKI","SV650 (SUZUKI)","2007","0","2 - WORN, DAMAGED"
"19754227","OUTSIDE CITY LIMITS","2023-09-08","1","1 - CLEAR","CHRYSLER","SEBRING (CHRYSLER)","2007","0","97 - NOT APPLICABLE"
"19754227","OUTSIDE CITY LIMITS","2023-09-08","1","1 - CLEAR","CHRYSLER","SEBRING (CHRYSLER)","2007","0","97 - NOT APPLICABLE"
"19754227","OUTSIDE CITY LIMITS","2023-09-08","1","1 - CLEAR","CHRYSLER","SEBRING (CHRYSLER)","2007","0","97 - NOT APPLICABLE"
"19754227","OUTSIDE CITY LIMITS","2023-09-08","1","1 - CLEAR","YAMAHA","XVS1100 (YAMAHA)","2003","1","1 - NOT WORN"
"19754227","OUTSIDE CITY LIMITS","2023-09-08","1","1 - CLEAR","TOYOTA","RAV4 (TOYOTA)","2018","0","97 - NOT APPLICABLE"
"19754275","HOUSTON","2023-09-08","0","1 - CLEAR","HARLEY-DAVIDSON","FLT (HARLEY-DAVIDSON)","2022","0","1 - NOT WORN"
"19754275","HOUSTON","2023-09-08","0","1 - CLEAR","HARLEY-DAVIDSON","FLT (HARLEY-DAVIDSON)","2022","0","1 - NOT WORN"
"19754646","WATAUGA","2023-09-08","0","1 - CLEAR","BMW","X5 (BMW)","2016","0","97 - NOT APPLICABLE"
"19754646","WATAUGA","2023-09-08","0","1 - CLEAR","HARLEY-DAVIDSON","FLHTK (HARLEY-DAVIDSON)","2022","0","4 - WORN, UNK DAMAGE"
"19754646","WATAUGA","2023-09-08","0","1 - CLEAR","HARLEY-DAVIDSON","FLHTK (HARLEY-DAVIDSON)","2022","0","4 - WORN, UNK DAMAGE"
"19769848","OUTSIDE CITY LIMITS","2023-09-08","1","1 - CLEAR","CHEVROLET","SILVERADO (CHEVROLET)","2013","0","97 - NOT APPLICABLE"
"19769848","OUTSIDE CITY LIMITS","2023-09-08","1","1 - CLEAR","HARLEY-DAVIDSON","FLFB (HARLEY-DAVIDSON)","2004","1","1 - NOT WORN"
"19769848","OUTSIDE CITY LIMITS","2023-09-08","1","1 - CLEAR","CHRYSLER","300 (CHRYSLER)","2006","0","97 - NOT APPLICABLE"
"19773278","DALLAS","2023-09-08","1","3 - RAIN","SUZUKI","UNKNOWN (SUZUKI)","2023","1","2 - WORN, DAMAGED"
"19811547","FORT WORTH","2023-09-08","0","1 - CLEAR","YAMAHA","YZF600 (YAMAHA)","2017","0","2 - WORN, DAMAGED"
"19747727","OUTSIDE CITY LIMITS","2023-09-09","0","1 - CLEAR","HARLEY-DAVIDSON","FLH (HARLEY-DAVIDSON)","2016","0","99 - UNKNOWN IF WORN"
"19748864","EL PASO","2023-09-09","0","1 - CLEAR","HONDA","CBR1000 (HONDA)","2009","0","97 - NOT APPLICABLE"
"19748864","EL PASO","2023-09-09","0","1 - CLEAR","KAWASAKI","1600 (KAWASAKI)","2016","0","2 - WORN, DAMAGED"
"19749081","AUSTIN","2023-09-09","0","1 - CLEAR","HARLEY-DAVIDSON","UNKNOWN (HARLEY-DAVIDSON)","2006","0","1 - NOT WORN"
"19749149","AUSTIN","2023-09-09","1","1 - CLEAR","No Data","No Data","No Data","0","97 - NOT APPLICABLE"
"19749149","AUSTIN","2023-09-09","1","1 - CLEAR","SUZUKI","GSX (SUZUKI)","2021","1","2 - WORN, DAMAGED"
"19749262","LIPAN","2023-09-09","0","1 - CLEAR","CHEVROLET","K2500 (CHEVROLET)","2013","0","97 - NOT APPLICABLE"
"19749262","LIPAN","2023-09-09","0","1 - CLEAR","HARLEY-DAVIDSON","FXD (HARLEY-DAVIDSON)","2000","0","1 - NOT WORN"
"19750294","OUTSIDE CITY LIMITS","2023-09-09","0","1 - CLEAR","FORD","F250 (FORD)","2019","0","97 - NOT APPLICABLE"
"19750294","OUTSIDE CITY LIMITS","2023-09-09","0","1 - CLEAR","HARLEY-DAVIDSON","FLHR (HARLEY-DAVIDSON)","2014","0","1 - NOT WORN"
"19753659","AMARILLO","2023-09-09","0","1 - CLEAR","HARLEY-DAVIDSON","UNKNOWN (HARLEY-DAVIDSON)","2009","0","1 - NOT WORN"
"19754379","MARSHALL","2023-09-09","0","2 - CLOUDY","VICTORY MOTORCYCLES","V92 (VICTORY MOTORCYCLES)","2000","0","2 - WORN, DAMAGED"
"19754498","GALVESTON","2023-09-09","0","1 - CLEAR","HONDA","CBR1000 (HONDA)","2023","0","2 - WORN, DAMAGED"
"19754498","GALVESTON","2023-09-09","0","1 - CLEAR","CADILLAC","ESCALADE (CADILLAC)","2023","0","97 - NOT APPLICABLE"
"19756004","OUTSIDE CITY LIMITS","2023-09-09","1","1 - CLEAR","TRIUMPH MOTORCYCLE","STREET TRIPLE (TRIUMPH MOTORCYCLE)","2024","1","2 - WORN, DAMAGED"
"19760399","OUTSIDE CITY LIMITS","2023-09-09","0","1 - CLEAR","UNKNOWN","UNKNOWN (UNKNOWN)","No Data","0","97 - NOT APPLICABLE"
"19760399","OUTSIDE CITY LIMITS","2023-09-09","0","1 - CLEAR","HARLEY-DAVIDSON","FLS (HARLEY-DAVIDSON)","2017","0","4 - WORN, UNK DAMAGE"
"19760399","OUTSIDE CITY LIMITS","2023-09-09","0","1 - CLEAR","HARLEY-DAVIDSON","FLS (HARLEY-DAVIDSON)","2017","0","4 - WORN, UNK DAMAGE"
"19761092","NOLANVILLE","2023-09-09","1","1 - CLEAR","HONDA","C70 (HONDA)","2006","1","1 - NOT WORN"
"19761092","NOLANVILLE","2023-09-09","1","1 - CLEAR","DODGE","RAM 1500 (DODGE)","2002","0","97 - NOT APPLICABLE"
"19764301","WICHITA FALLS","2023-09-09","1","1 - CLEAR","HARLEY-DAVIDSON","FLD (HARLEY-DAVIDSON)","2008","1","1 - NOT WORN"
"19764730","DALLAS","2023-09-09","0","1 - CLEAR","HARLEY-DAVIDSON","FLH (HARLEY-DAVIDSON)","2008","0","1 - NOT WORN"
"19764730","DALLAS","2023-09-09","0","1 - CLEAR","NISSAN","SENTRA (NISSAN)","2020","0","97 - NOT APPLICABLE"
"19764730","DALLAS","2023-09-09","0","1 - CLEAR","NISSAN","SENTRA (NISSAN)","2020","0","97 - NOT APPLICABLE"
"19766027","OUTSIDE CITY LIMITS","2023-09-09","1","1 - CLEAR","YAMAHA","XVS1100 (YAMAHA)","2006","1","2 - WORN, DAMAGED"
"19770647","DALLAS","2023-09-09","0","2 - CLOUDY","YAMAHA","FZ09 (YAMAHA)","2015","0","1 - NOT WORN"
"19773702","OUTSIDE CITY LIMITS","2023-09-09","1","1 - CLEAR","FREIGHTLINER","CASCADIA 126 (FREIGHTLINER)","2020","0","97 - NOT APPLICABLE"
"19773702","OUTSIDE CITY LIMITS","2023-09-09","1","1 - CLEAR","SUZUKI","GSX (SUZUKI)","2020","1","2 - WORN, DAMAGED"
"19774302","OUTSIDE CITY LIMITS","2023-09-09","0","1 - CLEAR","HARLEY-DAVIDSON","UNKNOWN (HARLEY-DAVIDSON)","2008","0","1 - NOT WORN"
"19774302","OUTSIDE CITY LIMITS","2023-09-09","0","1 - CLEAR","DODGE","RAM 4500 (DODGE)","2015","0","97 - NOT APPLICABLE"
"19774302","OUTSIDE CITY LIMITS","2023-09-09","0","1 - CLEAR","DODGE","RAM 4500 (DODGE)","2015","0","97 - NOT APPLICABLE"
"19777260","OUTSIDE CITY LIMITS","2023-09-09","0","1 - CLEAR","TOYOTA","TACOMA (TOYOTA)","2019","0","97 - NOT APPLICABLE"
"19777260","OUTSIDE CITY LIMITS","2023-09-09","0","1 - CLEAR","TOYOTA","TACOMA (TOYOTA)","2019","0","97 - NOT APPLICABLE"
"19777260","OUTSIDE CITY LIMITS","2023-09-09","0","1 - CLEAR","SUZUKI","GSX250R (SUZUKI)","2007","0","2 - WORN, DAMAGED"
"19777631","OUTSIDE CITY LIMITS","2023-09-09","1","1 - CLEAR","KAWASAKI","EX400 (KAWASAKI)","2023","1","2 - WORN, DAMAGED"
"19777631","OUTSIDE CITY LIMITS","2023-09-09","1","1 - CLEAR","POLARIS","RANGER (POLARIS)","2016","0","97 - NOT APPLICABLE"
"19792955","ODESSA","2023-09-09","0","1 - CLEAR","RAM","1500 (RAM)","2023","0","97 - NOT APPLICABLE"
"19792955","ODESSA","2023-09-09","0","1 - CLEAR","RAM","1500 (RAM)","2023","0","97 - NOT APPLICABLE"
"19792955","ODESSA","2023-09-09","0","1 - CLEAR","RAM","1500 (RAM)","2023","0","97 - NOT APPLICABLE"
"19792955","ODESSA","2023-09-09","0","1 - CLEAR","YAMAHA","XVS950 (YAMAHA)","2014","0","1 - NOT WORN"
"19747722","OUTSIDE CITY LIMITS","2023-09-10","0","1 - CLEAR","HARLEY-DAVIDSON","UNKNOWN (HARLEY-DAVIDSON)","2023","0","2 - WORN, DAMAGED"
"19748377","TYLER","2023-09-10","1","1 - CLEAR","AUDI","A-4 (AUDI)","2009","0","97 - NOT APPLICABLE"
"19748377","TYLER","2023-09-10","1","1 - CLEAR","AUDI","A-4 (AUDI)","2009","0","97 - NOT APPLICABLE"
"19748377","TYLER","2023-09-10","1","1 - CLEAR","AUDI","A-4 (AUDI)","2009","0","97 - NOT APPLICABLE"
"19748377","TYLER","2023-09-10","1","1 - CLEAR","HARLEY-DAVIDSON","FLHX (HARLEY-DAVIDSON)","2013","1","1 - NOT WORN"
"19749585","EL PASO","2023-09-10","0","1 - CLEAR","HARLEY-DAVIDSON","FLHT (HARLEY-DAVIDSON)","2019","0","1 - NOT WORN"
"19749585","EL PASO","2023-09-10","0","1 - CLEAR","TOYOTA","HIGHLANDER (TOYOTA)","2017","0","97 - NOT APPLICABLE"
"19749585","EL PASO","2023-09-10","0","1 - CLEAR","TOYOTA","HIGHLANDER (TOYOTA)","2017","0","97 - NOT APPLICABLE"
"19749585","EL PASO","2023-09-10","0","1 - CLEAR","TOYOTA","HIGHLANDER (TOYOTA)","2017","0","97 - NOT APPLICABLE"
"19752408","TYLER","2023-09-10","0","1 - CLEAR","RAM","1500 (RAM)","2019","0","97 - NOT APPLICABLE"
"19752408","TYLER","2023-09-10","0","1 - CLEAR","YAMAHA","YZFR1 (YAMAHA)","2005","0","4 - WORN, UNK DAMAGE"
"19754265","HOUSTON","2023-09-10","0","1 - CLEAR","HARLEY-DAVIDSON","FLTRX (HARLEY-DAVIDSON)","2020","0","99 - UNKNOWN IF WORN"
"19754265","HOUSTON","2023-09-10","0","1 - CLEAR","HARLEY-DAVIDSON","FLTRX (HARLEY-DAVIDSON)","2016","0","2 - WORN, DAMAGED"
"19756002","EL PASO","2023-09-10","0","1 - CLEAR","SUZUKI","GSX750 (SUZUKI)","2007","0","3 - WORN, NOT DAMAGED"
"19756002","EL PASO","2023-09-10","0","1 - CLEAR","FORD","F150 (FORD)","2023","0","97 - NOT APPLICABLE"
"19756002","EL PASO","2023-09-10","0","1 - CLEAR","FORD","F150 (FORD)","2023","0","97 - NOT APPLICABLE"
"19763421","FORT WORTH","2023-09-10","0","1 - CLEAR","SUZUKI","GSX (SUZUKI)","2001","0","1 - NOT WORN"
"19763421","FORT WORTH","2023-09-10","0","1 - CLEAR","NISSAN","ALTIMA (NISSAN)","2016","0","97 - NOT APPLICABLE"
"19751239","PEARLAND","2023-09-11","0","1 - CLEAR","HONDA","CR-V (HONDA)","2022","0","97 - NOT APPLICABLE"
"19751239","PEARLAND","2023-09-11","0","1 - CLEAR","HONDA","UNKNOWN (HONDA)","2013","0","2 - WORN, DAMAGED"
"19751239","PEARLAND","2023-09-11","0","1 - CLEAR","HONDA","UNKNOWN (HONDA)","2013","0","2 - WORN, DAMAGED"
"19752324","SAN ANTONIO","2023-09-11","0","2 - CLOUDY","YAMAHA","YZF600 (YAMAHA)","2020","0","4 - WORN, UNK DAMAGE"
"19754251","RED OAK","2023-09-11","0","2 - CLOUDY","HARLEY-DAVIDSON","FLT (HARLEY-DAVIDSON)","2017","0","4 - WORN, UNK DAMAGE"
"19756932","SAN MARCOS","2023-09-11","1","1 - CLEAR","SUZUKI","UNKNOWN (SUZUKI)","2017","1","1 - NOT WORN"
"19760896","WACO","2023-09-11","0","1 - CLEAR","HONDA","CBR929 (HONDA)","2000","0","2 - WORN, DAMAGED"
"19760896","WACO","2023-09-11","0","1 - CLEAR","NISSAN","TITAN (NISSAN)","2018","0","97 - NOT APPLICABLE"
"19760896","WACO","2023-09-11","0","1 - CLEAR","NISSAN","TITAN (NISSAN)","2018","0","97 - NOT APPLICABLE"
"19760896","WACO","2023-09-11","0","1 - CLEAR","NISSAN","TITAN (NISSAN)","2018","0","97 - NOT APPLICABLE"
"19763726","OUTSIDE CITY LIMITS","2023-09-11","0","1 - CLEAR","HARLEY-DAVIDSON","UNKNOWN (HARLEY-DAVIDSON)","2005","0","1 - NOT WORN"
"19763726","OUTSIDE CITY LIMITS","2023-09-11","0","1 - CLEAR","HARLEY-DAVIDSON","UNKNOWN (HARLEY-DAVIDSON)","2005","0","1 - NOT WORN"
"19763726","OUTSIDE CITY LIMITS","2023-09-11","0","1 - CLEAR","HARLEY-DAVIDSON","FLT (HARLEY-DAVIDSON)","2022","0","1 - NOT WORN"
"19763726","OUTSIDE CITY LIMITS","2023-09-11","0","1 - CLEAR","HARLEY-DAVIDSON","FLT (HARLEY-DAVIDSON)","2022","0","1 - NOT WORN"
"19763726","OUTSIDE CITY LIMITS","2023-09-11","0","1 - CLEAR","UNKNOWN","UNKNOWN (UNKNOWN)","No Data","0","97 - NOT APPLICABLE"
"19752626","MANSFIELD","2023-09-12","0","1 - CLEAR","FORD","F150 (FORD)","2001","0","97 - NOT APPLICABLE"
"19752626","MANSFIELD","2023-09-12","0","1 - CLEAR","HARLEY-DAVIDSON","VRSCA (HARLEY-DAVIDSON)","2012","0","1 - NOT WORN"
"19756111","ARLINGTON","2023-09-12","0","1 - CLEAR","KAWASAKI","NINJA ZX (KAWASAKI)","2013","0","1 - NOT WORN"
"19762010","OUTSIDE CITY LIMITS","2023-09-12","0","2 - CLOUDY","TRIUMPH MOTORCYCLE","SPEEDMASTER (TRIUMPH MOTORCYCLE)","2004","0","2 - WORN, DAMAGED"
"19762881","OUTSIDE CITY LIMITS","2023-09-12","0","2 - CLOUDY","HARLEY-DAVIDSON","FXD (HARLEY-DAVIDSON)","2001","0","3 - WORN, NOT DAMAGED"
"19771405","HOUSTON","2023-09-12","0","1 - CLEAR","KAWASAKI","EN650 (KAWASAKI)","2006","0","2 - WORN, DAMAGED"
"19789563","HOUSTON","2023-09-12","0","1 - CLEAR","CHEVROLET","TRAVERSE (CHEVROLET)","2017","0","97 - NOT APPLICABLE"
"19789563","HOUSTON","2023-09-12","0","1 - CLEAR","CHEVROLET","TRAVERSE (CHEVROLET)","2017","0","97 - NOT APPLICABLE"
"19789563","HOUSTON","2023-09-12","0","1 - CLEAR","KAWASAKI","UNKNOWN (KAWASAKI)","2022","0","1 - NOT WORN"
"19794247","GEORGETOWN","2023-09-12","0","1 - CLEAR","HONDA","CB1100 (HONDA)","2014","0","2 - WORN, DAMAGED"
"19755280","KELLER","2023-09-13","0","2 - CLOUDY","BMW","X1 (BMW)","2018","0","97 - NOT APPLICABLE"
"19755280","KELLER","2023-09-13","0","2 - CLOUDY","YAMAHA","YZFR3 (YAMAHA)","2023","0","2 - WORN, DAMAGED"
"19755780","PROSPER","2023-09-13","0","3 - RAIN","NISSAN","SENTRA (NISSAN)","2018","0","97 - NOT APPLICABLE"
"19755780","PROSPER","2023-09-13","0","3 - RAIN","KAWASAKI","NINJA ZX (KAWASAKI)","2023","0","2 - WORN, DAMAGED"
"19760170","PHARR","2023-09-13","0","1 - CLEAR","TOYOTA","TUNDRA (TOYOTA)","2012","0","97 - NOT APPLICABLE"
"19760170","PHARR","2023-09-13","0","1 - CLEAR","TOYOTA","TUNDRA (TOYOTA)","2012","0","97 - NOT APPLICABLE"
"19760170","PHARR","2023-09-13","0","1 - CLEAR","YAMAHA","XVS1100 (YAMAHA)","2006","0","4 - WORN, UNK DAMAGE"
"19763792","LAREDO","2023-09-13","0","1 - CLEAR","GMC","SIERRA (GMC)","2008","0","97 - NOT APPLICABLE"
"19763792","LAREDO","2023-09-13","0","1 - CLEAR","KAWASAKI","UNKNOWN (KAWASAKI)","2020","0","4 - WORN, UNK DAMAGE"
"19766016","OUTSIDE CITY LIMITS","2023-09-13","1","1 - CLEAR","YAMAHA","XVZ13 (YAMAHA)","2000","1","1 - NOT WORN"
"19756420","ROUND ROCK","2023-09-14","0","1 - CLEAR","TRIUMPH MOTORCYCLE","UNKNOWN (TRIUMPH MOTORCYCLE)","2022","0","2 - WORN, DAMAGED"
"19756420","ROUND ROCK","2023-09-14","0","1 - CLEAR","NISSAN","TITAN (NISSAN)","2019","0","97 - NOT APPLICABLE"
"19756480","WAXAHACHIE","2023-09-14","0","1 - CLEAR","SUZUKI","UNKNOWN (SUZUKI)","2006","0","4 - WORN, UNK DAMAGE"
"19756480","WAXAHACHIE","2023-09-14","0","1 - CLEAR","GMC","ACADIA (GMC)","2018","0","97 - NOT APPLICABLE"
"19756480","WAXAHACHIE","2023-09-14","0","1 - CLEAR","GMC","ACADIA (GMC)","2018","0","97 - NOT APPLICABLE"
"19756480","WAXAHACHIE","2023-09-14","0","1 - CLEAR","GMC","ACADIA (GMC)","2018","0","97 - NOT APPLICABLE"
"19756480","WAXAHACHIE","2023-09-14","0","1 - CLEAR","GMC","ACADIA (GMC)","2018","0","97 - NOT APPLICABLE"
"19756480","WAXAHACHIE","2023-09-14","0","1 - CLEAR","GMC","ACADIA (GMC)","2018","0","97 - NOT APPLICABLE"
"19756480","WAXAHACHIE","2023-09-14","0","1 - CLEAR","GMC","ACADIA (GMC)","2018","0","97 - NOT APPLICABLE"
"19757076","OUTSIDE CITY LIMITS","2023-09-14","0","3 - RAIN","GMC","TERRAIN (GMC)","2021","0","97 - NOT APPLICABLE"
"19757076","OUTSIDE CITY LIMITS","2023-09-14","0","3 - RAIN","HARLEY-DAVIDSON","FXD (HARLEY-DAVIDSON)","2001","0","1 - NOT WORN"
"19764185","OUTSIDE CITY LIMITS","2023-09-14","0","2 - CLOUDY","SUZUKI","GSX250R (SUZUKI)","2020","0","1 - NOT WORN"
"19764185","OUTSIDE CITY LIMITS","2023-09-14","0","2 - CLOUDY","CADILLAC","ATS (CADILLAC)","2020","0","97 - NOT APPLICABLE"
"19766107","OUTSIDE CITY LIMITS","2023-09-14","0","2 - CLOUDY","HONDA","CBR1000 (HONDA)","2005","0","1 - NOT WORN"
"19768954","EVERMAN","2023-09-14","0","3 - RAIN","KAWASAKI","VN900 (KAWASAKI)","2014","0","2 - WORN, DAMAGED"
"19768954","EVERMAN","2023-09-14","0","3 - RAIN","NISSAN","ALTIMA (NISSAN)","2017","0","97 - NOT APPLICABLE"
"19783456","DALLAS","2023-09-14","0","2 - CLOUDY","KAWASAKI","ZX636 (KAWASAKI)","2006","0","4 - WORN, UNK DAMAGE"
"19783456","DALLAS","2023-09-14","0","2 - CLOUDY","JAGUAR","F-PACE (JAGUAR)","2017","0","97 - NOT APPLICABLE"
"19790424","COLLEGE STATION","2023-09-14","0","1 - CLEAR","YAMAHA","XVS1100 (YAMAHA)","2007","0","4 - WORN, UNK DAMAGE"
"19790424","COLLEGE STATION","2023-09-14","0","1 - CLEAR","FORD","ECONOLINE (FORD)","2017","0","97 - NOT APPLICABLE"
"19790424","COLLEGE STATION","2023-09-14","0","1 - CLEAR","FORD","ECONOLINE (FORD)","2017","0","97 - NOT APPLICABLE"
"19790424","COLLEGE STATION","2023-09-14","0","1 - CLEAR","FORD","ECONOLINE (FORD)","2017","0","97 - NOT APPLICABLE"
"19794972","FORT WORTH","2023-09-14","1","2 - CLOUDY","HUSQVARNA","350 (HUSQVARNA)","2022","1","99 - UNKNOWN IF WORN"
"19794972","FORT WORTH","2023-09-14","1","2 - CLOUDY","RAM","2500 (RAM)","2019","0","97 - NOT APPLICABLE"
"19794972","FORT WORTH","2023-09-14","1","2 - CLOUDY","RAM","2500 (RAM)","2019","0","97 - NOT APPLICABLE"
"19794972","FORT WORTH","2023-09-14","1","2 - CLOUDY","RAM","2500 (RAM)","2019","0","97 - NOT APPLICABLE"
"19757282","MIDLAND","2023-09-15","0","3 - RAIN","DODGE","RAM 2500 (DODGE)","2007","0","97 - NOT APPLICABLE"
"19757282","MIDLAND","2023-09-15","0","3 - RAIN","DODGE","RAM 2500 (DODGE)","2007","0","97 - NOT APPLICABLE"
"19757282","MIDLAND","2023-09-15","0","3 - RAIN","KAWASAKI","UNKNOWN (KAWASAKI)","2023","0","2 - WORN, DAMAGED"
"19758024","SAN ANTONIO","2023-09-15","0","2 - CLOUDY","MAZDA","PROTEGE (MAZDA)","2002","0","97 - NOT APPLICABLE"
"19758024","SAN ANTONIO","2023-09-15","0","2 - CLOUDY","HONDA","GROM (HONDA)","2018","0","3 - WORN, NOT DAMAGED"
"19758765","AUSTIN","2023-09-15","0","1 - CLEAR","HARLEY-DAVIDSON","UNKNOWN (HARLEY-DAVIDSON)","2006","0","1 - NOT WORN"
"19760034","SCHERTZ","2023-09-15","0","1 - CLEAR","DUCATI","PANIGALE (DUCATI)","2022","0","2 - WORN, DAMAGED"
"19764838","EL PASO","2023-09-15","1","1 - CLEAR","HONDA","UNKNOWN (HONDA)","2000","1","2 - WORN, DAMAGED"
"19765910","AMARILLO","2023-09-15","0","1 - CLEAR","YAMAHA","UNKNOWN (YAMAHA)","2004","0","1 - NOT WORN"
"19765910","AMARILLO","2023-09-15","0","1 - CLEAR","YAMAHA","UNKNOWN (YAMAHA)","2004","0","1 - NOT WORN"
"19765910","AMARILLO","2023-09-15","0","1 - CLEAR","TOYOTA","TUNDRA (TOYOTA)","2013","0","97 - NOT APPLICABLE"
"19767984","OUTSIDE CITY LIMITS","2023-09-15","0","1 - CLEAR","HARLEY-DAVIDSON","FLTRXS (HARLEY-DAVIDSON)","2017","0","1 - NOT WORN"
"19770490","DALLAS","2023-09-15","0","1 - CLEAR","ALL OTHER MAKES","UNKNOWN (ALL OTHER MAKES)","2022","0","1 - NOT WORN"
"19770490","DALLAS","2023-09-15","0","1 - CLEAR","ALL OTHER MAKES","UNKNOWN (ALL OTHER MAKES)","2022","0","1 - NOT WORN"
"19770490","DALLAS","2023-09-15","0","1 - CLEAR","CHEVROLET","EQUINOX (CHEVROLET)","2022","0","97 - NOT APPLICABLE"
"19796032","OUTSIDE CITY LIMITS","2023-09-15","1","3 - RAIN","KAWASAKI","NINJA ZX (KAWASAKI)","2005","1","1 - NOT WORN"
"19821363","SAN ANTONIO","2023-09-15","0","1 - CLEAR","SUZUKI","GSX-R600 (SUZUKI)","2001","0","1 - NOT WORN"
"19759744","OUTSIDE CITY LIMITS","2023-09-16","0","1 - CLEAR","UNKNOWN","UNKNOWN (UNKNOWN)","No Data","0","3 - WORN, NOT DAMAGED"
"19759744","OUTSIDE CITY LIMITS","2023-09-16","0","1 - CLEAR","CHEVROLET","TRAX (CHEVROLET)","2022","0","97 - NOT APPLICABLE"
"19759839","FLORESVILLE","2023-09-16","0","1 - CLEAR","HARLEY-DAVIDSON","UNKNOWN (HARLEY-DAVIDSON)","2015","0","1 - NOT WORN"
"19759839","FLORESVILLE","2023-09-16","0","1 - CLEAR","CHEVROLET","EQUINOX (CHEVROLET)","2010","0","97 - NOT APPLICABLE"
"19759839","FLORESVILLE","2023-09-16","0","1 - CLEAR","CHEVROLET","EQUINOX (CHEVROLET)","2010","0","97 - NOT APPLICABLE"
"19759839","FLORESVILLE","2023-09-16","0","1 - CLEAR","CHEVROLET","EQUINOX (CHEVROLET)","2010","0","97 - NOT APPLICABLE"
"19760772","OUTSIDE CITY LIMITS","2023-09-16","0","6 - FOG","KAWASAKI","UNKNOWN (KAWASAKI)","1996","0","1 - NOT WORN"
"19760772","OUTSIDE CITY LIMITS","2023-09-16","0","6 - FOG","KAWASAKI","UNKNOWN (KAWASAKI)","1996","0","1 - NOT WORN"
"19760852","OUTSIDE CITY LIMITS","2023-09-16","0","1 - CLEAR","OTHER (EXPLAIN IN NARRATIVE)","OTHER (EXPLAIN IN NARRATIVE) (OTHER (EXPLAIN IN NARRATIVE))","2022","0","3 - WORN, NOT DAMAGED"
"19761407","LEAGUE CITY","2023-09-16","0","1 - CLEAR","HARLEY-DAVIDSON","FLHT (HARLEY-DAVIDSON)","2004","0","1 - NOT WORN"
"19761407","LEAGUE CITY","2023-09-16","0","1 - CLEAR","HARLEY-DAVIDSON","FLHT (HARLEY-DAVIDSON)","2004","0","4 - WORN, UNK DAMAGE"
"19761433","OUTSIDE CITY LIMITS","2023-09-16","0","1 - CLEAR","HARLEY-DAVIDSON","FLH (HARLEY-DAVIDSON)","2008","0","1 - NOT WORN"
"19761572","NEW BRAUNFELS","2023-09-16","0","1 - CLEAR","HARLEY-DAVIDSON","XL1200 (HARLEY-DAVIDSON)","2016","0","1 - NOT WORN"
"19761762","GARLAND","2023-09-16","0","1 - CLEAR","CADILLAC","ESCALADE EXT (CADILLAC)","2015","0","97 - NOT APPLICABLE"
"19761762","GARLAND","2023-09-16","0","1 - CLEAR","HARLEY-DAVIDSON","FLT (HARLEY-DAVIDSON)","2021","0","1 - NOT WORN"
"19762039","RICHARDSON","2023-09-16","0","2 - CLOUDY","HARLEY-DAVIDSON","UNKNOWN (HARLEY-DAVIDSON)","2014","0","1 - NOT WORN"
"19763120","NEW BRAUNFELS","2023-09-16","1","1 - CLEAR","HARLEY-DAVIDSON","FXD (HARLEY-DAVIDSON)","2014","1","2 - WORN, DAMAGED"
"19763120","NEW BRAUNFELS","2023-09-16","1","1 - CLEAR","FORD","CROWN VICTORIA (FORD)","1998","0","97 - NOT APPLICABLE"
"19763448","CORPUS CHRISTI","2023-09-16","0","3 - RAIN","BMW","128 (BMW)","2013","0","97 - NOT APPLICABLE"
"19763448","CORPUS CHRISTI","2023-09-16","0","3 - RAIN","HARLEY-DAVIDSON","XL883 (HARLEY-DAVIDSON)","2005","0","3 - WORN, NOT DAMAGED"
"19763871","DALLAS","2023-09-16","0","1 - CLEAR","KAWASAKI","NINJA ZX (KAWASAKI)","2020","0","2 - WORN, DAMAGED"
"19763871","DALLAS","2023-09-16","0","1 - CLEAR","TOYOTA","COROLLA (TOYOTA)","2011","0","97 - NOT APPLICABLE"
"19765116","OUTSIDE CITY LIMITS","2023-09-16","0","1 - CLEAR","HONDA","ADV150 (HONDA)","2023","0","1 - NOT WORN"
"19767269","OUTSIDE CITY LIMITS","2023-09-16","1","1 - CLEAR","HARLEY-DAVIDSON","XL883 (HARLEY-DAVIDSON)","2000","1","1 - NOT WORN"
"19767269","OUTSIDE CITY LIMITS","2023-09-16","1","1 - CLEAR","DODGE","RAM 2500 (DODGE)","2006","0","97 - NOT APPLICABLE"
"19770652","MIDLAND","2023-09-16","0","1 - CLEAR","HARLEY-DAVIDSON","FXSTI (HARLEY-DAVIDSON)","2009","0","1 - NOT WORN"
"19770652","MIDLAND","2023-09-16","0","1 - CLEAR","FORD","F150 (FORD)","2014","0","97 - NOT APPLICABLE"
"19773353","KILLEEN","2023-09-16","0","1 - CLEAR","NISSAN","SENTRA (NISSAN)","2009","0","97 - NOT APPLICABLE"
"19773353","KILLEEN","2023-09-16","0","1 - CLEAR","HONDA","CRF100 (HONDA)","2008","0","2 - WORN, DAMAGED"
"19775423","DALLAS","2023-09-16","0","1 - CLEAR","CHEVROLET","SILVERADO (CHEVROLET)","1996","0","97 - NOT APPLICABLE"
"19775423","DALLAS","2023-09-16","0","1 - CLEAR","CHEVROLET","SILVERADO (CHEVROLET)","1996","0","97 - NOT APPLICABLE"
"19775423","DALLAS","2023-09-16","0","1 - CLEAR","YAMAHA","YZFR1S (YAMAHA)","2020","0","4 - WORN, UNK DAMAGE"
"19775819","EL PASO","2023-09-16","0","1 - CLEAR","HARLEY-DAVIDSON","FLS (HARLEY-DAVIDSON)","2002","0","1 - NOT WORN"
"19775819","EL PASO","2023-09-16","0","1 - CLEAR","HARLEY-DAVIDSON","FLS (HARLEY-DAVIDSON)","2002","0","1 - NOT WORN"
"19775819","EL PASO","2023-09-16","0","1 - CLEAR","FORD","F150 (FORD)","2002","0","97 - NOT APPLICABLE"
"19775819","EL PASO","2023-09-16","0","1 - CLEAR","FORD","F150 (FORD)","2002","0","97 - NOT APPLICABLE"
"19779666","OUTSIDE CITY LIMITS","2023-09-16","0","2 - CLOUDY","HARLEY-DAVIDSON","FLH (HARLEY-DAVIDSON)","2008","0","1 - NOT WORN"
"19759488","SAN ANTONIO","2023-09-17","1","1 - CLEAR","LAND ROVER","RANGE ROVER EVOQUE (LAND ROVER)","2018","0","97 - NOT APPLICABLE"
"19759488","SAN ANTONIO","2023-09-17","1","1 - CLEAR","VESPA","UNKNOWN (VESPA)","2009","1","99 - UNKNOWN IF WORN"
"19760164","OUTSIDE CITY LIMITS","2023-09-17","0","1 - CLEAR","BMW","S 1000 (BMW)","2023","0","2 - WORN, DAMAGED"
"19761216","OUTSIDE CITY LIMITS","2023-09-17","0","1 - CLEAR","HONDA","GROM (HONDA)","2023","0","99 - UNKNOWN IF WORN"
"19761578","AUSTIN","2023-09-17","0","1 - CLEAR","HONDA","VT700 (HONDA)","2018","0","1 - NOT WORN"
"19763528","RICHARDSON","2023-09-17","0","1 - CLEAR","HARLEY-DAVIDSON","UNKNOWN (HARLEY-DAVIDSON)","1999","0","1 - NOT WORN"
"19763528","RICHARDSON","2023-09-17","0","1 - CLEAR","KIA","SORENTO (KIA)","2016","0","97 - NOT APPLICABLE"
"19763761","OUTSIDE CITY LIMITS","2023-09-17","0","1 - CLEAR","SUZUKI","UNKNOWN (SUZUKI)","2004","0","3 - WORN, NOT DAMAGED"
"19766041","OUTSIDE CITY LIMITS","2023-09-17","0","1 - CLEAR","VICTORY MOTORCYCLES","UNKNOWN (VICTORY MOTORCYCLES)","2013","0","1 - NOT WORN"
"19766088","OUTSIDE CITY LIMITS","2023-09-17","0","1 - CLEAR","HARLEY-DAVIDSON","FLH (HARLEY-DAVIDSON)","2020","0","99 - UNKNOWN IF WORN"
"19766088","OUTSIDE CITY LIMITS","2023-09-17","0","1 - CLEAR","HARLEY-DAVIDSON","FLH (HARLEY-DAVIDSON)","2020","0","99 - UNKNOWN IF WORN"
"19767912","CONROE","2023-09-17","1","1 - CLEAR","HONDA","VTX1300 (HONDA)","2007","1","2 - WORN, DAMAGED"
"19768767","HOUSTON","2023-09-17","0","1 - CLEAR","HARLEY-DAVIDSON","UNKNOWN (HARLEY-DAVIDSON)","2012","0","4 - WORN, UNK DAMAGE"
"19773527","OUTSIDE CITY LIMITS","2023-09-17","0","1 - CLEAR","KIA","NIRO (KIA)","2018","0","97 - NOT APPLICABLE"
"19773527","OUTSIDE CITY LIMITS","2023-09-17","0","1 - CLEAR","HONDA","UNKNOWN (HONDA)","2003","0","4 - WORN, UNK DAMAGE"
"19773527","OUTSIDE CITY LIMITS","2023-09-17","0","1 - CLEAR","HONDA","UNKNOWN (HONDA)","2003","0","4 - WORN, UNK DAMAGE"
"19774276","GARLAND","2023-09-17","0","1 - CLEAR","KAWASAKI","KL650 (KAWASAKI)","2013","0","2 - WORN, DAMAGED"
"19774632","OUTSIDE CITY LIMITS","2023-09-17","0","1 - CLEAR","HARLEY-DAVIDSON","FLTRX (HARLEY-DAVIDSON)","2013","0","2 - WORN, DAMAGED"
"19774632","OUTSIDE CITY LIMITS","2023-09-17","0","1 - CLEAR","CHEVROLET","SILVERADO C1500 (CHEVROLET)","2018","0","97 - NOT APPLICABLE"
"19780214","CORPUS CHRISTI","2023-09-17","0","1 - CLEAR","FORD","EDGE (FORD)","2013","0","97 - NOT APPLICABLE"
"19780214","CORPUS CHRISTI","2023-09-17","0","1 - CLEAR","KAWASAKI","VN800 (KAWASAKI)","2000","0","2 - WORN, DAMAGED"
"19787737","BEE CAVE","2023-09-17","1","1 - CLEAR","FORD","BRONCO (FORD)","2023","0","97 - NOT APPLICABLE"
"19787737","BEE CAVE","2023-09-17","1","1 - CLEAR","HARLEY-DAVIDSON","XL883 (HARLEY-DAVIDSON)","1995","1","2 - WORN, DAMAGED"
"19762415","LAREDO","2023-09-18","0","1 - CLEAR","SUZUKI","UNKNOWN (SUZUKI)","2010","0","4 - WORN, UNK DAMAGE"
"19762415","LAREDO","2023-09-18","0","1 - CLEAR","CHEVROLET","SILVERADO (CHEVROLET)","2010","0","97 - NOT APPLICABLE"
"19762415","LAREDO","2023-09-18","0","1 - CLEAR","FORD","F150 (FORD)","2015","0","97 - NOT APPLICABLE"
"19762415","LAREDO","2023-09-18","0","1 - CLEAR","CHEVROLET","TAHOE (CHEVROLET)","2007","0","97 - NOT APPLICABLE"
"19762415","LAREDO","2023-09-18","0","1 - CLEAR","CHEVROLET","TAHOE (CHEVROLET)","2007","0","97 - NOT APPLICABLE"
"19762452","ROUND ROCK","2023-09-18","0","1 - CLEAR","SUZUKI","GSX600 (SUZUKI)","2023","0","2 - WORN, DAMAGED"
"19762452","ROUND ROCK","2023-09-18","0","1 - CLEAR","PONTIAC","G8 (PONTIAC)","2009","0","97 - NOT APPLICABLE"
"19763079","CONROE","2023-09-18","0","1 - CLEAR","HARLEY-DAVIDSON","UNKNOWN (HARLEY-DAVIDSON)","2011","0","1 - NOT WORN"
"19764036","ITASCA","2023-09-18","0","1 - CLEAR","HARLEY-DAVIDSON","FLTRXS (HARLEY-DAVIDSON)","2018","0","4 - WORN, UNK DAMAGE"
"19772160","TEMPLE","2023-09-18","0","1 - CLEAR","HONDA","CBR600 (HONDA)","2004","0","2 - WORN, DAMAGED"
"19775097","LONGVIEW","2023-09-18","0","1 - CLEAR","KAWASAKI","NINJA ZX (KAWASAKI)","2013","0","4 - WORN, UNK DAMAGE"
"19780662","CRANDALL","2023-09-18","0","1 - CLEAR","YAMAHA","XVS1100 (YAMAHA)","2000","0","4 - WORN, UNK DAMAGE"
"19795517","HOUSTON","2023-09-18","0","1 - CLEAR","SUZUKI","UNKNOWN (SUZUKI)","2022","0","1 - NOT WORN"
"19795889","OUTSIDE CITY LIMITS","2023-09-18","2","1 - CLEAR","HONDA","VT1100 (HONDA)","2001","1","1 - NOT WORN"
"19795889","OUTSIDE CITY LIMITS","2023-09-18","2","1 - CLEAR","HONDA","VT1100 (HONDA)","2001","1","1 - NOT WORN"
"19814325","FORT WORTH","2023-09-18","2","1 - CLEAR","HARLEY-DAVIDSON","UNKNOWN (HARLEY-DAVIDSON)","2005","1","1 - NOT WORN"
"19814325","FORT WORTH","2023-09-18","2","1 - CLEAR","HARLEY-DAVIDSON","UNKNOWN (HARLEY-DAVIDSON)","2005","1","1 - NOT WORN"
"19834514","OUTSIDE CITY LIMITS","2023-09-18","0","1 - CLEAR","HARLEY-DAVIDSON","FLHR (HARLEY-DAVIDSON)","2022","0","2 - WORN, DAMAGED"
"19835992","HOUSTON","2023-09-18","0","1 - CLEAR","UNKNOWN","UNKNOWN (UNKNOWN)","No Data","0","2 - WORN, DAMAGED"
"19835992","HOUSTON","2023-09-18","0","1 - CLEAR","CHEVROLET","SILVERADO C1500 (CHEVROLET)","2011","0","97 - NOT APPLICABLE"
"19764548","CANTON","2023-09-19","0","1 - CLEAR","KAWASAKI","VULCAN 2000 (KAWASAKI)","2010","0","1 - NOT WORN"
"19765104","BEAUMONT","2023-09-19","0","1 - CLEAR","KAWASAKI","EX650 (KAWASAKI)","2020","0","2 - WORN, DAMAGED"
"19765104","BEAUMONT","2023-09-19","0","1 - CLEAR","DODGE","CHALLENGER (DODGE)","2017","0","97 - NOT APPLICABLE"
"19767816","SEAGOVILLE","2023-09-19","0","1 - CLEAR","HARLEY-DAVIDSON","FLH (HARLEY-DAVIDSON)","2017","0","2 - WORN, DAMAGED"
"19772753","HOUSTON","2023-09-19","0","1 - CLEAR","KAWASAKI","ZR1000 (KAWASAKI)","2007","0","2 - WORN, DAMAGED"
"19773040","BEAUMONT","2023-09-19","0","1 - CLEAR","DODGE","CHALLENGER (DODGE)","2016","0","97 - NOT APPLICABLE"
"19773040","BEAUMONT","2023-09-19","0","1 - CLEAR","SUZUKI","GSX750 (SUZUKI)","2022","0","2 - WORN, DAMAGED"
"19773253","OUTSIDE CITY LIMITS","2023-09-19","1","1 - CLEAR","BMW","UNKNOWN (BMW)","2004","1","2 - WORN, DAMAGED"
"19775976","CORPUS CHRISTI","2023-09-19","0","1 - CLEAR","HARLEY-DAVIDSON","FLHT (HARLEY-DAVIDSON)","2018","0","2 - WORN, DAMAGED"
"19775976","CORPUS CHRISTI","2023-09-19","0","1 - CLEAR","DODGE","CHALLENGER (DODGE)","2020","0","97 - NOT APPLICABLE"
"19780958","OUTSIDE CITY LIMITS","2023-09-19","1","1 - CLEAR","DODGE","CARAVAN (DODGE)","2000","0","97 - NOT APPLICABLE"
"19780958","OUTSIDE CITY LIMITS","2023-09-19","1","1 - CLEAR","KTM","1290 (KTM)","2015","1","2 - WORN, DAMAGED"
"19780959","OUTSIDE CITY LIMITS","2023-09-19","0","1 - CLEAR","KAWASAKI","VULCAN 2000 (KAWASAKI)","2005","0","1 - NOT WORN"
"19789431","LUBBOCK","2023-09-19","0","1 - CLEAR","MAZDA","CX-5 (MAZDA)","2022","0","97 - NOT APPLICABLE"
"19789431","LUBBOCK","2023-09-19","0","1 - CLEAR","BIG DOG","MASTIFF (BIG DOG)","2006","0","2 - WORN, DAMAGED"
"19767529","OUTSIDE CITY LIMITS","2023-09-20","0","1 - CLEAR","HARLEY-DAVIDSON","FLSTFI (HARLEY-DAVIDSON)","2007","0","2 - WORN, DAMAGED"
"19767529","OUTSIDE CITY LIMITS","2023-09-20","0","1 - CLEAR","HONDA","ACCORD (HONDA)","2021","0","97 - NOT APPLICABLE"
"19770013","CORPUS CHRISTI","2023-09-20","1","1 - CLEAR","HONDA","CIVIC (HONDA)","2023","0","97 - NOT APPLICABLE"
"19770013","CORPUS CHRISTI","2023-09-20","1","1 - CLEAR","HONDA","VT1100 (HONDA)","2004","1","4 - WORN, UNK DAMAGE"
"19770099","EASTLAND","2023-09-20","0","1 - CLEAR","VOLKSWAGEN","JETTA (VOLKSWAGEN)","2010","0","97 - NOT APPLICABLE"
"19770099","EASTLAND","2023-09-20","0","1 - CLEAR","HARLEY-DAVIDSON","UNKNOWN (HARLEY-DAVIDSON)","2006","0","1 - NOT WORN"
"19773070","ALVARADO","2023-09-20","0","1 - CLEAR","NISSAN","ALTIMA (NISSAN)","2012","0","97 - NOT APPLICABLE"
"19773070","ALVARADO","2023-09-20","0","1 - CLEAR","HARLEY-DAVIDSON","FLHX (HARLEY-DAVIDSON)","2012","0","1 - NOT WORN"
"19773565","GRAND PRAIRIE","2023-09-20","0","1 - CLEAR","HARLEY-DAVIDSON","FLH (HARLEY-DAVIDSON)","2006","0","1 - NOT WORN"
"19773565","GRAND PRAIRIE","2023-09-20","0","1 - CLEAR","HONDA","CR-V (HONDA)","2021","0","97 - NOT APPLICABLE"
"19777808","OUTSIDE CITY LIMITS","2023-09-20","0","1 - CLEAR","HARLEY-DAVIDSON","FLH (HARLEY-DAVIDSON)","2017","0","2 - WORN, DAMAGED"
"19778858","AUSTIN","2023-09-20","0","1 - CLEAR","HONDA","CBR600 (HONDA)","2009","0","4 - WORN, UNK DAMAGE"
"19778858","AUSTIN","2023-09-20","0","1 - CLEAR","SUBARU","OUTBACK (SUBARU)","2013","0","97 - NOT APPLICABLE"
"19778858","AUSTIN","2023-09-20","0","1 - CLEAR","SUBARU","OUTBACK (SUBARU)","2013","0","97 - NOT APPLICABLE"
"19780600","OUTSIDE CITY LIMITS","2023-09-20","0","1 - CLEAR","HARLEY-DAVIDSON","XL883 (HARLEY-DAVIDSON)","2013","0","3 - WORN, NOT DAMAGED"
"19780600","OUTSIDE CITY LIMITS","2023-09-20","0","1 - CLEAR","FORD","F150 (FORD)","2013","0","97 - NOT APPLICABLE"
"19783626","OUTSIDE CITY LIMITS","2023-09-20","1","1 - CLEAR","TOYOTA","TUNDRA (TOYOTA)","2010","0","97 - NOT APPLICABLE"
"19783626","OUTSIDE CITY LIMITS","2023-09-20","1","1 - CLEAR","YAMAHA","YZFR6 (YAMAHA)","2014","1","2 - WORN, DAMAGED"
"19769059","BEAUMONT","2023-09-21","0","1 - CLEAR","CHEVROLET","SILVERADO C1500 (CHEVROLET)","2014","0","97 - NOT APPLICABLE"
"19769059","BEAUMONT","2023-09-21","0","1 - CLEAR","INDIAN MOTORCYCLE CO.","CHIEFTAIN (INDIAN MOTORCYCLE CO.)","2016","0","2 - WORN, DAMAGED"
"19769238","RIVER OAKS","2023-09-21","0","1 - CLEAR","MITSUBISHI","MIRAGE (MITSUBISHI)","2020","0","97 - NOT APPLICABLE"
"19769238","RIVER OAKS","2023-09-21","0","1 - CLEAR","MITSUBISHI","MIRAGE (MITSUBISHI)","2020","0","97 - NOT APPLICABLE"
"19769238","RIVER OAKS","2023-09-21","0","1 - CLEAR","KAWASAKI","NINJA ZX (KAWASAKI)","2018","0","2 - WORN, DAMAGED"
"19769940","SAN ANTONIO","2023-09-21","1","1 - CLEAR","FORD","ESCAPE (FORD)","2021","0","97 - NOT APPLICABLE"
"19769940","SAN ANTONIO","2023-09-21","1","1 - CLEAR","FORD","ESCAPE (FORD)","2021","0","97 - NOT APPLICABLE"
"19769940","SAN ANTONIO","2023-09-21","1","1 - CLEAR","KAWASAKI","NINJA ZX (KAWASAKI)","2022","1","2 - WORN, DAMAGED"
"19773169","DALLAS","2023-09-21","1","1 - CLEAR","FORD","EXPEDITION (FORD)","2008","0","97 - NOT APPLICABLE"
"19773169","DALLAS","2023-09-21","1","1 - CLEAR","HARLEY-DAVIDSON","FLTRK (HARLEY-DAVIDSON)","2019","1","2 - WORN, DAMAGED"
"19773169","DALLAS","2023-09-21","1","1 - CLEAR","JAGUAR","XJ SERIES (JAGUAR)","2005","0","97 - NOT APPLICABLE"
"19773169","DALLAS","2023-09-21","1","1 - CLEAR","JAGUAR","XJ SERIES (JAGUAR)","2005","0","97 - NOT APPLICABLE"
"19773169","DALLAS","2023-09-21","1","1 - CLEAR","JAGUAR","XJ SERIES (JAGUAR)","2005","0","97 - NOT APPLICABLE"
"19775154","HOUSTON","2023-09-21","0","1 - CLEAR","CADILLAC","CTS (CADILLAC)","2009","0","97 - NOT APPLICABLE"
"19775154","HOUSTON","2023-09-21","0","1 - CLEAR","HARLEY-DAVIDSON","FLS (HARLEY-DAVIDSON)","2006","0","1 - NOT WORN"
"19775154","HOUSTON","2023-09-21","0","1 - CLEAR","HARLEY-DAVIDSON","FLS (HARLEY-DAVIDSON)","2006","0","2 - WORN, DAMAGED"
"19777763","OUTSIDE CITY LIMITS","2023-09-21","1","1 - CLEAR","SUZUKI","GSX1300 (SUZUKI)","2023","1","2 - WORN, DAMAGED"
"19777763","OUTSIDE CITY LIMITS","2023-09-21","1","1 - CLEAR","NISSAN","SENTRA (NISSAN)","2008","0","97 - NOT APPLICABLE"
"19778120","JOSHUA","2023-09-21","0","1 - CLEAR","HONDA","UNKNOWN (HONDA)","2006","0","2 - WORN, DAMAGED"
"19778120","JOSHUA","2023-09-21","0","1 - CLEAR","FORD","F250 (FORD)","2011","0","97 - NOT APPLICABLE"
"19779422","BIG SPRING","2023-09-21","0","1 - CLEAR","CHEVROLET","CRUZE (CHEVROLET)","2017","0","97 - NOT APPLICABLE"
"19779422","BIG SPRING","2023-09-21","0","1 - CLEAR","CHEVROLET","CRUZE (CHEVROLET)","2017","0","97 - NOT APPLICABLE"
"19779422","BIG SPRING","2023-09-21","0","1 - CLEAR","HARLEY-DAVIDSON","XL883 (HARLEY-DAVIDSON)","2016","0","1 - NOT WORN"
"19779848","OUTSIDE CITY LIMITS","2023-09-21","1","1 - CLEAR","CHEVROLET","SILVERADO C1500 (CHEVROLET)","1996","0","97 - NOT APPLICABLE"
"19779848","OUTSIDE CITY LIMITS","2023-09-21","1","1 - CLEAR","HARLEY-DAVIDSON","XL1200 (HARLEY-DAVIDSON)","1997","1","1 - NOT WORN"
"19780210","OUTSIDE CITY LIMITS","2023-09-21","0","1 - CLEAR","KTM","690 (KTM)","2021","0","2 - WORN, DAMAGED"
"19780210","OUTSIDE CITY LIMITS","2023-09-21","0","1 - CLEAR","CHEVROLET","EXPRESS (CHEVROLET)","2017","0","97 - NOT APPLICABLE"
"19781860","KILLEEN","2023-09-21","0","1 - CLEAR","KAWASAKI","EX650 (KAWASAKI)","2019","0","4 - WORN, UNK DAMAGE"
"19781860","KILLEEN","2023-09-21","0","1 - CLEAR","SUBARU","IMPREZA (SUBARU)","2017","0","97 - NOT APPLICABLE"
"19781860","KILLEEN","2023-09-21","0","1 - CLEAR","SUBARU","IMPREZA (SUBARU)","2017","0","97 - NOT APPLICABLE"
"19786659","RICHARDSON","2023-09-21","1","1 - CLEAR","CHEVROLET","TRAVERSE (CHEVROLET)","2015","0","97 - NOT APPLICABLE"
"19786659","RICHARDSON","2023-09-21","1","1 - CLEAR","HARLEY-DAVIDSON","UNKNOWN (HARLEY-DAVIDSON)","2007","1","2 - WORN, DAMAGED"
"19788555","DENISON","2023-09-21","0","2 - CLOUDY","FORD","F150 (FORD)","2010","0","97 - NOT APPLICABLE"
"19788555","DENISON","2023-09-21","0","2 - CLOUDY","FORD","F150 (FORD)","2010","0","97 - NOT APPLICABLE"
"19788555","DENISON","2023-09-21","0","2 - CLOUDY","FORD","F150 (FORD)","2010","0","97 - NOT APPLICABLE"
"19788555","DENISON","2023-09-21","0","2 - CLOUDY","YAMAHA","UNKNOWN (YAMAHA)","2001","0","2 - WORN, DAMAGED"
"19790362","CORPUS CHRISTI","2023-09-21","0","1 - CLEAR","HARLEY-DAVIDSON","XL883 (HARLEY-DAVIDSON)","2018","0","2 - WORN, DAMAGED"
"19769236","DICKINSON","2023-09-22","0","2 - CLOUDY","HARLEY-DAVIDSON","FXDI (HARLEY-DAVIDSON)","2006","0","1 - NOT WORN"
"19769236","DICKINSON","2023-09-22","0","2 - CLOUDY","HARLEY-DAVIDSON","FXDI (HARLEY-DAVIDSON)","2006","0","1 - NOT WORN"
"19769982","AUSTIN","2023-09-22","0","1 - CLEAR","FORD","EXPLORER (FORD)","2016","0","97 - NOT APPLICABLE"
"19769982","AUSTIN","2023-09-22","0","1 - CLEAR","INDIAN MOTORCYCLE CO.","CHIEFTAIN (INDIAN MOTORCYCLE CO.)","2022","0","1 - NOT WORN"
"19769982","AUSTIN","2023-09-22","0","1 - CLEAR","INDIAN MOTORCYCLE CO.","CHIEFTAIN (INDIAN MOTORCYCLE CO.)","2022","0","1 - NOT WORN"
"19770002","TYLER","2023-09-22","0","1 - CLEAR","TOYOTA","CAMRY (TOYOTA)","2018","0","97 - NOT APPLICABLE"
"19770002","TYLER","2023-09-22","0","1 - CLEAR","KAWASAKI","NINJA ZX (KAWASAKI)","2007","0","2 - WORN, DAMAGED"
"19771401","OUTSIDE CITY LIMITS","2023-09-22","0","1 - CLEAR","HARLEY-DAVIDSON","FLT (HARLEY-DAVIDSON)","2022","0","3 - WORN, NOT DAMAGED"
"19771401","OUTSIDE CITY LIMITS","2023-09-22","0","1 - CLEAR","HARLEY-DAVIDSON","FLT (HARLEY-DAVIDSON)","2022","0","3 - WORN, NOT DAMAGED"
"19773061","MESQUITE","2023-09-22","0","2 - CLOUDY","HONDA","VT750 (HONDA)","2008","0","1 - NOT WORN"
"19773061","MESQUITE","2023-09-22","0","2 - CLOUDY","GMC","SIERRA (GMC)","No Data","0","97 - NOT APPLICABLE"
"19773629","OUTSIDE CITY LIMITS","2023-09-22","0","1 - CLEAR","HARLEY-DAVIDSON","UNKNOWN (HARLEY-DAVIDSON)","2015","0","3 - WORN, NOT DAMAGED"
"19773790","OUTSIDE CITY LIMITS","2023-09-22","0","1 - CLEAR","HARLEY-DAVIDSON","FLS (HARLEY-DAVIDSON)","2012","0","2 - WORN, DAMAGED"
"19774659","HENDERSON","2023-09-22","0","1 - CLEAR","SUZUKI","GSX600 (SUZUKI)","2011","0","2 - WORN, DAMAGED"
"19776005","SEGUIN","2023-09-22","1","1 - CLEAR","CHEVROLET","C1500 (CHEVROLET)","2001","0","97 - NOT APPLICABLE"
"19776005","SEGUIN","2023-09-22","1","1 - CLEAR","HONDA","CBR600 (HONDA)","2014","1","2 - WORN, DAMAGED"
"19778030","PLANO","2023-09-22","0","1 - CLEAR","HARLEY-DAVIDSON","FXR (HARLEY-DAVIDSON)","2022","0","1 - NOT WORN"
"19778030","PLANO","2023-09-22","0","1 - CLEAR","NISSAN","ALTIMA (NISSAN)","2020","0","97 - NOT APPLICABLE"
"19778234","SAN MARCOS","2023-09-22","0","1 - CLEAR","HARLEY-DAVIDSON","UNKNOWN (HARLEY-DAVIDSON)","2003","0","1 - NOT WORN"
"19778674","BEDFORD","2023-09-22","0","1 - CLEAR","SUBARU","FORESTER (SUBARU)","2020","0","97 - NOT APPLICABLE"
"19778674","BEDFORD","2023-09-22","0","1 - CLEAR","HARLEY-DAVIDSON","FLHR (HARLEY-DAVIDSON)","2011","0","3 - WORN, NOT DAMAGED"
"19780169","NAVASOTA","2023-09-22","0","1 - CLEAR","HARLEY-DAVIDSON","XL1200 (HARLEY-DAVIDSON)","2021","0","3 - WORN, NOT DAMAGED"
"19782179","DALLAS","2023-09-22","0","1 - CLEAR","BMW","C600 (BMW)","2016","0","1 - NOT WORN"
"19782656","OUTSIDE CITY LIMITS","2023-09-22","0","1 - CLEAR","YAMAHA","YFM550 (YAMAHA)","2010","0","1 - NOT WORN"
"19785811","FORT WORTH","2023-09-22","0","1 - CLEAR","MACK","UNKNOWN (MACK)","2018","0","97 - NOT APPLICABLE"
"19785811","FORT WORTH","2023-09-22","0","1 - CLEAR","KAWASAKI","EX400 (KAWASAKI)","2023","0","99 - UNKNOWN IF WORN"
"19785915","OUTSIDE CITY LIMITS","2023-09-22","0","1 - CLEAR","KAWASAKI","ZR900 (KAWASAKI)","2019","0","2 - WORN, DAMAGED"
"19785915","OUTSIDE CITY LIMITS","2023-09-22","0","1 - CLEAR","TOYOTA","SIENNA (TOYOTA)","2004","0","97 - NOT APPLICABLE"
"19801752","SAN ANTONIO","2023-09-22","0","1 - CLEAR","ZERO MOTORCYCLES INC","DSR (ZERO MOTORCYCLES INC)","2023","0","3 - WORN, NOT DAMAGED"
"19771920","RENO (PARKER, TARRANT)","2023-09-23","0","1 - CLEAR","TOYOTA","RAV4 (TOYOTA)","2021","0","97 - NOT APPLICABLE"
"19771920","RENO (PARKER, TARRANT)","2023-09-23","0","1 - CLEAR","HARLEY-DAVIDSON","FLDE (HARLEY-DAVIDSON)","2006","0","4 - WORN, UNK DAMAGE"
"19773918","COLLEGE STATION","2023-09-23","1","1 - CLEAR","LAND ROVER","RANGE ROVER (LAND ROVER)","2017","0","97 - NOT APPLICABLE"
"19773918","COLLEGE STATION","2023-09-23","1","1 - CLEAR","LAND ROVER","RANGE ROVER (LAND ROVER)","2017","0","97 - NOT APPLICABLE"
"19773918","COLLEGE STATION","2023-09-23","1","1 - CLEAR","HARLEY-DAVIDSON","FLH (HARLEY-DAVIDSON)","2019","1","1 - NOT WORN"
"19774471","AUSTIN","2023-09-23","0","1 - CLEAR","CHEVROLET","TRAVERSE (CHEVROLET)","2011","0","97 - NOT APPLICABLE"
"19774471","AUSTIN","2023-09-23","0","1 - CLEAR","SUZUKI","M109R / VZR1800 (SUZUKI)","2007","0","99 - UNKNOWN IF WORN"
"19774471","AUSTIN","2023-09-23","0","1 - CLEAR","SUZUKI","M109R / VZR1800 (SUZUKI)","2007","0","99 - UNKNOWN IF WORN"
"19774560","DENTON","2023-09-23","0","1 - CLEAR","KIA","SOUL (KIA)","2015","0","97 - NOT APPLICABLE"
"19774560","DENTON","2023-09-23","0","1 - CLEAR","HARLEY-DAVIDSON","XL883 (HARLEY-DAVIDSON)","2021","0","99 - UNKNOWN IF WORN"
"19774704","OUTSIDE CITY LIMITS","2023-09-23","0","1 - CLEAR","KAWASAKI","VN1500 (KAWASAKI)","1999","0","1 - NOT WORN"
"19780369","FRISCO","2023-09-23","0","1 - CLEAR","APRILIA","TUONO (APRILIA)","2022","0","2 - WORN, DAMAGED"
"19780369","FRISCO","2023-09-23","0","1 - CLEAR","CHEVROLET","SILVERADO C1500 (CHEVROLET)","2019","0","97 - NOT APPLICABLE"
"19782609","ARLINGTON","2023-09-23","0","1 - CLEAR","DUCATI","PANIGALE (DUCATI)","2023","0","99 - UNKNOWN IF WORN"
"19782609","ARLINGTON","2023-09-23","0","1 - CLEAR","MERCEDES-BENZ","GLC (MERCEDES-BENZ)","2018","0","97 - NOT APPLICABLE"
"19782609","ARLINGTON","2023-09-23","0","1 - CLEAR","MERCEDES-BENZ","GLC (MERCEDES-BENZ)","2018","0","97 - NOT APPLICABLE"
"19782609","ARLINGTON","2023-09-23","0","1 - CLEAR","MERCEDES-BENZ","GLC (MERCEDES-BENZ)","2016","0","97 - NOT APPLICABLE"
"19782652","OUTSIDE CITY LIMITS","2023-09-23","0","1 - CLEAR","DODGE","RAM 2500 (DODGE)","2018","0","97 - NOT APPLICABLE"
"19782652","OUTSIDE CITY LIMITS","2023-09-23","0","1 - CLEAR","HARLEY-DAVIDSON","UNKNOWN (HARLEY-DAVIDSON)","2011","0","1 - NOT WORN"
"19782652","OUTSIDE CITY LIMITS","2023-09-23","0","1 - CLEAR","HARLEY-DAVIDSON","UNKNOWN (HARLEY-DAVIDSON)","2011","0","1 - NOT WORN"
"19783100","HOUSTON","2023-09-23","0","1 - CLEAR","FORD","EXPLORER (FORD)","2022","0","97 - NOT APPLICABLE"
"19783100","HOUSTON","2023-09-23","0","1 - CLEAR","YAMAHA","UNKNOWN (YAMAHA)","1999","0","1 - NOT WORN"
"19787448","DALLAS","2023-09-23","1","1 - CLEAR","HARLEY-DAVIDSON","VRSCD (HARLEY-DAVIDSON)","2006","1","1 - NOT WORN"
"19790425","OUTSIDE CITY LIMITS","2023-09-23","0","1 - CLEAR","HARLEY-DAVIDSON","FXS (HARLEY-DAVIDSON)","2008","0","1 - NOT WORN"
"19793500","OUTSIDE CITY LIMITS","2023-09-23","1","1 - CLEAR","HARLEY-DAVIDSON","FLTRXS (HARLEY-DAVIDSON)","2022","1","1 - NOT WORN"
"19793500","OUTSIDE CITY LIMITS","2023-09-23","1","1 - CLEAR","FORD","F150 (FORD)","2012","0","97 - NOT APPLICABLE"
"19802464","SEABROOK","2023-09-23","0","1 - CLEAR","TOYOTA","RAV4 (TOYOTA)","2007","0","97 - NOT APPLICABLE"
"19802464","SEABROOK","2023-09-23","0","1 - CLEAR","TOYOTA","RAV4 (TOYOTA)","2007","0","97 - NOT APPLICABLE"
"19802464","SEABROOK","2023-09-23","0","1 - CLEAR","TOYOTA","RAV4 (TOYOTA)","2007","0","97 - NOT APPLICABLE"
"19802464","SEABROOK","2023-09-23","0","1 - CLEAR","TOYOTA","RAV4 (TOYOTA)","2007","0","97 - NOT APPLICABLE"
"19802464","SEABROOK","2023-09-23","0","1 - CLEAR","HARLEY-DAVIDSON","FLDE (HARLEY-DAVIDSON)","2002","0","1 - NOT WORN"
"19802464","SEABROOK","2023-09-23","0","1 - CLEAR","HARLEY-DAVIDSON","FLDE (HARLEY-DAVIDSON)","2002","0","1 - NOT WORN"
"19810260","OUTSIDE CITY LIMITS","2023-09-23","0","1 - CLEAR","SUZUKI","GSX-R750 (SUZUKI)","2018","0","1 - NOT WORN"
"19810260","OUTSIDE CITY LIMITS","2023-09-23","0","1 - CLEAR","KIA","RIO (KIA)","2009","0","97 - NOT APPLICABLE"
"19813239","OUTSIDE CITY LIMITS","2023-09-23","0","1 - CLEAR","HARLEY-DAVIDSON","FLH (HARLEY-DAVIDSON)","2023","0","1 - NOT WORN"
"19773932","AMARILLO","2023-09-24","0","1 - CLEAR","YAMAHA","FJR1300 (YAMAHA)","2006","0","1 - NOT WORN"
"19774459","AUSTIN","2023-09-24","1","1 - CLEAR","KTM","250 (KTM)","2017","1","2 - WORN, DAMAGED"
"19775550","FORT WORTH","2023-09-24","0","1 - CLEAR","No Data","No Data","No Data","0","97 - NOT APPLICABLE"
"19775550","FORT WORTH","2023-09-24","0","1 - CLEAR","UNKNOWN","UNKNOWN (UNKNOWN)","No Data","0","1 - NOT WORN"
"19776621","DALLAS","2023-09-24","0","1 - CLEAR","HARLEY-DAVIDSON","FXS (HARLEY-DAVIDSON)","2005","0","1 - NOT WORN"
"19776766","OUTSIDE CITY LIMITS","2023-09-24","0","1 - CLEAR","CHEVROLET","MALIBU LIMITED (CHEVROLET)","2018","0","97 - NOT APPLICABLE"
"19776766","OUTSIDE CITY LIMITS","2023-09-24","0","1 - CLEAR","HARLEY-DAVIDSON","FLTRX (HARLEY-DAVIDSON)","2013","0","99 - UNKNOWN IF WORN"
"19777069","OUTSIDE CITY LIMITS","2023-09-24","0","2 - CLOUDY","FORD","MUSTANG (FORD)","2017","0","97 - NOT APPLICABLE"
"19777069","OUTSIDE CITY LIMITS","2023-09-24","0","2 - CLOUDY","YAMAHA","YZ450 (YAMAHA)","2007","0","2 - WORN, DAMAGED"
"19778260","OUTSIDE CITY LIMITS","2023-09-24","0","1 - CLEAR","HARLEY-DAVIDSON","UNKNOWN (HARLEY-DAVIDSON)","2019","0","1 - NOT WORN"
"19784443","OUTSIDE CITY LIMITS","2023-09-24","0","1 - CLEAR","YAMAHA","YZFR6 (YAMAHA)","2004","0","2 - WORN, DAMAGED"
"19788998","OUTSIDE CITY LIMITS","2023-09-24","0","1 - CLEAR","HARLEY-DAVIDSON","FLTRXS (HARLEY-DAVIDSON)","2015","0","1 - NOT WORN"
"19789675","OUTSIDE CITY LIMITS","2023-09-24","1","1 - CLEAR","HARLEY-DAVIDSON","XL1200 (HARLEY-DAVIDSON)","2021","1","2 - WORN, DAMAGED"
"19800355","OUTSIDE CITY LIMITS","2023-09-24","1","1 - CLEAR","HONDA","GL12 (HONDA)","2015","1","2 - WORN, DAMAGED"
"19773728","AMARILLO","2023-09-25","0","1 - CLEAR","HARLEY-DAVIDSON","FXR3 (HARLEY-DAVIDSON)","1992","0","4 - WORN, UNK DAMAGE"
"19773728","AMARILLO","2023-09-25","0","1 - CLEAR","BMW","740 (BMW)","2015","0","97 - NOT APPLICABLE"
"19775417","ABILENE","2023-09-25","0","1 - CLEAR","BUICK","ENCLAVE (BUICK)","2015","0","97 - NOT APPLICABLE"
"19775417","ABILENE","2023-09-25","0","1 - CLEAR","HARLEY-DAVIDSON","VRSCA (HARLEY-DAVIDSON)","2014","0","1 - NOT WORN"
"19777301","OUTSIDE CITY LIMITS","2023-09-25","0","1 - CLEAR","INDIAN MOTORCYCLE CO.","SCOUT (INDIAN MOTORCYCLE CO.)","2020","0","4 - WORN, UNK DAMAGE"
"19777301","OUTSIDE CITY LIMITS","2023-09-25","0","1 - CLEAR","VOLKSWAGEN","TIGUAN (VOLKSWAGEN)","2017","0","97 - NOT APPLICABLE"
"19777301","OUTSIDE CITY LIMITS","2023-09-25","0","1 - CLEAR","FREIGHTLINER","CASCADIA 116 (FREIGHTLINER)","2022","0","97 - NOT APPLICABLE"
"19786684","FRIENDSWOOD","2023-09-25","0","1 - CLEAR","JEEP","WRANGLER (JEEP)","2012","0","97 - NOT APPLICABLE"
"19786684","FRIENDSWOOD","2023-09-25","0","1 - CLEAR","HONDA","CB500 (HONDA)","2016","0","2 - WORN, DAMAGED"
"19803424","FORT WORTH","2023-09-25","0","1 - CLEAR","HONDA","CBR600 (HONDA)","2007","0","2 - WORN, DAMAGED"
"19808639","LANCASTER","2023-09-25","1","1 - CLEAR","HARLEY-DAVIDSON","FLT (HARLEY-DAVIDSON)","2020","1","1 - NOT WORN"
"19775862","BEDFORD","2023-09-26","0","1 - CLEAR","YAMAHA","MT-01 (YAMAHA)","2020","0","2 - WORN, DAMAGED"
"19775862","BEDFORD","2023-09-26","0","1 - CLEAR","ACURA","TLX (ACURA)","2019","0","97 - NOT APPLICABLE"
"19776144","DONNA","2023-09-26","0","1 - CLEAR","FORD","ECONOLINE (FORD)","2007","0","97 - NOT APPLICABLE"
"19776144","DONNA","2023-09-26","0","1 - CLEAR","KAWASAKI","UNKNOWN (KAWASAKI)","2019","0","3 - WORN, NOT DAMAGED"
"19778510","TYLER","2023-09-26","0","1 - CLEAR","CHEVROLET","SILVERADO (CHEVROLET)","1999","0","97 - NOT APPLICABLE"
"19778510","TYLER","2023-09-26","0","1 - CLEAR","YAMAHA","YZFR6 (YAMAHA)","2007","0","2 - WORN, DAMAGED"
"19779089","HOUSTON","2023-09-26","0","1 - CLEAR","HARLEY-DAVIDSON","FLH (HARLEY-DAVIDSON)","2013","0","2 - WORN, DAMAGED"
"19781435","HOUSTON","2023-09-26","0","1 - CLEAR","YAMAHA","YZFR6 (YAMAHA)","2016","0","2 - WORN, DAMAGED"
"19787180","OUTSIDE CITY LIMITS","2023-09-26","0","1 - CLEAR","UNKNOWN","UNKNOWN (UNKNOWN)","2023","0","2 - WORN, DAMAGED"
"19793086","ARLINGTON","2023-09-26","0","1 - CLEAR","HONDA","CR-V (HONDA)","2009","0","97 - NOT APPLICABLE"
"19793086","ARLINGTON","2023-09-26","0","1 - CLEAR","HONDA","VT750 (HONDA)","2012","0","4 - WORN, UNK DAMAGE"
"19793882","SEGUIN","2023-09-26","0","1 - CLEAR","LINCOLN","MKX (LINCOLN)","2016","0","97 - NOT APPLICABLE"
"19793882","SEGUIN","2023-09-26","0","1 - CLEAR","UNKNOWN","UNKNOWN (UNKNOWN)","2007","0","99 - UNKNOWN IF WORN"
"19838414","OVERTON","2023-09-26","0","1 - CLEAR","YAMAHA","FJR1300 (YAMAHA)","2022","0","2 - WORN, DAMAGED"
"19779975","CORPUS CHRISTI","2023-09-27","0","1 - CLEAR","YAMAHA","YZF600 (YAMAHA)","2011","0","2 - WORN, DAMAGED"
"19779975","CORPUS CHRISTI","2023-09-27","0","1 - CLEAR","TOYOTA","RAV4 (TOYOTA)","2015","0","97 - NOT APPLICABLE"
"19779975","CORPUS CHRISTI","2023-09-27","0","1 - CLEAR","TOYOTA","RAV4 (TOYOTA)","2015","0","97 - NOT APPLICABLE"
"19780522","OUTSIDE CITY LIMITS","2023-09-27","0","1 - CLEAR","KIA","SOUL (KIA)","2022","0","97 - NOT APPLICABLE"
"19780522","OUTSIDE CITY LIMITS","2023-09-27","0","1 - CLEAR","SUZUKI","GSX (SUZUKI)","2006","0","2 - WORN, DAMAGED"
"19780824","LONGVIEW","2023-09-27","0","1 - CLEAR","HONDA","CBR1000 (HONDA)","2008","0","2 - WORN, DAMAGED"
"19780824","LONGVIEW","2023-09-27","0","1 - CLEAR","CHEVROLET","C1500 SUBURBAN (CHEVROLET)","2020","0","97 - NOT APPLICABLE"
"19781272","SAN ANTONIO","2023-09-27","0","1 - CLEAR","HONDA","UNKNOWN (HONDA)","2007","0","2 - WORN, DAMAGED"
"19781272","SAN ANTONIO","2023-09-27","0","1 - CLEAR","BMW","740 (BMW)","2019","0","97 - NOT APPLICABLE"
"19790523","PLANO","2023-09-27","0","1 - CLEAR","FREIGHTLINER","CASCADIA 125 (FREIGHTLINER)","2017","0","97 - NOT APPLICABLE"
"19790523","PLANO","2023-09-27","0","1 - CLEAR","KAWASAKI","VULCAN 2000 (KAWASAKI)","2007","0","4 - WORN, UNK DAMAGE"
"19792032","OUTSIDE CITY LIMITS","2023-09-27","0","1 - CLEAR","SUZUKI","GSX1300 (SUZUKI)","2005","0","3 - WORN, NOT DAMAGED"
"19792032","OUTSIDE CITY LIMITS","2023-09-27","0","1 - CLEAR","JEEP","CHEROKEE (JEEP)","1997","0","97 - NOT APPLICABLE"
"19795975","WACO","2023-09-27","1","1 - CLEAR","YAMAHA","UNKNOWN (YAMAHA)","2009","1","2 - WORN, DAMAGED"
"19795975","WACO","2023-09-27","1","1 - CLEAR","HONDA","ACCORD (HONDA)","2014","0","97 - NOT APPLICABLE"
"19798046","OUTSIDE CITY LIMITS","2023-09-27","0","1 - CLEAR","YAMAHA","YZFR6 (YAMAHA)","2005","0","1 - NOT WORN"
"19798046","OUTSIDE CITY LIMITS","2023-09-27","0","1 - CLEAR","YAMAHA","YZFR6 (YAMAHA)","2005","0","2 - WORN, DAMAGED"
"19798427","WILLIS","2023-09-27","0","1 - CLEAR","HARLEY-DAVIDSON","UNKNOWN (HARLEY-DAVIDSON)","2002","0","1 - NOT WORN"
"19805691","OUTSIDE CITY LIMITS","2023-09-27","1","1 - CLEAR","HARLEY-DAVIDSON","FLSTSI (HARLEY-DAVIDSON)","2001","1","1 - NOT WORN"
"19805691","OUTSIDE CITY LIMITS","2023-09-27","1","1 - CLEAR","LINCOLN","MARK LT (LINCOLN)","2006","0","97 - NOT APPLICABLE"
"19805691","OUTSIDE CITY LIMITS","2023-09-27","1","1 - CLEAR","LINCOLN","MARK LT (LINCOLN)","2006","0","97 - NOT APPLICABLE"
"19782252","SAN ANTONIO","2023-09-28","0","1 - CLEAR","MERCURY","VILLAGER (MERCURY)","1996","0","97 - NOT APPLICABLE"
"19782252","SAN ANTONIO","2023-09-28","0","1 - CLEAR","SUZUKI","GSX (SUZUKI)","2017","0","4 - WORN, UNK DAMAGE"
"19783622","OUTSIDE CITY LIMITS","2023-09-28","0","1 - CLEAR","TRIUMPH MOTORCYCLE","T100 (TRIUMPH MOTORCYCLE)","2007","0","2 - WORN, DAMAGED"
"19785725","BAYTOWN","2023-09-28","0","1 - CLEAR","HARLEY-DAVIDSON","FLH (HARLEY-DAVIDSON)","2020","0","1 - NOT WORN"
"19787807","GLENN HEIGHTS","2023-09-28","0","1 - CLEAR","HONDA","CBR250 (HONDA)","2000","0","2 - WORN, DAMAGED"
"19787807","GLENN HEIGHTS","2023-09-28","0","1 - CLEAR","HYUNDAI","SANTA (HYUNDAI)","2021","0","97 - NOT APPLICABLE"
"19787807","GLENN HEIGHTS","2023-09-28","0","1 - CLEAR","HYUNDAI","SANTA (HYUNDAI)","2021","0","97 - NOT APPLICABLE"
"19787807","GLENN HEIGHTS","2023-09-28","0","1 - CLEAR","HYUNDAI","SANTA (HYUNDAI)","2021","0","97 - NOT APPLICABLE"
"19787807","GLENN HEIGHTS","2023-09-28","0","1 - CLEAR","HYUNDAI","SANTA (HYUNDAI)","2021","0","97 - NOT APPLICABLE"
"19788865","WICHITA FALLS","2023-09-28","0","1 - CLEAR","YAMAHA","XVS950 (YAMAHA)","2016","0","1 - NOT WORN"
"19789110","OUTSIDE CITY LIMITS","2023-09-28","1","1 - CLEAR","HONDA","CBR600 (HONDA)","2008","1","2 - WORN, DAMAGED"
"19790786","MIDLAND","2023-09-28","0","1 - CLEAR","SUZUKI","GSX (SUZUKI)","2009","0","2 - WORN, DAMAGED"
"19790786","MIDLAND","2023-09-28","0","1 - CLEAR","MAZDA","MAZDA3S (MAZDA)","2011","0","97 - NOT APPLICABLE"
"19790786","MIDLAND","2023-09-28","0","1 - CLEAR","MAZDA","MAZDA3S (MAZDA)","2011","0","97 - NOT APPLICABLE"
"19790863","BEDFORD","2023-09-28","1","1 - CLEAR","KENWORTH","UNKNOWN (KENWORTH)","2000","0","97 - NOT APPLICABLE"
"19790863","BEDFORD","2023-09-28","1","1 - CLEAR","HONDA","VF700 (HONDA)","1995","1","2 - WORN, DAMAGED"
"19804322","OUTSIDE CITY LIMITS","2023-09-28","0","1 - CLEAR","HONDA","CBR1000 (HONDA)","2008","0","4 - WORN, UNK DAMAGE"
"19804322","OUTSIDE CITY LIMITS","2023-09-28","0","1 - CLEAR","FORD","F350 (FORD)","2005","0","97 - NOT APPLICABLE"
"19804322","OUTSIDE CITY LIMITS","2023-09-28","0","1 - CLEAR","FORD","F350 (FORD)","2005","0","97 - NOT APPLICABLE"
"19806723","ALVARADO","2023-09-28","0","1 - CLEAR","YAMAHA","XJ700 (YAMAHA)","1982","0","4 - WORN, UNK DAMAGE"
"19808991","LA PORTE","2023-09-28","0","1 - CLEAR","HARLEY-DAVIDSON","FLHX (HARLEY-DAVIDSON)","2020","0","4 - WORN, UNK DAMAGE"
"19783619","SAN ANTONIO","2023-09-29","0","1 - CLEAR","UNKNOWN","UNKNOWN (UNKNOWN)","2002","0","1 - NOT WORN"
"19783619","SAN ANTONIO","2023-09-29","0","1 - CLEAR","UNKNOWN","UNKNOWN (UNKNOWN)","No Data","0","97 - NOT APPLICABLE"
"19783694","EL PASO","2023-09-29","0","1 - CLEAR","No Data","No Data","No Data","0","97 - NOT APPLICABLE"
"19783694","EL PASO","2023-09-29","0","1 - CLEAR","YAMAHA","RX50 (YAMAHA)","2003","0","4 - WORN, UNK DAMAGE"
"19783940","EL PASO","2023-09-29","1","1 - CLEAR","VOLKSWAGEN","TIGUAN (VOLKSWAGEN)","2021","0","97 - NOT APPLICABLE"
"19783940","EL PASO","2023-09-29","1","1 - CLEAR","YAMAHA","YZFR7 (YAMAHA)","2023","1","2 - WORN, DAMAGED"
"19786713","AUSTIN","2023-09-29","0","1 - CLEAR","TOYOTA","TUNDRA (TOYOTA)","2021","0","97 - NOT APPLICABLE"
"19786713","AUSTIN","2023-09-29","0","1 - CLEAR","TOYOTA","TUNDRA (TOYOTA)","2021","0","97 - NOT APPLICABLE"
"19786713","AUSTIN","2023-09-29","0","1 - CLEAR","YAMAHA","MT-01 (YAMAHA)","2020","0","2 - WORN, DAMAGED"
"19787748","BEE CAVE","2023-09-29","0","1 - CLEAR","NISSAN","PATHFINDER (NISSAN)","1997","0","97 - NOT APPLICABLE"
"19787748","BEE CAVE","2023-09-29","0","1 - CLEAR","HARLEY-DAVIDSON","FXFB (HARLEY-DAVIDSON)","2018","0","3 - WORN, NOT DAMAGED"
"19788631","STAFFORD","2023-09-29","0","1 - CLEAR","HARLEY-DAVIDSON","FLD (HARLEY-DAVIDSON)","2013","0","1 - NOT WORN"
"19788631","STAFFORD","2023-09-29","0","1 - CLEAR","HARLEY-DAVIDSON","FLD (HARLEY-DAVIDSON)","2013","0","1 - NOT WORN"
"19788942","BEAUMONT","2023-09-29","1","1 - CLEAR","HARLEY-DAVIDSON","FLH (HARLEY-DAVIDSON)","2013","1","1 - NOT WORN"
"19792078","JACKSONVILLE","2023-09-29","0","1 - CLEAR","FORD","F150 (FORD)","2006","0","97 - NOT APPLICABLE"
"19792078","JACKSONVILLE","2023-09-29","0","1 - CLEAR","FORD","F150 (FORD)","2006","0","97 - NOT APPLICABLE"
"19792078","JACKSONVILLE","2023-09-29","0","1 - CLEAR","FORD","F150 (FORD)","2006","0","97 - NOT APPLICABLE"
"19792078","JACKSONVILLE","2023-09-29","0","1 - CLEAR","HONDA","VT700 (HONDA)","2020","0","1 - NOT WORN"
"19795496","FREDERICKSBURG","2023-09-29","0","1 - CLEAR","HARLEY-DAVIDSON","ELW (HARLEY-DAVIDSON)","1996","0","1 - NOT WORN"
"19795496","FREDERICKSBURG","2023-09-29","0","1 - CLEAR","HONDA","ACCORD (HONDA)","2020","0","97 - NOT APPLICABLE"
"19795496","FREDERICKSBURG","2023-09-29","0","1 - CLEAR","HONDA","ACCORD (HONDA)","2020","0","97 - NOT APPLICABLE"
"19805235","OUTSIDE CITY LIMITS","2023-09-29","0","1 - CLEAR","HARLEY-DAVIDSON","FLSTFB (HARLEY-DAVIDSON)","2013","0","1 - NOT WORN"
"19805235","OUTSIDE CITY LIMITS","2023-09-29","0","1 - CLEAR","HARLEY-DAVIDSON","FLSTFB (HARLEY-DAVIDSON)","2013","0","1 - NOT WORN"
"19818319","OUTSIDE CITY LIMITS","2023-09-29","0","1 - CLEAR","HARLEY-DAVIDSON","FLTRXS (HARLEY-DAVIDSON)","2018","0","1 - NOT WORN"
"19784240","HURST","2023-09-30","0","1 - CLEAR","YAMAHA","MT03 (YAMAHA)","2021","0","2 - WORN, DAMAGED"
"19784240","HURST","2023-09-30","0","1 - CLEAR","TOYOTA","VENZA (TOYOTA)","2010","0","97 - NOT APPLICABLE"
"19784240","HURST","2023-09-30","0","1 - CLEAR","TOYOTA","VENZA (TOYOTA)","2010","0","97 - NOT APPLICABLE"
"19784693","EL PASO","2023-09-30","0","3 - RAIN","HARLEY-DAVIDSON","XL883 (HARLEY-DAVIDSON)","2002","0","1 - NOT WORN"
"19787548","OUTSIDE CITY LIMITS","2023-09-30","1","1 - CLEAR","VICTORY MOTORCYCLES","JACKPOT (VICTORY MOTORCYCLES)","2006","1","1 - NOT WORN"
"19787548","OUTSIDE CITY LIMITS","2023-09-30","1","1 - CLEAR","GMC","SIERRA (GMC)","2000","0","97 - NOT APPLICABLE"
"19787548","OUTSIDE CITY LIMITS","2023-09-30","1","1 - CLEAR","GMC","SIERRA (GMC)","2000","0","97 - NOT APPLICABLE"
"19787548","OUTSIDE CITY LIMITS","2023-09-30","1","1 - CLEAR","GMC","SIERRA (GMC)","2000","0","97 - NOT APPLICABLE"
"19787548","OUTSIDE CITY LIMITS","2023-09-30","1","1 - CLEAR","GMC","SIERRA (GMC)","2000","0","97 - NOT APPLICABLE"
"19788800","OUTSIDE CITY LIMITS","2023-09-30","0","1 - CLEAR","TRIUMPH MOTORCYCLE","UNKNOWN (TRIUMPH MOTORCYCLE)","2022","0","1 - NOT WORN"
"19788800","OUTSIDE CITY LIMITS","2023-09-30","0","1 - CLEAR","TRIUMPH MOTORCYCLE","UNKNOWN (TRIUMPH MOTORCYCLE)","2022","0","1 - NOT WORN"
"19789105","LUBBOCK","2023-09-30","0","1 - CLEAR","FORD","ESCAPE (FORD)","2012","0","97 - NOT APPLICABLE"
"19789105","LUBBOCK","2023-09-30","0","1 - CLEAR","FORD","ESCAPE (FORD)","2012","0","97 - NOT APPLICABLE"
"19789105","LUBBOCK","2023-09-30","0","1 - CLEAR","HARLEY-DAVIDSON","FLH (HARLEY-DAVIDSON)","2007","0","1 - NOT WORN"
"19789309","OUTSIDE CITY LIMITS","2023-09-30","0","1 - CLEAR","HONDA","TRX420 (HONDA)","2014","0","1 - NOT WORN"
"19789309","OUTSIDE CITY LIMITS","2023-09-30","0","1 - CLEAR","HONDA","TRX420 (HONDA)","2014","0","1 - NOT WORN"
"19789309","OUTSIDE CITY LIMITS","2023-09-30","0","1 - CLEAR","HOMEMADE VEHICLE","UNKNOWN (HOMEMADE VEHICLE)","No Data","0","97 - NOT APPLICABLE"
"19789309","OUTSIDE CITY LIMITS","2023-09-30","0","1 - CLEAR","HOMEMADE VEHICLE","UNKNOWN (HOMEMADE VEHICLE)","No Data","0","97 - NOT APPLICABLE"
"19789309","OUTSIDE CITY LIMITS","2023-09-30","0","1 - CLEAR","HOMEMADE VEHICLE","UNKNOWN (HOMEMADE VEHICLE)","No Data","0","97 - NOT APPLICABLE"
"19790303","OUTSIDE CITY LIMITS","2023-09-30","0","1 - CLEAR","HARLEY-DAVIDSON","FLT (HARLEY-DAVIDSON)","2018","0","2 - WORN, DAMAGED"
"19790809","LA MARQUE","2023-09-30","0","1 - CLEAR","HARLEY-DAVIDSON","FLH (HARLEY-DAVIDSON)","2001","0","1 - NOT WORN"
"19793266","OUTSIDE CITY LIMITS","2023-09-30","0","1 - CLEAR","HONDA","CBR600 (HONDA)","2000","0","2 - WORN, DAMAGED"
"19793266","OUTSIDE CITY LIMITS","2023-09-30","0","1 - CLEAR","CHEVROLET","C1500 SUBURBAN (CHEVROLET)","1999","0","97 - NOT APPLICABLE"
"19793266","OUTSIDE CITY LIMITS","2023-09-30","0","1 - CLEAR","CHEVROLET","C1500 SUBURBAN (CHEVROLET)","1999","0","97 - NOT APPLICABLE"
"19793266","OUTSIDE CITY LIMITS","2023-09-30","0","1 - CLEAR","CHEVROLET","C1500 SUBURBAN (CHEVROLET)","1999","0","97 - NOT APPLICABLE"
"19793670","OUTSIDE CITY LIMITS","2023-09-30","0","1 - CLEAR","HYUNDAI","SANTA FE (HYUNDAI)","2022","0","97 - NOT APPLICABLE"
"19793670","OUTSIDE CITY LIMITS","2023-09-30","0","1 - CLEAR","HARLEY-DAVIDSON","FLH80 (HARLEY-DAVIDSON)","2016","0","2 - WORN, DAMAGED"
"19795440","GARLAND","2023-09-30","0","1 - CLEAR","SUZUKI","VL1500 (SUZUKI)","2000","0","3 - WORN, NOT DAMAGED"
"19795440","GARLAND","2023-09-30","0","1 - CLEAR","FORD","FOCUS (FORD)","2010","0","97 - NOT APPLICABLE"
"19795440","GARLAND","2023-09-30","0","1 - CLEAR","GMC","ACADIA (GMC)","2019","0","97 - NOT APPLICABLE"
"19795725","WACO","2023-09-30","0","1 - CLEAR","KAWASAKI","ZX600 (KAWASAKI)","2021","0","99 - UNKNOWN IF WORN"
"19795725","WACO","2023-09-30","0","1 - CLEAR","SUZUKI","UNKNOWN (SUZUKI)","2002","0","3 - WORN, NOT DAMAGED"
"19801198","OUTSIDE CITY LIMITS","2023-09-30","0","1 - CLEAR","CHEVROLET","TAHOE (CHEVROLET)","2020","0","97 - NOT APPLICABLE"
"19801198","OUTSIDE CITY LIMITS","2023-09-30","0","1 - CLEAR","HARLEY-DAVIDSON","UNKNOWN (HARLEY-DAVIDSON)","2017","0","4 - WORN, UNK DAMAGE"
"19801198","OUTSIDE CITY LIMITS","2023-09-30","0","1 - CLEAR","HARLEY-DAVIDSON","UNKNOWN (HARLEY-DAVIDSON)","2017","0","4 - WORN, UNK DAMAGE"
"19804687","OUTSIDE CITY LIMITS","2023-09-30","1","1 - CLEAR","APRILIA","DORSODURO (APRILIA)","2018","1","2 - WORN, DAMAGED"
"19806506","FORT WORTH","2023-09-30","0","1 - CLEAR","HONDA","CIVIC (HONDA)","2023","0","97 - NOT APPLICABLE"
"19806506","FORT WORTH","2023-09-30","0","1 - CLEAR","KAWASAKI","EX400 (KAWASAKI)","2023","0","2 - WORN, DAMAGED"
"19808699","BRYAN","2023-09-30","0","1 - CLEAR","KAWASAKI","ER650 (KAWASAKI)","2022","0","1 - NOT WORN"
"19810628","WINK","2023-09-30","0","1 - CLEAR","YAMAHA","YZ450 (YAMAHA)","2019","0","1 - NOT WORN"
"19810628","WINK","2023-09-30","0","1 - CLEAR","YAMAHA","YZ250 (YAMAHA)","2002","0","1 - NOT WORN"
"19812417","OUTSIDE CITY LIMITS","2023-09-30","0","1 - CLEAR","HARLEY-DAVIDSON","FLHR (HARLEY-DAVIDSON)","2013","0","2 - WORN, DAMAGED"
"19812417","OUTSIDE CITY LIMITS","2023-09-30","0","1 - CLEAR","HARLEY-DAVIDSON","FLT (HARLEY-DAVIDSON)","2023","0","99 - UNKNOWN IF WORN"
"19812417","OUTSIDE CITY LIMITS","2023-09-30","0","1 - CLEAR","HARLEY-DAVIDSON","FLT (HARLEY-DAVIDSON)","2023","0","99 - UNKNOWN IF WORN"
"19812417","OUTSIDE CITY LIMITS","2023-09-30","0","1 - CLEAR","HARLEY-DAVIDSON","FLT (HARLEY-DAVIDSON)","2023","0","99 - UNKNOWN IF WORN"
"19812944","OUTSIDE CITY LIMITS","2023-09-30","0","1 - CLEAR","HARLEY-DAVIDSON","FLHTCU (HARLEY-DAVIDSON)","2007","0","1 - NOT WORN"
"19812944","OUTSIDE CITY LIMITS","2023-09-30","0","1 - CLEAR","HARLEY-DAVIDSON","FLHTCU (HARLEY-DAVIDSON)","2007","0","3 - WORN, NOT DAMAGED"
"19813974","OUTSIDE CITY LIMITS","2023-09-30","0","1 - CLEAR","HARLEY-DAVIDSON","FLHC (HARLEY-DAVIDSON)","2020","0","1 - NOT WORN"
"19813974","OUTSIDE CITY LIMITS","2023-09-30","0","1 - CLEAR","HARLEY-DAVIDSON","FLHC (HARLEY-DAVIDSON)","2020","0","1 - NOT WORN"
"19820654","MIDLAND","2023-09-30","0","1 - CLEAR","NISSAN","ALTIMA (NISSAN)","2017","0","97 - NOT APPLICABLE"
"19820654","MIDLAND","2023-09-30","0","1 - CLEAR","SUZUKI","GSX (SUZUKI)","2003","0","1 - NOT WORN"
"19820654","MIDLAND","2023-09-30","0","1 - CLEAR","UNKNOWN","UNKNOWN (UNKNOWN)","No Data","0","97 - NOT APPLICABLE"
"19784788","OUTSIDE CITY LIMITS","2023-10-01","0","1 - CLEAR","HARLEY-DAVIDSON","ELW (HARLEY-DAVIDSON)","2013","0","4 - WORN, UNK DAMAGE"
"19785896","OUTSIDE CITY LIMITS","2023-10-01","1","1 - CLEAR","HONDA","CBR600 (HONDA)","2005","1","2 - WORN, DAMAGED"
"19786533","IRVING","2023-10-01","0","1 - CLEAR","HONDA","VT1100 (HONDA)","2012","0","2 - WORN, DAMAGED"
"19786536","OUTSIDE CITY LIMITS","2023-10-01","0","2 - CLOUDY","HARLEY-DAVIDSON","UNKNOWN (HARLEY-DAVIDSON)","2021","0","2 - WORN, DAMAGED"
"19788002","OUTSIDE CITY LIMITS","2023-10-01","1","1 - CLEAR","YAMAHA","FZR1000 (YAMAHA)","2015","1","2 - WORN, DAMAGED"
"19788002","OUTSIDE CITY LIMITS","2023-10-01","1","1 - CLEAR","HYUNDAI","SANTA FE (HYUNDAI)","2017","0","97 - NOT APPLICABLE"
"19788968","ANNETTA NORTH","2023-10-01","0","1 - CLEAR","BMW","S 1000 (BMW)","2016","0","2 - WORN, DAMAGED"
"19789323","OUTSIDE CITY LIMITS","2023-10-01","0","1 - CLEAR","HONDA","CBR900 (HONDA)","2002","0","2 - WORN, DAMAGED"
"19789323","OUTSIDE CITY LIMITS","2023-10-01","0","1 - CLEAR","HYUNDAI","SONATA (HYUNDAI)","2014","0","97 - NOT APPLICABLE"
"19789339","LUBBOCK","2023-10-01","0","1 - CLEAR","CHEVROLET","SILVERADO C2500 (CHEVROLET)","2016","0","97 - NOT APPLICABLE"
"19789339","LUBBOCK","2023-10-01","0","1 - CLEAR","CHEVROLET","SILVERADO C2500 (CHEVROLET)","2016","0","97 - NOT APPLICABLE"
"19789339","LUBBOCK","2023-10-01","0","1 - CLEAR","HARLEY-DAVIDSON","FXB (HARLEY-DAVIDSON)","2019","0","1 - NOT WORN"
"19794580","OUTSIDE CITY LIMITS","2023-10-01","0","2 - CLOUDY","FREIGHTLINER","CASCADIA 113 (FREIGHTLINER)","2016","0","97 - NOT APPLICABLE"
"19794580","OUTSIDE CITY LIMITS","2023-10-01","0","2 - CLOUDY","SUZUKI","GSX-R1000 (SUZUKI)","2023","0","2 - WORN, DAMAGED"
"19795627","GARLAND","2023-10-01","0","1 - CLEAR","HONDA","VT1100 (HONDA)","1996","0","2 - WORN, DAMAGED"
"19800030","ARCOLA","2023-10-01","0","1 - CLEAR","HARLEY-DAVIDSON","FXFBS (HARLEY-DAVIDSON)","2014","0","1 - NOT WORN"
"19804995","HILLSBORO","2023-10-01","0","1 - CLEAR","CHEVROLET","TRAILBLAZER (CHEVROLET)","2003","0","97 - NOT APPLICABLE"
"19804995","HILLSBORO","2023-10-01","0","1 - CLEAR","CHEVROLET","TRAILBLAZER (CHEVROLET)","2003","0","97 - NOT APPLICABLE"
"19804995","HILLSBORO","2023-10-01","0","1 - CLEAR","CHEVROLET","TRAILBLAZER (CHEVROLET)","2003","0","97 - NOT APPLICABLE"
"19804995","HILLSBORO","2023-10-01","0","1 - CLEAR","BMW","UNKNOWN (BMW)","2016","0","4 - WORN, UNK DAMAGE"
"19806369","OUTSIDE CITY LIMITS","2023-10-01","1","1 - CLEAR","HARLEY-DAVIDSON","FXD (HARLEY-DAVIDSON)","2016","1","1 - NOT WORN"
"19811076","EL PASO","2023-10-01","0","1 - CLEAR","TOYOTA","COROLLA (TOYOTA)","2005","0","97 - NOT APPLICABLE"
"19811076","EL PASO","2023-10-01","0","1 - CLEAR","HONDA","SH150 (HONDA)","2002","0","4 - WORN, UNK DAMAGE"
"19811916","KATY","2023-10-01","1","1 - CLEAR","SUZUKI","UNKNOWN (SUZUKI)","2011","1","1 - NOT WORN"
"19826655","HOUSTON","2023-10-01","2","1 - CLEAR","YAMAHA","YZFR1 (YAMAHA)","2021","1","2 - WORN, DAMAGED"
"19826655","HOUSTON","2023-10-01","2","1 - CLEAR","YAMAHA","YZFR1 (YAMAHA)","2021","1","2 - WORN, DAMAGED"
"19827822","OUTSIDE CITY LIMITS","2023-10-01","0","1 - CLEAR","TOYOTA","COROLLA (TOYOTA)","2014","0","97 - NOT APPLICABLE"
"19827822","OUTSIDE CITY LIMITS","2023-10-01","0","1 - CLEAR","HYOSUNG","GT250 (HYOSUNG)","2016","0","4 - WORN, UNK DAMAGE"
"19787545","SAN ANTONIO","2023-10-02","0","1 - CLEAR","HARLEY-DAVIDSON","FLT (HARLEY-DAVIDSON)","2018","0","2 - WORN, DAMAGED"
"19788278","HUNTSVILLE","2023-10-02","0","1 - CLEAR","HONDA","HR-V (HONDA)","2016","0","97 - NOT APPLICABLE"
"19788278","HUNTSVILLE","2023-10-02","0","1 - CLEAR","CAN-AM","RYKER (CAN-AM)","2020","0","2 - WORN, DAMAGED"
"19788278","HUNTSVILLE","2023-10-02","0","1 - CLEAR","CHEVROLET","CRUZE (CHEVROLET)","2016","0","97 - NOT APPLICABLE"
"19788278","HUNTSVILLE","2023-10-02","0","1 - CLEAR","FORD","EXPLORER (FORD)","2001","0","97 - NOT APPLICABLE"
"19789871","MISSOURI CITY","2023-10-02","0","1 - CLEAR","HONDA","CB900 (HONDA)","2004","0","4 - WORN, UNK DAMAGE"
"19790291","MANSFIELD","2023-10-02","0","1 - CLEAR","VOLVO","S80 (VOLVO)","2006","0","97 - NOT APPLICABLE"
"19790291","MANSFIELD","2023-10-02","0","1 - CLEAR","TOYOTA","TACOMA (TOYOTA)","2002","0","97 - NOT APPLICABLE"
"19790291","MANSFIELD","2023-10-02","0","1 - CLEAR","HONDA","UNKNOWN (HONDA)","2013","0","2 - WORN, DAMAGED"
"19791087","FORT WORTH","2023-10-02","1","1 - CLEAR","YAMAHA","YZF1000 (YAMAHA)","2022","1","2 - WORN, DAMAGED"
"19791087","FORT WORTH","2023-10-02","1","1 - CLEAR","HONDA","UNKNOWN (HONDA)","2012","0","2 - WORN, DAMAGED"
"19791087","FORT WORTH","2023-10-02","1","1 - CLEAR","DODGE","RAM 1500 (DODGE)","2019","0","97 - NOT APPLICABLE"
"19791331","CORPUS CHRISTI","2023-10-02","0","2 - CLOUDY","KAWASAKI","ZX900 (KAWASAKI)","2000","0","2 - WORN, DAMAGED"
"19791331","CORPUS CHRISTI","2023-10-02","0","2 - CLOUDY","VOLKSWAGEN","JETTA (VOLKSWAGEN)","2020","0","97 - NOT APPLICABLE"
"19801551","HOUSTON","2023-10-02","0","1 - CLEAR","HARLEY-DAVIDSON","UNKNOWN (HARLEY-DAVIDSON)","2023","0","2 - WORN, DAMAGED"
"19810807","OUTSIDE CITY LIMITS","2023-10-02","0","1 - CLEAR","HARLEY-DAVIDSON","FLHTCU (HARLEY-DAVIDSON)","2019","0","2 - WORN, DAMAGED"
"19810807","OUTSIDE CITY LIMITS","2023-10-02","0","1 - CLEAR","DODGE","RAM 2500 (DODGE)","2007","0","97 - NOT APPLICABLE"
"19817056","OUTSIDE CITY LIMITS","2023-10-02","1","1 - CLEAR","HONDA","VTX1300 (HONDA)","2004","1","1 - NOT WORN"
"19824944","LATEXO","2023-10-02","0","1 - CLEAR","YAMAHA","UNKNOWN (YAMAHA)","2006","0","1 - NOT WORN"
"19824944","LATEXO","2023-10-02","0","1 - CLEAR","YAMAHA","UNKNOWN (YAMAHA)","2006","0","1 - NOT WORN"
"19792444","MESQUITE","2023-10-03","1","1 - CLEAR","HARLEY-DAVIDSON","XL1200 (HARLEY-DAVIDSON)","2008","1","1 - NOT WORN"
"19792444","MESQUITE","2023-10-03","1","1 - CLEAR","HONDA","ACCORD (HONDA)","2003","0","97 - NOT APPLICABLE"
"19797737","MANOR","2023-10-03","0","1 - CLEAR","SUZUKI","VL800 (SUZUKI)","2008","0","2 - WORN, DAMAGED"
"19797737","MANOR","2023-10-03","0","1 - CLEAR","SUZUKI","VL800 (SUZUKI)","2008","0","2 - WORN, DAMAGED"
"19805906","BRIDGE CITY","2023-10-03","0","1 - CLEAR","SUZUKI","GSX1300 (SUZUKI)","2014","0","2 - WORN, DAMAGED"
"19805906","BRIDGE CITY","2023-10-03","0","1 - CLEAR","WHITE/GMC","UNKNOWN (WHITE/GMC)","1994","0","97 - NOT APPLICABLE"
"19792885","STEPHENVILLE","2023-10-04","0","1 - CLEAR","HONDA","CBR650 (HONDA)","2000","0","2 - WORN, DAMAGED"
"19792885","STEPHENVILLE","2023-10-04","0","1 - CLEAR","GMC","SIERRA C1500 (GMC)","2010","0","97 - NOT APPLICABLE"
"19793915","SEGUIN","2023-10-04","0","1 - CLEAR","YAMAHA","XV1700 (YAMAHA)","2007","0","1 - NOT WORN"
"19793915","SEGUIN","2023-10-04","0","1 - CLEAR","CHEVROLET","SILVERADO C1500 (CHEVROLET)","2020","0","97 - NOT APPLICABLE"
"19796662","RENO (PARKER, TARRANT)","2023-10-04","0","1 - CLEAR","CHEVROLET","3500HD (CHEVROLET)","2022","0","97 - NOT APPLICABLE"
"19796662","RENO (PARKER, TARRANT)","2023-10-04","0","1 - CLEAR","CHEVROLET","3500HD (CHEVROLET)","2022","0","97 - NOT APPLICABLE"
"19796662","RENO (PARKER, TARRANT)","2023-10-04","0","1 - CLEAR","YAMAHA","UNKNOWN (YAMAHA)","1996","0","1 - NOT WORN"
"19801067","OUTSIDE CITY LIMITS","2023-10-04","0","1 - CLEAR","KIA","FORTE (KIA)","2017","0","97 - NOT APPLICABLE"
"19801067","OUTSIDE CITY LIMITS","2023-10-04","0","1 - CLEAR","HARLEY-DAVIDSON","FXD (HARLEY-DAVIDSON)","2011","0","1 - NOT WORN"
"19801166","SEAGOVILLE","2023-10-04","0","1 - CLEAR","ALL OTHER MAKES","UNKNOWN (ALL OTHER MAKES)","2005","0","1 - NOT WORN"
"19814252","FORT WORTH","2023-10-04","0","2 - CLOUDY","NISSAN","ROGUE (NISSAN)","2020","0","97 - NOT APPLICABLE"
"19814252","FORT WORTH","2023-10-04","0","2 - CLOUDY","NISSAN","ROGUE (NISSAN)","2020","0","97 - NOT APPLICABLE"
"19814252","FORT WORTH","2023-10-04","0","2 - CLOUDY","YAMAHA","YZF600 (YAMAHA)","2021","0","2 - WORN, DAMAGED"
"19796135","ALLEN","2023-10-05","0","2 - CLOUDY","FORD","FOCUS (FORD)","2014","0","97 - NOT APPLICABLE"
"19796135","ALLEN","2023-10-05","0","2 - CLOUDY","HONDA","CMX300 (HONDA)","2021","0","2 - WORN, DAMAGED"
"19798886","WACO","2023-10-05","0","1 - CLEAR","CHEVROLET","EQUINOX (CHEVROLET)","2020","0","97 - NOT APPLICABLE"
"19798886","WACO","2023-10-05","0","1 - CLEAR","ALL OTHER MAKES","UNKNOWN (ALL OTHER MAKES)","2023","0","2 - WORN, DAMAGED"
"19798886","WACO","2023-10-05","0","1 - CLEAR","JEEP","PATRIOT (JEEP)","2015","0","97 - NOT APPLICABLE"
"19799955","LEWISVILLE","2023-10-05","0","1 - CLEAR","HARLEY-DAVIDSON","UNKNOWN (HARLEY-DAVIDSON)","2015","0","1 - NOT WORN"
"19800198","OUTSIDE CITY LIMITS","2023-10-05","0","1 - CLEAR","ALL OTHER MAKES","UNKNOWN (ALL OTHER MAKES)","2022","0","1 - NOT WORN"
"19800198","OUTSIDE CITY LIMITS","2023-10-05","0","1 - CLEAR","ALL OTHER MAKES","UNKNOWN (ALL OTHER MAKES)","2022","0","1 - NOT WORN"
"19800731","EL PASO","2023-10-05","0","1 - CLEAR","CHEVROLET","SILVERADO (CHEVROLET)","2021","0","97 - NOT APPLICABLE"
"19800731","EL PASO","2023-10-05","0","1 - CLEAR","UNKNOWN","UNKNOWN (UNKNOWN)","2022","0","2 - WORN, DAMAGED"
"19804046","GRANBURY","2023-10-05","0","1 - CLEAR","CHEVROLET","MALIBU (CHEVROLET)","2017","0","97 - NOT APPLICABLE"
"19804046","GRANBURY","2023-10-05","0","1 - CLEAR","YAMAHA","UNKNOWN (YAMAHA)","2003","0","1 - NOT WORN"
"19804415","BIG SPRING","2023-10-05","0","1 - CLEAR","HONDA","UNKNOWN (HONDA)","2005","0","1 - NOT WORN"
"19804415","BIG SPRING","2023-10-05","0","1 - CLEAR","HONDA","UNKNOWN (HONDA)","2005","0","1 - NOT WORN"
"19804662","LUCAS","2023-10-05","1","1 - CLEAR","LEXUS","ES 350 (LEXUS)","2014","0","97 - NOT APPLICABLE"
"19804662","LUCAS","2023-10-05","1","1 - CLEAR","HARLEY-DAVIDSON","FLHRXS (HARLEY-DAVIDSON)","2022","1","4 - WORN, UNK DAMAGE"
"19807933","BRYAN","2023-10-05","0","2 - CLOUDY","SUZUKI","VZ800 (SUZUKI)","1997","0","1 - NOT WORN"
"19818948","FORT WORTH","2023-10-05","0","1 - CLEAR","SUZUKI","GSX750 (SUZUKI)","2009","0","99 - UNKNOWN IF WORN"
"19818948","FORT WORTH","2023-10-05","0","1 - CLEAR","SUZUKI","GSX750 (SUZUKI)","2009","0","99 - UNKNOWN IF WORN"
"19844289","HOUSTON","2023-10-05","1","1 - CLEAR","YAMAHA","XV1600 (YAMAHA)","2002","0","1 - NOT WORN"
"19844289","HOUSTON","2023-10-05","1","1 - CLEAR","YAMAHA","XV1600 (YAMAHA)","2002","1","1 - NOT WORN"
"19799438","BEDFORD","2023-10-06","0","1 - CLEAR","HARLEY-DAVIDSON","UNKNOWN (HARLEY-DAVIDSON)","2015","0","1 - NOT WORN"
"19799561","ROWLETT","2023-10-06","0","1 - CLEAR","HARLEY-DAVIDSON","FLD (HARLEY-DAVIDSON)","2008","0","1 - NOT WORN"
"19799561","ROWLETT","2023-10-06","0","1 - CLEAR","ACURA","MDX (ACURA)","2010","0","97 - NOT APPLICABLE"
"19808835","HOUSTON","2023-10-06","0","1 - CLEAR","HYUNDAI","ELANTRA (HYUNDAI)","2020","0","97 - NOT APPLICABLE"
"19808835","HOUSTON","2023-10-06","0","1 - CLEAR","YAMAHA","UNKNOWN (YAMAHA)","2006","0","2 - WORN, DAMAGED"
"19809694","EL PASO","2023-10-06","0","1 - CLEAR","HARLEY-DAVIDSON","XL1200 (HARLEY-DAVIDSON)","2008","0","4 - WORN, UNK DAMAGE"
"19809694","EL PASO","2023-10-06","0","1 - CLEAR","CHEVROLET","TRAVERSE (CHEVROLET)","2019","0","97 - NOT APPLICABLE"
"19809694","EL PASO","2023-10-06","0","1 - CLEAR","CHEVROLET","TRAVERSE (CHEVROLET)","2019","0","97 - NOT APPLICABLE"
"19809694","EL PASO","2023-10-06","0","1 - CLEAR","CHEVROLET","TRAVERSE (CHEVROLET)","2019","0","97 - NOT APPLICABLE"
"19817050","TYLER","2023-10-06","1","1 - CLEAR","KAWASAKI","NINJA ZX (KAWASAKI)","2016","1","1 - NOT WORN"
"19799128","OUTSIDE CITY LIMITS","2023-10-07","1","1 - CLEAR","HARLEY-DAVIDSON","XLH1200 (HARLEY-DAVIDSON)","2012","1","3 - WORN, NOT DAMAGED"
"19799128","OUTSIDE CITY LIMITS","2023-10-07","1","1 - CLEAR","KAWASAKI","ZL600 (KAWASAKI)","1986","0","3 - WORN, NOT DAMAGED"
"19799492","AUSTIN","2023-10-07","0","1 - CLEAR","TOYOTA","COROLLA (TOYOTA)","2014","0","97 - NOT APPLICABLE"
"19799492","AUSTIN","2023-10-07","0","1 - CLEAR","YAMAHA","YZF1000 (YAMAHA)","2001","0","2 - WORN, DAMAGED"
"19799755","TEXARKANA","2023-10-07","0","1 - CLEAR","SUZUKI","UNKNOWN (SUZUKI)","2017","0","1 - NOT WORN"
"19799755","TEXARKANA","2023-10-07","0","1 - CLEAR","NISSAN","TITAN (NISSAN)","2017","0","97 - NOT APPLICABLE"
"19799755","TEXARKANA","2023-10-07","0","1 - CLEAR","NISSAN","TITAN (NISSAN)","2017","0","97 - NOT APPLICABLE"
"19800981","OUTSIDE CITY LIMITS","2023-10-07","1","1 - CLEAR","HARLEY-DAVIDSON","FLH (HARLEY-DAVIDSON)","2015","1","2 - WORN, DAMAGED"
"19800981","OUTSIDE CITY LIMITS","2023-10-07","1","1 - CLEAR","NISSAN","PATHFINDER (NISSAN)","2023","0","97 - NOT APPLICABLE"
"19800981","OUTSIDE CITY LIMITS","2023-10-07","1","1 - CLEAR","NISSAN","PATHFINDER (NISSAN)","2023","0","97 - NOT APPLICABLE"
"19801615","HOUSTON","2023-10-07","0","1 - CLEAR","KAWASAKI","ZX600 (KAWASAKI)","2023","0","3 - WORN, NOT DAMAGED"
"19801615","HOUSTON","2023-10-07","0","1 - CLEAR","TOYOTA","RAV4 (TOYOTA)","2016","0","97 - NOT APPLICABLE"
"19801615","HOUSTON","2023-10-07","0","1 - CLEAR","TOYOTA","RAV4 (TOYOTA)","2016","0","97 - NOT APPLICABLE"
"19803202","LANCASTER","2023-10-07","0","1 - CLEAR","GMC","ACADIA (GMC)","2016","0","97 - NOT APPLICABLE"
"19803202","LANCASTER","2023-10-07","0","1 - CLEAR","GMC","ACADIA (GMC)","2016","0","97 - NOT APPLICABLE"
"19803202","LANCASTER","2023-10-07","0","1 - CLEAR","KAWASAKI","VN1500 (KAWASAKI)","2004","0","3 - WORN, NOT DAMAGED"
"19803290","OUTSIDE CITY LIMITS","2023-10-07","0","1 - CLEAR","HARLEY-DAVIDSON","FLHX (HARLEY-DAVIDSON)","2013","0","2 - WORN, DAMAGED"
"19803290","OUTSIDE CITY LIMITS","2023-10-07","0","1 - CLEAR","GMC","SIERRA (GMC)","2022","0","97 - NOT APPLICABLE"
"19803290","OUTSIDE CITY LIMITS","2023-10-07","0","1 - CLEAR","GMC","SIERRA (GMC)","2022","0","97 - NOT APPLICABLE"
"19803676","PLANO","2023-10-07","0","1 - CLEAR","HONDA","CBR600 (HONDA)","2008","0","4 - WORN, UNK DAMAGE"
"19804881","OUTSIDE CITY LIMITS","2023-10-07","0","1 - CLEAR","HARLEY-DAVIDSON","FLTR (HARLEY-DAVIDSON)","2022","0","1 - NOT WORN"
"19805252","IRVING","2023-10-07","0","1 - CLEAR","KAWASAKI","VN900 (KAWASAKI)","2008","0","2 - WORN, DAMAGED"
"19806835","OUTSIDE CITY LIMITS","2023-10-07","1","1 - CLEAR","SUZUKI","GS650 (SUZUKI)","2008","1","4 - WORN, UNK DAMAGE"
"19807008","GONZALES","2023-10-07","0","1 - CLEAR","FIAT","500 POP (FIAT)","2013","0","97 - NOT APPLICABLE"
"19807008","GONZALES","2023-10-07","0","1 - CLEAR","HARLEY-DAVIDSON","FLSTF (HARLEY-DAVIDSON)","2013","0","3 - WORN, NOT DAMAGED"
"19807008","GONZALES","2023-10-07","0","1 - CLEAR","HARLEY-DAVIDSON","FLSTF (HARLEY-DAVIDSON)","2013","0","3 - WORN, NOT DAMAGED"
"19812997","WESTLAKE","2023-10-07","1","1 - CLEAR","SUZUKI","SV650 (SUZUKI)","2005","1","2 - WORN, DAMAGED"
"19812997","WESTLAKE","2023-10-07","1","1 - CLEAR","VOLKSWAGEN","JETTA (VOLKSWAGEN)","2019","0","97 - NOT APPLICABLE"
"19813635","OUTSIDE CITY LIMITS","2023-10-07","0","1 - CLEAR","HONDA","VT1100 (HONDA)","2023","0","4 - WORN, UNK DAMAGE"
"19816488","DENISON","2023-10-07","0","1 - CLEAR","No Data","No Data","No Data","0","97 - NOT APPLICABLE"
"19816488","DENISON","2023-10-07","0","1 - CLEAR","HARLEY-DAVIDSON","UNKNOWN (HARLEY-DAVIDSON)","2011","0","2 - WORN, DAMAGED"
"19816488","DENISON","2023-10-07","0","1 - CLEAR","HARLEY-DAVIDSON","UNKNOWN (HARLEY-DAVIDSON)","2011","0","2 - WORN, DAMAGED"
"19816489","ROCKPORT","2023-10-07","0","1 - CLEAR","YAMAHA","UNKNOWN (YAMAHA)","2005","0","1 - NOT WORN"
"19816489","ROCKPORT","2023-10-07","0","1 - CLEAR","HYUNDAI","SONATA (HYUNDAI)","2006","0","97 - NOT APPLICABLE"
"19855850","OUTSIDE CITY LIMITS","2023-10-07","0","1 - CLEAR","YAMAHA","UNKNOWN (YAMAHA)","2011","0","2 - WORN, DAMAGED"
"19799502","AUSTIN","2023-10-08","0","1 - CLEAR","KAWASAKI","NINJA ZX (KAWASAKI)","2009","0","1 - NOT WORN"
"19799502","AUSTIN","2023-10-08","0","1 - CLEAR","UNKNOWN","UNKNOWN (UNKNOWN)","2000","0","97 - NOT APPLICABLE"
"19799549","EL PASO","2023-10-08","1","1 - CLEAR","KIA","SPORTAGE (KIA)","2022","0","97 - NOT APPLICABLE"
"19799549","EL PASO","2023-10-08","1","1 - CLEAR","KIA","SPORTAGE (KIA)","2022","0","97 - NOT APPLICABLE"
"19799549","EL PASO","2023-10-08","1","1 - CLEAR","KIA","SPORTAGE (KIA)","2022","0","97 - NOT APPLICABLE"
"19799549","EL PASO","2023-10-08","1","1 - CLEAR","HONDA","VT700 (HONDA)","2004","1","1 - NOT WORN"
"19802767","SAN ANTONIO","2023-10-08","0","1 - CLEAR","KAWASAKI","ZX600 (KAWASAKI)","2019","0","1 - NOT WORN"
"19803006","OUTSIDE CITY LIMITS","2023-10-08","0","1 - CLEAR","CHEVROLET","SILVERADO C2500 (CHEVROLET)","2019","0","97 - NOT APPLICABLE"
"19803006","OUTSIDE CITY LIMITS","2023-10-08","0","1 - CLEAR","CHEVROLET","SILVERADO C2500 (CHEVROLET)","2019","0","97 - NOT APPLICABLE"
"19803006","OUTSIDE CITY LIMITS","2023-10-08","0","1 - CLEAR","HARLEY-DAVIDSON","UNKNOWN (HARLEY-DAVIDSON)","2013","0","1 - NOT WORN"
"19803006","OUTSIDE CITY LIMITS","2023-10-08","0","1 - CLEAR","HARLEY-DAVIDSON","UNKNOWN (HARLEY-DAVIDSON)","2013","0","1 - NOT WORN"
"19804651","MCALLEN","2023-10-08","0","1 - CLEAR","KAWASAKI","ZX1000 (KAWASAKI)","2010","0","2 - WORN, DAMAGED"
"19807223","OUTSIDE CITY LIMITS","2023-10-08","0","1 - CLEAR","BMW","S 1000 (BMW)","2022","0","2 - WORN, DAMAGED"
"19810075","OUTSIDE CITY LIMITS","2023-10-08","0","1 - CLEAR","HONDA","GL1800 (HONDA)","2019","0","3 - WORN, NOT DAMAGED"
"19810924","CARROLLTON","2023-10-08","0","1 - CLEAR","VICTORY MOTORCYCLES","CROSS COUNTRY (VICTORY MOTORCYCLES)","2012","0","2 - WORN, DAMAGED"
"19811873","ANNETTA NORTH","2023-10-08","0","1 - CLEAR","HARLEY-DAVIDSON","FXS (HARLEY-DAVIDSON)","2008","0","2 - WORN, DAMAGED"
"19812637","FORT WORTH","2023-10-08","0","1 - CLEAR","KAWASAKI","ZX600 (KAWASAKI)","2009","0","2 - WORN, DAMAGED"
"19818694","LAKE DALLAS","2023-10-08","0","1 - CLEAR","HARLEY-DAVIDSON","ELW (HARLEY-DAVIDSON)","2011","0","1 - NOT WORN"
"19818694","LAKE DALLAS","2023-10-08","0","1 - CLEAR","HARLEY-DAVIDSON","ELW (HARLEY-DAVIDSON)","2011","0","1 - NOT WORN"
"19822899","OUTSIDE CITY LIMITS","2023-10-08","0","1 - CLEAR","HARLEY-DAVIDSON","FLH (HARLEY-DAVIDSON)","2003","0","1 - NOT WORN"
"19800627","IRVING","2023-10-09","0","1 - CLEAR","TOYOTA","CAMRY (TOYOTA)","2015","0","97 - NOT APPLICABLE"
"19800627","IRVING","2023-10-09","0","1 - CLEAR","KAWASAKI","EX300 (KAWASAKI)","2013","0","1 - NOT WORN"
"19800627","IRVING","2023-10-09","0","1 - CLEAR","KAWASAKI","EX300 (KAWASAKI)","2013","0","1 - NOT WORN"
"19801477","PEARLAND","2023-10-09","0","2 - CLOUDY","ALL OTHER MAKES","UNKNOWN (ALL OTHER MAKES)","No Data","0","1 - NOT WORN"
"19801477","PEARLAND","2023-10-09","0","2 - CLOUDY","MERCEDES-BENZ","AMG GT (MERCEDES-BENZ)","2011","0","97 - NOT APPLICABLE"
"19801622","BROWNSVILLE","2023-10-09","0","2 - CLOUDY","KAWASAKI","KZ650 (KAWASAKI)","2022","0","1 - NOT WORN"
"19801915","OUTSIDE CITY LIMITS","2023-10-09","0","1 - CLEAR","SUZUKI","VS1400 (SUZUKI)","1994","0","1 - NOT WORN"
"19805546","CORPUS CHRISTI","2023-10-09","0","1 - CLEAR","YAMAHA","MT-01 (YAMAHA)","2022","0","2 - WORN, DAMAGED"
"19805546","CORPUS CHRISTI","2023-10-09","0","1 - CLEAR","VOLKSWAGEN","PASSAT (VOLKSWAGEN)","2014","0","97 - NOT APPLICABLE"
"19811093","WOODWAY","2023-10-09","0","1 - CLEAR","OTHER (EXPLAIN IN NARRATIVE)","OTHER (EXPLAIN IN NARRATIVE) (OTHER (EXPLAIN IN NARRATIVE))","2023","0","2 - WORN, DAMAGED"
"19813587","GEORGETOWN","2023-10-09","0","1 - CLEAR","CAN-AM","SPYDER ROADSTER (CAN-AM)","2019","0","1 - NOT WORN"
"19813587","GEORGETOWN","2023-10-09","0","1 - CLEAR","CAN-AM","SPYDER ROADSTER (CAN-AM)","2019","0","1 - NOT WORN"
"19815770","HOUSTON","2023-10-09","1","1 - CLEAR","YAMAHA","XSR700 (YAMAHA)","2018","1","2 - WORN, DAMAGED"
"19819688","VENUS","2023-10-09","0","1 - CLEAR","DODGE","CHALLENGER (DODGE)","2022","0","97 - NOT APPLICABLE"
"19819688","VENUS","2023-10-09","0","1 - CLEAR","DODGE","CHALLENGER (DODGE)","2022","0","97 - NOT APPLICABLE"
"19819688","VENUS","2023-10-09","0","1 - CLEAR","YAMAHA","XV1700 (YAMAHA)","2005","0","2 - WORN, DAMAGED"
"19837736","OUTSIDE CITY LIMITS","2023-10-09","0","1 - CLEAR","HARLEY-DAVIDSON","FLH (HARLEY-DAVIDSON)","2013","0","2 - WORN, DAMAGED"
"19837736","OUTSIDE CITY LIMITS","2023-10-09","0","1 - CLEAR","UNKNOWN","UNKNOWN (UNKNOWN)","No Data","0","97 - NOT APPLICABLE"
"19801980","VENUS","2023-10-10","0","1 - CLEAR","HARLEY-DAVIDSON","FXB (HARLEY-DAVIDSON)","2023","0","2 - WORN, DAMAGED"
"19801980","VENUS","2023-10-10","0","1 - CLEAR","CHEVROLET","SILVERADO (CHEVROLET)","2018","0","97 - NOT APPLICABLE"
"19802673","CLEBURNE","2023-10-10","0","1 - CLEAR","CHRYSLER","300 (CHRYSLER)","2013","0","97 - NOT APPLICABLE"
"19802673","CLEBURNE","2023-10-10","0","1 - CLEAR","HARLEY-DAVIDSON","UNKNOWN (HARLEY-DAVIDSON)","2001","0","1 - NOT WORN"
"19802750","SAN ANTONIO","2023-10-10","0","1 - CLEAR","No Data","No Data","No Data","0","97 - NOT APPLICABLE"
"19802750","SAN ANTONIO","2023-10-10","0","1 - CLEAR","HARLEY-DAVIDSON","FLH (HARLEY-DAVIDSON)","2013","0","1 - NOT WORN"
"19804664","HUNTSVILLE","2023-10-10","0","1 - CLEAR","HONDA","ACCORD (HONDA)","2012","0","97 - NOT APPLICABLE"
"19804664","HUNTSVILLE","2023-10-10","0","1 - CLEAR","HONDA","ACCORD (HONDA)","2012","0","97 - NOT APPLICABLE"
"19804664","HUNTSVILLE","2023-10-10","0","1 - CLEAR","HONDA","VTX1300 (HONDA)","2006","0","1 - NOT WORN"
"19806346","LONGVIEW","2023-10-10","0","1 - CLEAR","OTHER (EXPLAIN IN NARRATIVE)","OTHER (EXPLAIN IN NARRATIVE) (OTHER (EXPLAIN IN NARRATIVE))","No Data","0","1 - NOT WORN"
"19808206","OUTSIDE CITY LIMITS","2023-10-10","1","1 - CLEAR","GMC","SIERRA C3500 (GMC)","2013","0","97 - NOT APPLICABLE"
"19808206","OUTSIDE CITY LIMITS","2023-10-10","1","1 - CLEAR","GMC","SIERRA C3500 (GMC)","2013","0","97 - NOT APPLICABLE"
"19808206","OUTSIDE CITY LIMITS","2023-10-10","1","1 - CLEAR","GMC","SIERRA C3500 (GMC)","2013","0","97 - NOT APPLICABLE"
"19808206","OUTSIDE CITY LIMITS","2023-10-10","1","1 - CLEAR","HARLEY-DAVIDSON","FLHXS (HARLEY-DAVIDSON)","2019","1","1 - NOT WORN"
"19814652","OUTSIDE CITY LIMITS","2023-10-10","0","2 - CLOUDY","HARLEY-DAVIDSON","FLH (HARLEY-DAVIDSON)","2019","0","1 - NOT WORN"
"19819189","OUTSIDE CITY LIMITS","2023-10-10","1","1 - CLEAR","BUICK","VERANO (BUICK)","2015","0","97 - NOT APPLICABLE"
"19819189","OUTSIDE CITY LIMITS","2023-10-10","1","1 - CLEAR","HARLEY-DAVIDSON","FXSTD (HARLEY-DAVIDSON)","2001","1","99 - UNKNOWN IF WORN"
"19827136","OUTSIDE CITY LIMITS","2023-10-10","0","2 - CLOUDY","KAWASAKI","VULCAN 2000 (KAWASAKI)","2006","0","1 - NOT WORN"
"19832644","OUTSIDE CITY LIMITS","2023-10-10","0","1 - CLEAR","TOYOTA","CAMRY (TOYOTA)","2018","0","97 - NOT APPLICABLE"
"19832644","OUTSIDE CITY LIMITS","2023-10-10","0","1 - CLEAR","HARLEY-DAVIDSON","FLH (HARLEY-DAVIDSON)","2015","0","4 - WORN, UNK DAMAGE"
"19832644","OUTSIDE CITY LIMITS","2023-10-10","0","1 - CLEAR","HARLEY-DAVIDSON","FLH (HARLEY-DAVIDSON)","2015","0","4 - WORN, UNK DAMAGE"
"19813003","OUTSIDE CITY LIMITS","2023-10-11","0","1 - CLEAR","GMC","SIERRA (GMC)","2023","0","97 - NOT APPLICABLE"
"19813003","OUTSIDE CITY LIMITS","2023-10-11","0","1 - CLEAR","HARLEY-DAVIDSON","FLH (HARLEY-DAVIDSON)","2022","0","4 - WORN, UNK DAMAGE"
"19815182","OUTSIDE CITY LIMITS","2023-10-11","0","1 - CLEAR","YAMAHA","FZ1 (YAMAHA)","2001","0","2 - WORN, DAMAGED"
"19826048","GARLAND","2023-10-11","0","1 - CLEAR","YAMAHA","XVS950 (YAMAHA)","2015","0","2 - WORN, DAMAGED"
"19826048","GARLAND","2023-10-11","0","1 - CLEAR","INFINITI","G35 (INFINITI)","2008","0","97 - NOT APPLICABLE"
"19850167","DALLAS","2023-10-11","1","2 - CLOUDY","HARLEY-DAVIDSON","FLTRXS (HARLEY-DAVIDSON)","2023","1","2 - WORN, DAMAGED"
"19850167","DALLAS","2023-10-11","1","2 - CLOUDY","No Data","No Data","No Data","0","97 - NOT APPLICABLE"
"19807070","OUTSIDE CITY LIMITS","2023-10-12","0","1 - CLEAR","HARLEY-DAVIDSON","FLH (HARLEY-DAVIDSON)","2008","0","1 - NOT WORN"
"19807281","DALLAS","2023-10-12","0","1 - CLEAR","HARLEY-DAVIDSON","FLTRK (HARLEY-DAVIDSON)","2022","0","2 - WORN, DAMAGED"
"19807281","DALLAS","2023-10-12","0","1 - CLEAR","HONDA","ACCORD (HONDA)","2017","0","97 - NOT APPLICABLE"
"19807691","OUTSIDE CITY LIMITS","2023-10-12","0","1 - CLEAR","HONDA","CIVIC (HONDA)","2013","0","97 - NOT APPLICABLE"
"19807691","OUTSIDE CITY LIMITS","2023-10-12","0","1 - CLEAR","HONDA","CIVIC (HONDA)","2013","0","97 - NOT APPLICABLE"
"19807691","OUTSIDE CITY LIMITS","2023-10-12","0","1 - CLEAR","HARLEY-DAVIDSON","FLH (HARLEY-DAVIDSON)","2016","0","1 - NOT WORN"
"19807691","OUTSIDE CITY LIMITS","2023-10-12","0","1 - CLEAR","HARLEY-DAVIDSON","FLH (HARLEY-DAVIDSON)","2016","0","1 - NOT WORN"
"19808306","BENBROOK","2023-10-12","0","1 - CLEAR","KAWASAKI","NINJA ZX (KAWASAKI)","2012","0","2 - WORN, DAMAGED"
"19808306","BENBROOK","2023-10-12","0","1 - CLEAR","INFINITI","QX50 (INFINITI)","2008","0","97 - NOT APPLICABLE"
"19808306","BENBROOK","2023-10-12","0","1 - CLEAR","INFINITI","QX50 (INFINITI)","2008","0","97 - NOT APPLICABLE"
"19808306","BENBROOK","2023-10-12","0","1 - CLEAR","INFINITI","QX50 (INFINITI)","2008","0","97 - NOT APPLICABLE"
"19808716","OUTSIDE CITY LIMITS","2023-10-12","0","1 - CLEAR","KAWASAKI","ZX636 (KAWASAKI)","2024","0","2 - WORN, DAMAGED"
"19813389","EL PASO","2023-10-12","0","1 - CLEAR","YAMAHA","XVS1300 (YAMAHA)","2007","0","1 - NOT WORN"
"19813429","MELISSA","2023-10-12","0","2 - CLOUDY","AUDI","Q7 (AUDI)","2023","0","97 - NOT APPLICABLE"
"19813429","MELISSA","2023-10-12","0","2 - CLOUDY","HARLEY-DAVIDSON","FLHTCUTG (HARLEY-DAVIDSON)","2020","0","1 - NOT WORN"
"19813429","MELISSA","2023-10-12","0","2 - CLOUDY","HARLEY-DAVIDSON","FLHTCUTG (HARLEY-DAVIDSON)","2020","0","1 - NOT WORN"
"19819211","OUTSIDE CITY LIMITS","2023-10-12","0","1 - CLEAR","KAWASAKI","VULCAN 2000 (KAWASAKI)","2015","0","2 - WORN, DAMAGED"
"19821701","ROCKWALL","2023-10-12","1","2 - CLOUDY","YAMAHA","XJ650 (YAMAHA)","1982","1","4 - WORN, UNK DAMAGE"
"19821701","ROCKWALL","2023-10-12","1","2 - CLOUDY","MERCEDES-BENZ","UNKNOWN (MERCEDES-BENZ)","2020","0","97 - NOT APPLICABLE"
"19821701","ROCKWALL","2023-10-12","1","2 - CLOUDY","MERCEDES-BENZ","UNKNOWN (MERCEDES-BENZ)","2020","0","97 - NOT APPLICABLE"
"19821701","ROCKWALL","2023-10-12","1","2 - CLOUDY","MERCEDES-BENZ","UNKNOWN (MERCEDES-BENZ)","2020","0","97 - NOT APPLICABLE"
"19822894","HOUSTON","2023-10-12","0","1 - CLEAR","YAMAHA","FZ07 (YAMAHA)","2015","0","1 - NOT WORN"
"19822894","HOUSTON","2023-10-12","0","1 - CLEAR","HONDA","ACCORD (HONDA)","2004","0","97 - NOT APPLICABLE"
"19808653","RICHARDSON","2023-10-13","0","1 - CLEAR","KAWASAKI","EX650 (KAWASAKI)","2020","0","3 - WORN, NOT DAMAGED"
"19809702","SAN ANTONIO","2023-10-13","0","1 - CLEAR","KIA","NIRO (KIA)","2018","0","97 - NOT APPLICABLE"
"19809702","SAN ANTONIO","2023-10-13","0","1 - CLEAR","HONDA","C125 (HONDA)","2019","0","2 - WORN, DAMAGED"
"19810101","KENNEDALE","2023-10-13","0","1 - CLEAR","YAMAHA","UNKNOWN (YAMAHA)","2001","0","4 - WORN, UNK DAMAGE"
"19811048","ROBERT LEE","2023-10-13","0","1 - CLEAR","HONDA","UNKNOWN (HONDA)","No Data","0","1 - NOT WORN"
"19811852","LAMPASAS","2023-10-13","0","1 - CLEAR","HARLEY-DAVIDSON","UNKNOWN (HARLEY-DAVIDSON)","2014","0","1 - NOT WORN"
"19811852","LAMPASAS","2023-10-13","0","1 - CLEAR","HARLEY-DAVIDSON","UNKNOWN (HARLEY-DAVIDSON)","2014","0","1 - NOT WORN"
"19811958","KILLEEN","2023-10-13","0","1 - CLEAR","HARLEY-DAVIDSON","XL883 (HARLEY-DAVIDSON)","2002","0","1 - NOT WORN"
"19811958","KILLEEN","2023-10-13","0","1 - CLEAR","KIA","SOUL (KIA)","2015","0","97 - NOT APPLICABLE"
"19815427","ALLEN","2023-10-13","0","1 - CLEAR","TOYOTA","C-HR (TOYOTA)","2020","0","97 - NOT APPLICABLE"
"19815427","ALLEN","2023-10-13","0","1 - CLEAR","HARLEY-DAVIDSON","FLH (HARLEY-DAVIDSON)","2019","0","1 - NOT WORN"
"19817352","KEMPNER","2023-10-13","0","1 - CLEAR","JEEP","WRANGLER (JEEP)","2022","0","97 - NOT APPLICABLE"
"19817352","KEMPNER","2023-10-13","0","1 - CLEAR","HARLEY-DAVIDSON","UNKNOWN (HARLEY-DAVIDSON)","2009","0","2 - WORN, DAMAGED"
"19820778","OUTSIDE CITY LIMITS","2023-10-13","1","1 - CLEAR","KENWORTH","T880 (KENWORTH)","2008","0","97 - NOT APPLICABLE"
"19820778","OUTSIDE CITY LIMITS","2023-10-13","1","1 - CLEAR","HARLEY-DAVIDSON","FLTRXSE (HARLEY-DAVIDSON)","2004","1","2 - WORN, DAMAGED"
"19820839","AMARILLO","2023-10-13","1","1 - CLEAR","GMC","SIERRA (GMC)","2010","0","97 - NOT APPLICABLE"
"19820839","AMARILLO","2023-10-13","1","1 - CLEAR","HARLEY-DAVIDSON","UNKNOWN (HARLEY-DAVIDSON)","2003","1","1 - NOT WORN"
"19823609","OUTSIDE CITY LIMITS","2023-10-13","0","1 - CLEAR","GMC","SIERRA (GMC)","2014","0","97 - NOT APPLICABLE"
"19823609","OUTSIDE CITY LIMITS","2023-10-13","0","1 - CLEAR","HONDA","UNKNOWN (HONDA)","2007","0","2 - WORN, DAMAGED"
"19823609","OUTSIDE CITY LIMITS","2023-10-13","0","1 - CLEAR","CHEVROLET","CRUZE (CHEVROLET)","2018","0","97 - NOT APPLICABLE"
"19823609","OUTSIDE CITY LIMITS","2023-10-13","0","1 - CLEAR","CHEVROLET","CRUZE (CHEVROLET)","2018","0","97 - NOT APPLICABLE"
"19823609","OUTSIDE CITY LIMITS","2023-10-13","0","1 - CLEAR","BMW","X6 (BMW)","2024","0","97 - NOT APPLICABLE"
"19823609","OUTSIDE CITY LIMITS","2023-10-13","0","1 - CLEAR","BMW","X6 (BMW)","2024","0","97 - NOT APPLICABLE"
"19830764","OUTSIDE CITY LIMITS","2023-10-13","1","1 - CLEAR","HARLEY-DAVIDSON","FLT (HARLEY-DAVIDSON)","2019","1","2 - WORN, DAMAGED"
"19832640","MINEOLA","2023-10-13","0","1 - CLEAR","FORD","F150 (FORD)","2009","0","97 - NOT APPLICABLE"
"19832640","MINEOLA","2023-10-13","0","1 - CLEAR","HARLEY-DAVIDSON","FLS (HARLEY-DAVIDSON)","2011","0","2 - WORN, DAMAGED"
"19833605","AUSTIN","2023-10-13","0","1 - CLEAR","KYMCO USA INC","UNKNOWN (KYMCO USA INC)","2022","0","2 - WORN, DAMAGED"
"19835604","OUTSIDE CITY LIMITS","2023-10-13","0","1 - CLEAR","HONDA","VT1300 (HONDA)","2010","0","2 - WORN, DAMAGED"
"19812360","SAN ANGELO","2023-10-14","0","1 - CLEAR","HONDA","VT1100 (HONDA)","2002","0","1 - NOT WORN"
"19812360","SAN ANGELO","2023-10-14","0","1 - CLEAR","KAWASAKI","VULCAN 2000 (KAWASAKI)","2001","0","1 - NOT WORN"
"19812808","HOUSTON","2023-10-14","0","1 - CLEAR","KAWASAKI","ZR1100 (KAWASAKI)","2002","0","1 - NOT WORN"
"19812808","HOUSTON","2023-10-14","0","1 - CLEAR","KAWASAKI","ZR1100 (KAWASAKI)","2002","0","2 - WORN, DAMAGED"
"19815439","ALLEN","2023-10-14","0","1 - CLEAR","HARLEY-DAVIDSON","FLHXS (HARLEY-DAVIDSON)","2023","0","1 - NOT WORN"
"19815439","ALLEN","2023-10-14","0","1 - CLEAR","GMC","YUKON (GMC)","2014","0","97 - NOT APPLICABLE"
"19815439","ALLEN","2023-10-14","0","1 - CLEAR","GMC","YUKON (GMC)","2014","0","97 - NOT APPLICABLE"
"19815439","ALLEN","2023-10-14","0","1 - CLEAR","GMC","YUKON (GMC)","2014","0","97 - NOT APPLICABLE"
"19815439","ALLEN","2023-10-14","0","1 - CLEAR","GMC","YUKON (GMC)","2014","0","97 - NOT APPLICABLE"
"19818742","EL PASO","2023-10-14","0","1 - CLEAR","No Data","No Data","No Data","0","97 - NOT APPLICABLE"
"19818742","EL PASO","2023-10-14","0","1 - CLEAR","HARLEY-DAVIDSON","FLST (HARLEY-DAVIDSON)","2007","0","1 - NOT WORN"
"19818837","OUTSIDE CITY LIMITS","2023-10-14","1","1 - CLEAR","JEEP","WRANGLER UNLIMITED (JEEP)","2009","0","97 - NOT APPLICABLE"
"19818837","OUTSIDE CITY LIMITS","2023-10-14","1","1 - CLEAR","JEEP","WRANGLER UNLIMITED (JEEP)","2009","0","97 - NOT APPLICABLE"
"19818837","OUTSIDE CITY LIMITS","2023-10-14","1","1 - CLEAR","HARLEY-DAVIDSON","FLFB (HARLEY-DAVIDSON)","2023","1","4 - WORN, UNK DAMAGE"
"19823256","OUTSIDE CITY LIMITS","2023-10-14","0","2 - CLOUDY","BUELL","1125 (BUELL)","2009","0","1 - NOT WORN"
"19823256","OUTSIDE CITY LIMITS","2023-10-14","0","2 - CLOUDY","BUELL","1125 (BUELL)","2009","0","2 - WORN, DAMAGED"
"19825388","OUTSIDE CITY LIMITS","2023-10-14","0","1 - CLEAR","HONDA","VTX1300 (HONDA)","2005","0","1 - NOT WORN"
"19825388","OUTSIDE CITY LIMITS","2023-10-14","0","1 - CLEAR","HONDA","VTX1300 (HONDA)","2005","0","1 - NOT WORN"
"19826394","OUTSIDE CITY LIMITS","2023-10-14","0","1 - CLEAR","CHEVROLET","K1500 (CHEVROLET)","2005","0","97 - NOT APPLICABLE"
"19826394","OUTSIDE CITY LIMITS","2023-10-14","0","1 - CLEAR","SUZUKI","SV1000 (SUZUKI)","2003","0","2 - WORN, DAMAGED"
"19827018","SAN MARCOS","2023-10-14","0","1 - CLEAR","HARLEY-DAVIDSON","FLSTF (HARLEY-DAVIDSON)","2005","0","3 - WORN, NOT DAMAGED"
"19827885","OUTSIDE CITY LIMITS","2023-10-14","1","1 - CLEAR","INDIANA PHOENIX","UNKNOWN (INDIANA PHOENIX)","2017","1","99 - UNKNOWN IF WORN"
"19831646","OUTSIDE CITY LIMITS","2023-10-14","0","1 - CLEAR","HARLEY-DAVIDSON","FLHTI (HARLEY-DAVIDSON)","2006","0","3 - WORN, NOT DAMAGED"
"19831646","OUTSIDE CITY LIMITS","2023-10-14","0","1 - CLEAR","CHEVROLET","C2500 (CHEVROLET)","2023","0","97 - NOT APPLICABLE"
"19831646","OUTSIDE CITY LIMITS","2023-10-14","0","1 - CLEAR","HARLEY-DAVIDSON","FLTRXS (HARLEY-DAVIDSON)","2016","0","3 - WORN, NOT DAMAGED"
"19831646","OUTSIDE CITY LIMITS","2023-10-14","0","1 - CLEAR","HARLEY-DAVIDSON","FLHT (HARLEY-DAVIDSON)","2019","0","3 - WORN, NOT DAMAGED"
"19833654","THREE RIVERS","2023-10-14","0","1 - CLEAR","HARLEY-DAVIDSON","FXS (HARLEY-DAVIDSON)","2014","0","3 - WORN, NOT DAMAGED"
"19841511","OUTSIDE CITY LIMITS","2023-10-14","0","1 - CLEAR","CHEVROLET","SILVERADO C1500 (CHEVROLET)","2014","0","97 - NOT APPLICABLE"
"19841511","OUTSIDE CITY LIMITS","2023-10-14","0","1 - CLEAR","HARLEY-DAVIDSON","FLS (HARLEY-DAVIDSON)","2008","0","3 - WORN, NOT DAMAGED"
"19853726","ABILENE","2023-10-14","1","1 - CLEAR","JEEP","LIBERTY (JEEP)","2012","0","97 - NOT APPLICABLE"
"19853726","ABILENE","2023-10-14","1","1 - CLEAR","JEEP","LIBERTY (JEEP)","2012","0","97 - NOT APPLICABLE"
"19853726","ABILENE","2023-10-14","1","1 - CLEAR","KAWASAKI","EX250 (KAWASAKI)","2008","1","2 - WORN, DAMAGED"
"19812883","LEWISVILLE","2023-10-15","1","1 - CLEAR","SUZUKI","GSX600 (SUZUKI)","2007","1","1 - NOT WORN"
"19815078","AUSTIN","2023-10-15","0","1 - CLEAR","TESLA","MODEL S (TESLA)","2020","0","97 - NOT APPLICABLE"
"19815078","AUSTIN","2023-10-15","0","1 - CLEAR","SUZUKI","DR-Z110 (SUZUKI)","2001","0","2 - WORN, DAMAGED"
"19817279","OUTSIDE CITY LIMITS","2023-10-15","1","1 - CLEAR","HONDA","GL1800 (HONDA)","2006","1","4 - WORN, UNK DAMAGE"
"19817279","OUTSIDE CITY LIMITS","2023-10-15","1","1 - CLEAR","NISSAN","ROGUE (NISSAN)","2016","0","97 - NOT APPLICABLE"
"19820932","SAN MARCOS","2023-10-15","0","1 - CLEAR","HONDA","CBR600 (HONDA)","2004","0","3 - WORN, NOT DAMAGED"
"19820932","SAN MARCOS","2023-10-15","0","1 - CLEAR","HONDA","CBR600 (HONDA)","2004","0","3 - WORN, NOT DAMAGED"
"19826303","DALLAS","2023-10-15","0","1 - CLEAR","APRILIA","RSV (APRILIA)","2001","0","99 - UNKNOWN IF WORN"
"19826315","OUTSIDE CITY LIMITS","2023-10-15","0","1 - CLEAR","SUZUKI","UNKNOWN (SUZUKI)","2000","0","2 - WORN, DAMAGED"
"19826315","OUTSIDE CITY LIMITS","2023-10-15","0","1 - CLEAR","UNKNOWN","UNKNOWN (UNKNOWN)","No Data","0","97 - NOT APPLICABLE"
"19829881","HOUSTON","2023-10-15","1","1 - CLEAR","SUZUKI","GSX-R750 (SUZUKI)","2015","1","2 - WORN, DAMAGED"
"19830772","OUTSIDE CITY LIMITS","2023-10-15","1","1 - CLEAR","NISSAN","ALTIMA (NISSAN)","2012","0","97 - NOT APPLICABLE"
"19830772","OUTSIDE CITY LIMITS","2023-10-15","1","1 - CLEAR","HARLEY-DAVIDSON","FLH (HARLEY-DAVIDSON)","2018","1","1 - NOT WORN"
"19833542","OUTSIDE CITY LIMITS","2023-10-15","0","1 - CLEAR","HARLEY-DAVIDSON","FLHXS (HARLEY-DAVIDSON)","2014","0","2 - WORN, DAMAGED"
"19835659","OUTSIDE CITY LIMITS","2023-10-15","1","1 - CLEAR","SUZUKI","GSX (SUZUKI)","2023","1","2 - WORN, DAMAGED"
"19851630","CORPUS CHRISTI","2023-10-15","0","1 - CLEAR","DODGE","DURANGO (DODGE)","2016","0","97 - NOT APPLICABLE"
"19851630","CORPUS CHRISTI","2023-10-15","0","1 - CLEAR","DODGE","DURANGO (DODGE)","2016","0","97 - NOT APPLICABLE"
"19851630","CORPUS CHRISTI","2023-10-15","0","1 - CLEAR","DODGE","DURANGO (DODGE)","2016","0","97 - NOT APPLICABLE"
"19851630","CORPUS CHRISTI","2023-10-15","0","1 - CLEAR","HARLEY-DAVIDSON","XL883 (HARLEY-DAVIDSON)","2018","0","2 - WORN, DAMAGED"
"19816143","MIDLAND","2023-10-16","0","1 - CLEAR","HARLEY-DAVIDSON","UNKNOWN (HARLEY-DAVIDSON)","2015","0","4 - WORN, UNK DAMAGE"
"19816143","MIDLAND","2023-10-16","0","1 - CLEAR","TOYOTA","4RUNNER (TOYOTA)","2020","0","97 - NOT APPLICABLE"
"19817845","PHARR","2023-10-16","0","1 - CLEAR","NISSAN","ROGUE (NISSAN)","2016","0","97 - NOT APPLICABLE"
"19817845","PHARR","2023-10-16","0","1 - CLEAR","UNKNOWN","UNKNOWN (UNKNOWN)","2023","0","3 - WORN, NOT DAMAGED"
"19829105","OUTSIDE CITY LIMITS","2023-10-16","0","1 - CLEAR","CHEVROLET","MALIBU (CHEVROLET)","2021","0","97 - NOT APPLICABLE"
"19829105","OUTSIDE CITY LIMITS","2023-10-16","0","1 - CLEAR","HONDA","SH150 (HONDA)","1999","0","1 - NOT WORN"
"19830574","RENO (PARKER, TARRANT)","2023-10-17","1","1 - CLEAR","FORD","FOCUS (FORD)","2016","0","97 - NOT APPLICABLE"
"19830574","RENO (PARKER, TARRANT)","2023-10-17","1","1 - CLEAR","HARLEY-DAVIDSON","FXDX (HARLEY-DAVIDSON)","2011","1","4 - WORN, UNK DAMAGE"
"19824969","OUTSIDE CITY LIMITS","2023-10-18","0","1 - CLEAR","NISSAN","ALTIMA (NISSAN)","2015","0","97 - NOT APPLICABLE"
"19824969","OUTSIDE CITY LIMITS","2023-10-18","0","1 - CLEAR","HARLEY-DAVIDSON","FLH (HARLEY-DAVIDSON)","2013","0","1 - NOT WORN"
"19825082","SANTA FE","2023-10-18","0","1 - CLEAR","DODGE","CHARGER (DODGE)","2018","0","97 - NOT APPLICABLE"
"19825082","SANTA FE","2023-10-18","0","1 - CLEAR","GENUINE SCOOTER CO.","BUDDY (GENUINE SCOOTER CO.)","2022","0","1 - NOT WORN"
"19825082","SANTA FE","2023-10-18","0","1 - CLEAR","GENUINE SCOOTER CO.","BUDDY (GENUINE SCOOTER CO.)","2022","0","1 - NOT WORN"
"19837773","BRYSON","2023-10-18","0","1 - CLEAR","NISSAN","TITAN (NISSAN)","2013","0","97 - NOT APPLICABLE"
"19837773","BRYSON","2023-10-18","0","1 - CLEAR","YAMAHA","XVS650 (YAMAHA)","2005","0","1 - NOT WORN"
"19845149","HOUSTON","2023-10-18","1","1 - CLEAR","HONDA","VT1100 (HONDA)","2019","1","1 - NOT WORN"
"19859063","DALLAS","2023-10-18","0","1 - CLEAR","UNKNOWN","UNKNOWN (UNKNOWN)","No Data","0","1 - NOT WORN"
"19859063","DALLAS","2023-10-18","0","1 - CLEAR","GMC","YUKON (GMC)","No Data","0","97 - NOT APPLICABLE"
"19819855","EL PASO","2023-10-19","0","1 - CLEAR","JEEP","RENEGADE (JEEP)","2016","0","97 - NOT APPLICABLE"
"19819855","EL PASO","2023-10-19","0","1 - CLEAR","KAWASAKI","NINJA ZX (KAWASAKI)","2024","0","99 - UNKNOWN IF WORN"
"19820253","BEAUMONT","2023-10-19","0","1 - CLEAR","HARLEY-DAVIDSON","UNKNOWN (HARLEY-DAVIDSON)","2004","0","4 - WORN, UNK DAMAGE"
"19826113","OUTSIDE CITY LIMITS","2023-10-19","0","1 - CLEAR","KAWASAKI","AR50 (KAWASAKI)","2022","0","3 - WORN, NOT DAMAGED"
"19826113","OUTSIDE CITY LIMITS","2023-10-19","0","1 - CLEAR","KAWASAKI","AR50 (KAWASAKI)","2022","0","1 - NOT WORN"
"19835288","SCHERTZ","2023-10-19","0","1 - CLEAR","SUZUKI","GSX (SUZUKI)","2022","0","2 - WORN, DAMAGED"
"19835288","SCHERTZ","2023-10-19","0","1 - CLEAR","TOYOTA","TACOMA (TOYOTA)","2018","0","97 - NOT APPLICABLE"
"19840969","NEW FAIRVIEW","2023-10-19","0","1 - CLEAR","HARLEY-DAVIDSON","FLHS (HARLEY-DAVIDSON)","2004","0","2 - WORN, DAMAGED"
"19840969","NEW FAIRVIEW","2023-10-19","0","1 - CLEAR","HARLEY-DAVIDSON","ELW (HARLEY-DAVIDSON)","2007","0","2 - WORN, DAMAGED"
"19867849","FORT WORTH","2023-10-19","0","1 - CLEAR","KAWASAKI","EX650 (KAWASAKI)","2020","0","2 - WORN, DAMAGED"
"19867849","FORT WORTH","2023-10-19","0","1 - CLEAR","GMC","SIERRA C1500 (GMC)","1996","0","97 - NOT APPLICABLE"
"19867849","FORT WORTH","2023-10-19","0","1 - CLEAR","GMC","SIERRA C1500 (GMC)","1996","0","97 - NOT APPLICABLE"
"19867849","FORT WORTH","2023-10-19","0","1 - CLEAR","CHEVROLET","SILVERADO C1500 (CHEVROLET)","2020","0","97 - NOT APPLICABLE"
"20025462","OUTSIDE CITY LIMITS","2023-10-19","0","1 - CLEAR","HARLEY-DAVIDSON","XL1200 (HARLEY-DAVIDSON)","1993","0","1 - NOT WORN"
"20025462","OUTSIDE CITY LIMITS","2023-10-19","0","1 - CLEAR","FORD","F250 (FORD)","2018","0","97 - NOT APPLICABLE"
"19822069","HOUSTON","2023-10-20","0","1 - CLEAR","NISSAN","ROGUE (NISSAN)","2017","0","97 - NOT APPLICABLE"
"19822069","HOUSTON","2023-10-20","0","1 - CLEAR","SUZUKI","GSX (SUZUKI)","2019","0","2 - WORN, DAMAGED"
"19822885","OUTSIDE CITY LIMITS","2023-10-20","1","1 - CLEAR","HARLEY-DAVIDSON","UNKNOWN (HARLEY-DAVIDSON)","2015","1","2 - WORN, DAMAGED"
"19823101","RUSK","2023-10-20","1","2 - CLOUDY","FORD","F150 (FORD)","2016","0","97 - NOT APPLICABLE"
"19823101","RUSK","2023-10-20","1","2 - CLOUDY","SUZUKI","UNKNOWN (SUZUKI)","2003","1","1 - NOT WORN"
"19823140","EL PASO","2023-10-20","0","1 - CLEAR","FORD","FUSION (FORD)","2012","0","97 - NOT APPLICABLE"
"19823140","EL PASO","2023-10-20","0","1 - CLEAR","YAMAHA","YZFR1 (YAMAHA)","2007","0","2 - WORN, DAMAGED"
"19824755","DEL RIO","2023-10-20","0","1 - CLEAR","JEEP","CHEROKEE (JEEP)","2017","0","97 - NOT APPLICABLE"
"19824755","DEL RIO","2023-10-20","0","1 - CLEAR","HARLEY-DAVIDSON","UNKNOWN (HARLEY-DAVIDSON)","2001","0","1 - NOT WORN"
"19825296","FORT WORTH","2023-10-20","0","1 - CLEAR","HARLEY-DAVIDSON","XLH1100 (HARLEY-DAVIDSON)","2012","0","2 - WORN, DAMAGED"
"19825489","CARTHAGE","2023-10-20","0","1 - CLEAR","FORD","FUSION (FORD)","2014","0","97 - NOT APPLICABLE"
"19825489","CARTHAGE","2023-10-20","0","1 - CLEAR","HONDA","UNKNOWN (HONDA)","2008","0","4 - WORN, UNK DAMAGE"
"19825531","DALLAS","2023-10-20","0","1 - CLEAR","CADILLAC","CTS (CADILLAC)","2008","0","97 - NOT APPLICABLE"
"19825531","DALLAS","2023-10-20","0","1 - CLEAR","HARLEY-DAVIDSON","FLTRX (HARLEY-DAVIDSON)","2022","0","2 - WORN, DAMAGED"
"19830822","OUTSIDE CITY LIMITS","2023-10-20","0","1 - CLEAR","KAWASAKI","UNKNOWN (KAWASAKI)","2010","0","2 - WORN, DAMAGED"
"19832736","RICHARDSON","2023-10-20","0","1 - CLEAR","HARLEY-DAVIDSON","FLS (HARLEY-DAVIDSON)","2016","0","2 - WORN, DAMAGED"
"19832736","RICHARDSON","2023-10-20","0","1 - CLEAR","TOYOTA","CAMRY (TOYOTA)","2005","0","97 - NOT APPLICABLE"
"19832736","RICHARDSON","2023-10-20","0","1 - CLEAR","TOYOTA","CAMRY (TOYOTA)","2005","0","97 - NOT APPLICABLE"
"19833244","NORTH RICHLAND HILLS","2023-10-20","0","1 - CLEAR","LEXUS","ES (LEXUS)","2007","0","97 - NOT APPLICABLE"
"19833244","NORTH RICHLAND HILLS","2023-10-20","0","1 - CLEAR","LEXUS","ES (LEXUS)","2007","0","97 - NOT APPLICABLE"
"19833244","NORTH RICHLAND HILLS","2023-10-20","0","1 - CLEAR","LEXUS","ES (LEXUS)","2007","0","97 - NOT APPLICABLE"
"19833244","NORTH RICHLAND HILLS","2023-10-20","0","1 - CLEAR","HARLEY-DAVIDSON","FLTRXS (HARLEY-DAVIDSON)","2017","0","2 - WORN, DAMAGED"
"19833244","NORTH RICHLAND HILLS","2023-10-20","0","1 - CLEAR","SUZUKI","GSX (SUZUKI)","2014","0","2 - WORN, DAMAGED"
"19836919","OUTSIDE CITY LIMITS","2023-10-20","0","1 - CLEAR","UNKNOWN","UNKNOWN (UNKNOWN)","2023","0","1 - NOT WORN"
"19841498","OUTSIDE CITY LIMITS","2023-10-20","1","1 - CLEAR","HARLEY-DAVIDSON","FLH (HARLEY-DAVIDSON)","2018","1","1 - NOT WORN"
"19841498","OUTSIDE CITY LIMITS","2023-10-20","1","1 - CLEAR","DODGE","DURANGO (DODGE)","2016","0","97 - NOT APPLICABLE"
"19841498","OUTSIDE CITY LIMITS","2023-10-20","1","1 - CLEAR","FORD","F250 (FORD)","2011","0","97 - NOT APPLICABLE"
"19847686","OUTSIDE CITY LIMITS","2023-10-20","1","1 - CLEAR","FORD","F250 (FORD)","2019","0","97 - NOT APPLICABLE"
"19847686","OUTSIDE CITY LIMITS","2023-10-20","1","1 - CLEAR","HARLEY-DAVIDSON","FXLRS (HARLEY-DAVIDSON)","2022","1","2 - WORN, DAMAGED"
"19851432","FORT WORTH","2023-10-20","0","1 - CLEAR","HONDA","NX650 (HONDA)","1988","0","99 - UNKNOWN IF WORN"
"19852633","HOUSTON","2023-10-20","1","1 - CLEAR","HONDA","ODYSSEY (HONDA)","2018","0","97 - NOT APPLICABLE"
"19852633","HOUSTON","2023-10-20","1","1 - CLEAR","SUZUKI","GSX (SUZUKI)","2017","1","2 - WORN, DAMAGED"
"19860451","OUTSIDE CITY LIMITS","2023-10-20","0","1 - CLEAR","FORD","ESCAPE (FORD)","2019","0","97 - NOT APPLICABLE"
"19860451","OUTSIDE CITY LIMITS","2023-10-20","0","1 - CLEAR","YAMAHA","UNKNOWN (YAMAHA)","2007","0","1 - NOT WORN"
"19863246","OUTSIDE CITY LIMITS","2023-10-20","1","1 - CLEAR","BMW","R1200 (BMW)","2016","1","3 - WORN, NOT DAMAGED"
"19823107","OUTSIDE CITY LIMITS","2023-10-21","0","1 - CLEAR","GMC","YUKON (GMC)","2021","0","97 - NOT APPLICABLE"
"19823107","OUTSIDE CITY LIMITS","2023-10-21","0","1 - CLEAR","HARLEY-DAVIDSON","FLH (HARLEY-DAVIDSON)","2023","0","1 - NOT WORN"
"19823606","OUTSIDE CITY LIMITS","2023-10-21","1","1 - CLEAR","HARLEY-DAVIDSON","ELW (HARLEY-DAVIDSON)","2012","0","2 - WORN, DAMAGED"
"19823606","OUTSIDE CITY LIMITS","2023-10-21","1","1 - CLEAR","HARLEY-DAVIDSON","ELW (HARLEY-DAVIDSON)","2012","1","2 - WORN, DAMAGED"
"19824865","GRANBURY","2023-10-21","0","1 - CLEAR","HARLEY-DAVIDSON","FLHTK (HARLEY-DAVIDSON)","2014","0","1 - NOT WORN"
"19824865","GRANBURY","2023-10-21","0","1 - CLEAR","BUICK","CASCADA (BUICK)","2016","0","97 - NOT APPLICABLE"
"19830397","OUTSIDE CITY LIMITS","2023-10-21","0","1 - CLEAR","HARLEY-DAVIDSON","FLHRC (HARLEY-DAVIDSON)","2007","0","2 - WORN, DAMAGED"
"19833673","OUTSIDE CITY LIMITS","2023-10-21","0","1 - CLEAR","FORD","F150 (FORD)","2015","0","97 - NOT APPLICABLE"
"19833673","OUTSIDE CITY LIMITS","2023-10-21","0","1 - CLEAR","FORD","F150 (FORD)","2015","0","97 - NOT APPLICABLE"
"19833673","OUTSIDE CITY LIMITS","2023-10-21","0","1 - CLEAR","FORD","F150 (FORD)","2015","0","97 - NOT APPLICABLE"
"19833673","OUTSIDE CITY LIMITS","2023-10-21","0","1 - CLEAR","FORD","F150 (FORD)","2015","0","97 - NOT APPLICABLE"
"19833673","OUTSIDE CITY LIMITS","2023-10-21","0","1 - CLEAR","BMW","R SERIES (BMW)","2018","0","1 - NOT WORN"
"19835172","HOUSTON","2023-10-21","0","1 - CLEAR","YAMAHA","YZF1000 (YAMAHA)","No Data","0","2 - WORN, DAMAGED"
"19835172","HOUSTON","2023-10-21","0","1 - CLEAR","CHEVROLET","SILVERADO C2500 (CHEVROLET)","2019","0","97 - NOT APPLICABLE"
"19835172","HOUSTON","2023-10-21","0","1 - CLEAR","CHEVROLET","SILVERADO C2500 (CHEVROLET)","2019","0","97 - NOT APPLICABLE"
"19835172","HOUSTON","2023-10-21","0","1 - CLEAR","CHEVROLET","SILVERADO C2500 (CHEVROLET)","2019","0","97 - NOT APPLICABLE"
"19835172","HOUSTON","2023-10-21","0","1 - CLEAR","CHEVROLET","SILVERADO C2500 (CHEVROLET)","2019","0","97 - NOT APPLICABLE"
"19839519","OUTSIDE CITY LIMITS","2023-10-21","0","1 - CLEAR","YAMAHA","UNKNOWN (YAMAHA)","2007","0","1 - NOT WORN"
"19850227","OUTSIDE CITY LIMITS","2023-10-21","0","1 - CLEAR","No Data","No Data","No Data","0","97 - NOT APPLICABLE"
"19850227","OUTSIDE CITY LIMITS","2023-10-21","0","1 - CLEAR","HARLEY-DAVIDSON","FLH (HARLEY-DAVIDSON)","2008","0","4 - WORN, UNK DAMAGE"
"19854575","OUTSIDE CITY LIMITS","2023-10-21","0","1 - CLEAR","SUZUKI","DL1000 (SUZUKI)","2012","0","2 - WORN, DAMAGED"
"19854575","OUTSIDE CITY LIMITS","2023-10-21","0","1 - CLEAR","VOLKSWAGEN","JETTA (VOLKSWAGEN)","2018","0","97 - NOT APPLICABLE"
"19864232","FORT WORTH","2023-10-21","0","1 - CLEAR","HONDA","UNKNOWN (HONDA)","2017","0","99 - UNKNOWN IF WORN"
"19864232","FORT WORTH","2023-10-21","0","1 - CLEAR","TOYOTA","CAMRY (TOYOTA)","2011","0","97 - NOT APPLICABLE"
"19823387","BEAUMONT","2023-10-22","1","6 - FOG","HARLEY-DAVIDSON","FLHT (HARLEY-DAVIDSON)","2019","1","2 - WORN, DAMAGED"
"19824472","CONROE","2023-10-22","0","1 - CLEAR","RAM","1500 (RAM)","2021","0","97 - NOT APPLICABLE"
"19824472","CONROE","2023-10-22","0","1 - CLEAR","YAMAHA","YZFR6 (YAMAHA)","2020","0","2 - WORN, DAMAGED"
"19824472","CONROE","2023-10-22","0","1 - CLEAR","YAMAHA","YZFR6 (YAMAHA)","2020","0","4 - WORN, UNK DAMAGE"
"19824888","OUTSIDE CITY LIMITS","2023-10-22","0","1 - CLEAR","HONDA","VFR700 (HONDA)","2014","0","3 - WORN, NOT DAMAGED"
"19826842","BEAUMONT","2023-10-22","1","1 - CLEAR","MAZDA","3 (MAZDA)","2008","0","97 - NOT APPLICABLE"
"19826842","BEAUMONT","2023-10-22","1","1 - CLEAR","HARLEY-DAVIDSON","FXD (HARLEY-DAVIDSON)","2013","1","4 - WORN, UNK DAMAGE"
"19828564","OUTSIDE CITY LIMITS","2023-10-22","0","2 - CLOUDY","HARLEY-DAVIDSON","UNKNOWN (HARLEY-DAVIDSON)","2000","0","1 - NOT WORN"
"19830896","DALLAS","2023-10-22","0","1 - CLEAR","KAWASAKI","NINJA ZX (KAWASAKI)","2022","0","4 - WORN, UNK DAMAGE"
"19830896","DALLAS","2023-10-22","0","1 - CLEAR","UNKNOWN","UNKNOWN (UNKNOWN)","No Data","0","97 - NOT APPLICABLE"
"19832968","OUTSIDE CITY LIMITS","2023-10-22","0","1 - CLEAR","HONDA","ST1300 (HONDA)","2010","0","2 - WORN, DAMAGED"
"19838035","OUTSIDE CITY LIMITS","2023-10-22","0","1 - CLEAR","HONDA","GL1500 (HONDA)","1995","0","3 - WORN, NOT DAMAGED"
"19838035","OUTSIDE CITY LIMITS","2023-10-22","0","1 - CLEAR","HONDA","GL1500 (HONDA)","1995","0","3 - WORN, NOT DAMAGED"
"19841096","OUTSIDE CITY LIMITS","2023-10-22","0","2 - CLOUDY","HARLEY-DAVIDSON","FLH (HARLEY-DAVIDSON)","2005","0","2 - WORN, DAMAGED"
"19841881","AURORA (WISE)","2023-10-22","0","1 - CLEAR","INTERNATIONAL","4000 (INTERNATIONAL)","2005","0","97 - NOT APPLICABLE"
"19841881","AURORA (WISE)","2023-10-22","0","1 - CLEAR","INTERNATIONAL","4000 (INTERNATIONAL)","2005","0","97 - NOT APPLICABLE"
"19841881","AURORA (WISE)","2023-10-22","0","1 - CLEAR","HARLEY-DAVIDSON","XLH1100 (HARLEY-DAVIDSON)","2022","0","1 - NOT WORN"
"19886510","HOUSTON","2023-10-22","0","1 - CLEAR","HARLEY-DAVIDSON","FLH (HARLEY-DAVIDSON)","2015","0","1 - NOT WORN"
"19886510","HOUSTON","2023-10-22","0","1 - CLEAR","HYUNDAI","ELANTRA (HYUNDAI)","2010","0","97 - NOT APPLICABLE"
"19825946","PORT ARTHUR","2023-10-23","0","1 - CLEAR","HARLEY-DAVIDSON","XLH883 (HARLEY-DAVIDSON)","2003","0","1 - NOT WORN"
"19831197","MESQUITE","2023-10-23","0","2 - CLOUDY","CHEVROLET","SILVERADO C1500 (CHEVROLET)","2015","0","97 - NOT APPLICABLE"
"19831197","MESQUITE","2023-10-23","0","2 - CLOUDY","KAWASAKI","ZR900 (KAWASAKI)","2019","0","2 - WORN, DAMAGED"
"19835929","BRYAN","2023-10-23","0","1 - CLEAR","KAWASAKI","NINJA ZX (KAWASAKI)","2009","0","2 - WORN, DAMAGED"
"19835929","BRYAN","2023-10-23","0","1 - CLEAR","UNKNOWN","UNKNOWN (UNKNOWN)","No Data","0","97 - NOT APPLICABLE"
"19837223","SAN ANTONIO","2023-10-23","1","2 - CLOUDY","HONDA","UNKNOWN (HONDA)","2022","1","1 - NOT WORN"
"19837430","UVALDE","2023-10-23","0","1 - CLEAR","INDIAN MOTORCYCLE CO.","SPIRIT (INDIAN MOTORCYCLE CO.)","2021","0","2 - WORN, DAMAGED"
"19838531","OUTSIDE CITY LIMITS","2023-10-23","0","1 - CLEAR","HARLEY-DAVIDSON","UNKNOWN (HARLEY-DAVIDSON)","2022","0","3 - WORN, NOT DAMAGED"
"19842902","GARLAND","2023-10-23","0","1 - CLEAR","KAWASAKI","VN900 (KAWASAKI)","2009","0","1 - NOT WORN"
"19844271","OUTSIDE CITY LIMITS","2023-10-23","0","1 - CLEAR","HARLEY-DAVIDSON","FLHX (HARLEY-DAVIDSON)","2022","0","1 - NOT WORN"
"19844271","OUTSIDE CITY LIMITS","2023-10-23","0","1 - CLEAR","MAZDA","CX-30 (MAZDA)","2021","0","97 - NOT APPLICABLE"
"19847594","OUTSIDE CITY LIMITS","2023-10-23","1","2 - CLOUDY","NISSAN","MURANO (NISSAN)","2018","0","97 - NOT APPLICABLE"
"19847594","OUTSIDE CITY LIMITS","2023-10-23","1","2 - CLOUDY","HARLEY-DAVIDSON","UNKNOWN (HARLEY-DAVIDSON)","2012","1","4 - WORN, UNK DAMAGE"
"19851282","OUTSIDE CITY LIMITS","2023-10-24","0","1 - CLEAR","HARLEY-DAVIDSON","UNKNOWN (HARLEY-DAVIDSON)","2022","0","2 - WORN, DAMAGED"
"19851282","OUTSIDE CITY LIMITS","2023-10-24","0","1 - CLEAR","FORD","FUSION (FORD)","2014","0","97 - NOT APPLICABLE"
"19851282","OUTSIDE CITY LIMITS","2023-10-24","0","1 - CLEAR","FORD","FUSION (FORD)","2014","0","97 - NOT APPLICABLE"
"19870657","HOUSTON","2023-10-24","1","1 - CLEAR","HONDA","CBR600 (HONDA)","2007","1","2 - WORN, DAMAGED"
"19832417","LONGVIEW","2023-10-25","0","2 - CLOUDY","DODGE","JOURNEY (DODGE)","2016","0","97 - NOT APPLICABLE"
"19832417","LONGVIEW","2023-10-25","0","2 - CLOUDY","HONDA","CMX250 (HONDA)","2008","0","1 - NOT WORN"
"19833546","OUTSIDE CITY LIMITS","2023-10-25","0","1 - CLEAR","HARLEY-DAVIDSON","UNKNOWN (HARLEY-DAVIDSON)","2010","0","1 - NOT WORN"
"19833546","OUTSIDE CITY LIMITS","2023-10-25","0","1 - CLEAR","FORD","F250 (FORD)","1995","0","97 - NOT APPLICABLE"
"19833546","OUTSIDE CITY LIMITS","2023-10-25","0","1 - CLEAR","FORD","F250 (FORD)","1995","0","97 - NOT APPLICABLE"
"19833561","OUTSIDE CITY LIMITS","2023-10-25","1","1 - CLEAR","CHEVROLET","SILVERADO (CHEVROLET)","2010","0","97 - NOT APPLICABLE"
"19833561","OUTSIDE CITY LIMITS","2023-10-25","1","1 - CLEAR","CHEVROLET","SILVERADO (CHEVROLET)","2010","0","97 - NOT APPLICABLE"
"19833561","OUTSIDE CITY LIMITS","2023-10-25","1","1 - CLEAR","HARLEY-DAVIDSON","UNKNOWN (HARLEY-DAVIDSON)","2021","1","2 - WORN, DAMAGED"
"19833866","HUNTSVILLE","2023-10-25","0","1 - CLEAR","HARLEY-DAVIDSON","XL883 (HARLEY-DAVIDSON)","2013","0","2 - WORN, DAMAGED"
"19836198","MCKINNEY","2023-10-25","0","2 - CLOUDY","KAWASAKI","UNKNOWN (KAWASAKI)","2021","0","4 - WORN, UNK DAMAGE"
"19841978","OUTSIDE CITY LIMITS","2023-10-25","2","2 - CLOUDY","KIA","SPORTAGE (KIA)","2017","0","97 - NOT APPLICABLE"
"19841978","OUTSIDE CITY LIMITS","2023-10-25","2","2 - CLOUDY","HONDA","NCW50 (HONDA)","2024","1","1 - NOT WORN"
"19841978","OUTSIDE CITY LIMITS","2023-10-25","2","2 - CLOUDY","HONDA","NCW50 (HONDA)","2024","1","1 - NOT WORN"
"19845464","OUTSIDE CITY LIMITS","2023-10-25","1","2 - CLOUDY","KAWASAKI","ER650 (KAWASAKI)","2009","1","2 - WORN, DAMAGED"
"19847497","OUTSIDE CITY LIMITS","2023-10-25","0","1 - CLEAR","KAWASAKI","EX400 (KAWASAKI)","2023","0","2 - WORN, DAMAGED"
"19847497","OUTSIDE CITY LIMITS","2023-10-25","0","1 - CLEAR","KIA","BORREGO (KIA)","2009","0","97 - NOT APPLICABLE"
"19853037","OUTSIDE CITY LIMITS","2023-10-25","0","1 - CLEAR","HONDA","CBR600 (HONDA)","2008","0","1 - NOT WORN"
"19853355","GARLAND","2023-10-25","1","3 - RAIN","KAWASAKI","KX85 (KAWASAKI)","2011","1","1 - NOT WORN"
"19853355","GARLAND","2023-10-25","1","3 - RAIN","TOYOTA","CAMRY (TOYOTA)","2022","0","97 - NOT APPLICABLE"
"19853355","GARLAND","2023-10-25","1","3 - RAIN","TOYOTA","CAMRY (TOYOTA)","2022","0","97 - NOT APPLICABLE"
"19854413","GRAND PRAIRIE","2023-10-26","0","2 - CLOUDY","YAMAHA","FZR600 (YAMAHA)","2016","0","99 - UNKNOWN IF WORN"
"19854413","GRAND PRAIRIE","2023-10-26","0","2 - CLOUDY","HONDA","CBR1000 (HONDA)","2023","0","3 - WORN, NOT DAMAGED"
"19835129","GAINESVILLE","2023-10-27","0","3 - RAIN","HONDA","GL1200 (HONDA)","2010","0","2 - WORN, DAMAGED"
"19839583","COLLEGE STATION","2023-10-27","0","2 - CLOUDY","TOYOTA","CAMRY (TOYOTA)","2006","0","97 - NOT APPLICABLE"
"19839583","COLLEGE STATION","2023-10-27","0","2 - CLOUDY","HARLEY-DAVIDSON","XLH (HARLEY-DAVIDSON)","2008","0","3 - WORN, NOT DAMAGED"
"19841470","GREENVILLE","2023-10-27","0","1 - CLEAR","KAWASAKI","KX250 (KAWASAKI)","2011","0","1 - NOT WORN"
"19841470","GREENVILLE","2023-10-27","0","1 - CLEAR","FORD","F150 (FORD)","2019","0","97 - NOT APPLICABLE"
"19843979","HOUSTON","2023-10-27","0","1 - CLEAR","HONDA","GROM (HONDA)","2006","0","2 - WORN, DAMAGED"
"19846293","OUTSIDE CITY LIMITS","2023-10-27","0","1 - CLEAR","FORD","FOCUS (FORD)","2010","0","97 - NOT APPLICABLE"
"19846293","OUTSIDE CITY LIMITS","2023-10-27","0","1 - CLEAR","FORD","FOCUS (FORD)","2010","0","97 - NOT APPLICABLE"
"19846293","OUTSIDE CITY LIMITS","2023-10-27","0","1 - CLEAR","FORD","FOCUS (FORD)","2010","0","97 - NOT APPLICABLE"
"19846293","OUTSIDE CITY LIMITS","2023-10-27","0","1 - CLEAR","YAMAHA","UNKNOWN (YAMAHA)","2000","0","1 - NOT WORN"
"19846293","OUTSIDE CITY LIMITS","2023-10-27","0","1 - CLEAR","YAMAHA","UNKNOWN (YAMAHA)","2000","0","1 - NOT WORN"
"19850864","KILLEEN","2023-10-27","0","2 - CLOUDY","HARLEY-DAVIDSON","XL1200 (HARLEY-DAVIDSON)","2018","0","1 - NOT WORN"
"19866883","OUTSIDE CITY LIMITS","2023-10-27","1","1 - CLEAR","KAWASAKI","ZX600 (KAWASAKI)","2014","1","1 - NOT WORN"
"19836250","OUTSIDE CITY LIMITS","2023-10-28","0","1 - CLEAR","KAWASAKI","BR125 (KAWASAKI)","2023","0","1 - NOT WORN"
"19836924","FORT WORTH","2023-10-28","1","6 - FOG","KAWASAKI","ZX600 (KAWASAKI)","2013","1","2 - WORN, DAMAGED"
"19836924","FORT WORTH","2023-10-28","1","6 - FOG","HYUNDAI","SANTA FE (HYUNDAI)","2016","0","97 - NOT APPLICABLE"
"19836924","FORT WORTH","2023-10-28","1","6 - FOG","HYUNDAI","SANTA FE (HYUNDAI)","2016","0","97 - NOT APPLICABLE"
"19836924","FORT WORTH","2023-10-28","1","6 - FOG","HYUNDAI","SANTA FE (HYUNDAI)","2016","0","97 - NOT APPLICABLE"
"19841937","OUTSIDE CITY LIMITS","2023-10-28","0","1 - CLEAR","HARLEY-DAVIDSON","ELW (HARLEY-DAVIDSON)","2005","0","1 - NOT WORN"
"19843268","CORPUS CHRISTI","2023-10-28","0","1 - CLEAR","HONDA","PCX (HONDA)","2017","0","2 - WORN, DAMAGED"
"19844163","LAREDO","2023-10-28","1","1 - CLEAR","INDIAN MOTORCYCLE CO.","CHIEF (INDIAN MOTORCYCLE CO.)","2017","1","1 - NOT WORN"
"19844163","LAREDO","2023-10-28","1","1 - CLEAR","CHEVROLET","TRAX (CHEVROLET)","2017","0","97 - NOT APPLICABLE"
"19861063","BRYAN","2023-10-28","0","3 - RAIN","HARLEY-DAVIDSON","FLH (HARLEY-DAVIDSON)","2007","0","3 - WORN, NOT DAMAGED"
"19840095","LAREDO","2023-10-29","0","1 - CLEAR","FORD","MUSTANG (FORD)","2004","0","97 - NOT APPLICABLE"
"19840095","LAREDO","2023-10-29","0","1 - CLEAR","HARLEY-DAVIDSON","FXD (HARLEY-DAVIDSON)","2014","0","3 - WORN, NOT DAMAGED"
"19842383","HOUSTON","2023-10-29","0","1 - CLEAR","YAMAHA","FZR1000 (YAMAHA)","2015","0","99 - UNKNOWN IF WORN"
"19858139","OUTSIDE CITY LIMITS","2023-10-29","0","1 - CLEAR","HARLEY-DAVIDSON","UNKNOWN (HARLEY-DAVIDSON)","2008","0","4 - WORN, UNK DAMAGE"
"19845088","PLANO","2023-10-30","0","1 - CLEAR","HARLEY-DAVIDSON","FXB (HARLEY-DAVIDSON)","2023","0","1 - NOT WORN"
"19866461","DALLAS","2023-10-30","0","1 - CLEAR","CHEVROLET","IMPALA (CHEVROLET)","2014","0","97 - NOT APPLICABLE"
"19866461","DALLAS","2023-10-30","0","1 - CLEAR","HARLEY-DAVIDSON","XR1200 (HARLEY-DAVIDSON)","2002","0","3 - WORN, NOT DAMAGED"
"19882124","FORT WORTH","2023-10-30","0","1 - CLEAR","KAWASAKI","EX650 (KAWASAKI)","2017","0","2 - WORN, DAMAGED"
"19882124","FORT WORTH","2023-10-30","0","1 - CLEAR","FORD","F250 (FORD)","2012","0","97 - NOT APPLICABLE"
"19882124","FORT WORTH","2023-10-30","0","1 - CLEAR","FORD","F250 (FORD)","2012","0","97 - NOT APPLICABLE"
"19882124","FORT WORTH","2023-10-30","0","1 - CLEAR","INFINITI","QX60 (INFINITI)","2014","0","97 - NOT APPLICABLE"
"19882124","FORT WORTH","2023-10-30","0","1 - CLEAR","INFINITI","QX60 (INFINITI)","2014","0","97 - NOT APPLICABLE"
"19850572","DALLAS","2023-10-31","0","1 - CLEAR","No Data","No Data","No Data","0","97 - NOT APPLICABLE"
"19850572","DALLAS","2023-10-31","0","1 - CLEAR","KAWASAKI","NINJA ZX (KAWASAKI)","2015","0","2 - WORN, DAMAGED"
"19859921","OUTSIDE CITY LIMITS","2023-10-31","0","1 - CLEAR","HARLEY-DAVIDSON","FLH (HARLEY-DAVIDSON)","2019","0","2 - WORN, DAMAGED"
"19859921","OUTSIDE CITY LIMITS","2023-10-31","0","1 - CLEAR","TOYOTA","COROLLA (TOYOTA)","2013","0","97 - NOT APPLICABLE"
"19871250","OUTSIDE CITY LIMITS","2023-10-31","1","1 - CLEAR","HARLEY-DAVIDSON","UNKNOWN (HARLEY-DAVIDSON)","1992","1","2 - WORN, DAMAGED"
"19871250","OUTSIDE CITY LIMITS","2023-10-31","1","1 - CLEAR","KIA","SORENTO (KIA)","2016","0","97 - NOT APPLICABLE"
"19844922","BRENHAM","2023-11-01","0","1 - CLEAR","FORD","EXPLORER (FORD)","2013","0","97 - NOT APPLICABLE"
"19844922","BRENHAM","2023-11-01","0","1 - CLEAR","OTHER (EXPLAIN IN NARRATIVE)","UNKNOWN (OTHER (EXPLAIN IN NARRATIVE))","2010","0","4 - WORN, UNK DAMAGE"
"19869897","CORPUS CHRISTI","2023-11-01","1","1 - CLEAR","SUZUKI","SV650 (SUZUKI)","2000","1","1 - NOT WORN"
"19869897","CORPUS CHRISTI","2023-11-01","1","1 - CLEAR","LINCOLN","MKC (LINCOLN)","2019","0","97 - NOT APPLICABLE"
"19851721","BURLESON","2023-11-02","0","1 - CLEAR","TOYOTA","4RUNNER (TOYOTA)","2013","0","97 - NOT APPLICABLE"
"19851721","BURLESON","2023-11-02","0","1 - CLEAR","KTM","390 (KTM)","2020","0","2 - WORN, DAMAGED"
"19852678","LA MARQUE","2023-11-02","0","1 - CLEAR","HARLEY-DAVIDSON","FLDE (HARLEY-DAVIDSON)","2011","0","2 - WORN, DAMAGED"
"19857094","HOUSTON","2023-11-02","0","1 - CLEAR","YAMAHA","UNKNOWN (YAMAHA)","2010","0","2 - WORN, DAMAGED"
"19857808","OUTSIDE CITY LIMITS","2023-11-02","0","1 - CLEAR","HARLEY-DAVIDSON","FLH (HARLEY-DAVIDSON)","2021","0","2 - WORN, DAMAGED"
"19857808","OUTSIDE CITY LIMITS","2023-11-02","0","1 - CLEAR","CHEVROLET","EQUINOX (CHEVROLET)","2019","0","97 - NOT APPLICABLE"
"19865348","CORPUS CHRISTI","2023-11-02","1","1 - CLEAR","YAMAHA","MT09 (YAMAHA)","2023","1","2 - WORN, DAMAGED"
"19865348","CORPUS CHRISTI","2023-11-02","1","1 - CLEAR","CHEVROLET","SILVERADO (CHEVROLET)","2016","0","97 - NOT APPLICABLE"
"19869436","OUTSIDE CITY LIMITS","2023-11-02","0","1 - CLEAR","GMC","SIERRA (GMC)","2023","0","97 - NOT APPLICABLE"
"19869436","OUTSIDE CITY LIMITS","2023-11-02","0","1 - CLEAR","HARLEY-DAVIDSON","FLHX (HARLEY-DAVIDSON)","2014","0","2 - WORN, DAMAGED"
"19847773","QUINLAN","2023-11-03","0","1 - CLEAR","HARLEY-DAVIDSON","FLHT (HARLEY-DAVIDSON)","2023","0","1 - NOT WORN"
"19847773","QUINLAN","2023-11-03","0","1 - CLEAR","DODGE","CHALLENGER (DODGE)","2022","0","97 - NOT APPLICABLE"
"19847773","QUINLAN","2023-11-03","0","1 - CLEAR","DODGE","CHALLENGER (DODGE)","2022","0","97 - NOT APPLICABLE"
"19847773","QUINLAN","2023-11-03","0","1 - CLEAR","DODGE","CHALLENGER (DODGE)","2022","0","97 - NOT APPLICABLE"
"19848053","OUTSIDE CITY LIMITS","2023-11-03","0","1 - CLEAR","HONDA","GL1100 (HONDA)","2021","0","2 - WORN, DAMAGED"
"19848172","ROUND ROCK","2023-11-03","0","1 - CLEAR","HARLEY-DAVIDSON","FXB (HARLEY-DAVIDSON)","2020","0","1 - NOT WORN"
"19848397","CEDAR PARK","2023-11-03","0","1 - CLEAR","HUMMER","H3T (HUMMER)","2009","0","97 - NOT APPLICABLE"
"19848397","CEDAR PARK","2023-11-03","0","1 - CLEAR","YAMAHA","YZFR7 (YAMAHA)","2023","0","99 - UNKNOWN IF WORN"
"19851003","PEARLAND","2023-11-03","1","6 - FOG","YAMAHA","FZ6 (YAMAHA)","2009","1","2 - WORN, DAMAGED"
"19864686","ATLANTA","2023-11-03","0","1 - CLEAR","HARLEY-DAVIDSON","FXDCI (HARLEY-DAVIDSON)","2006","0","2 - WORN, DAMAGED"
"19864686","ATLANTA","2023-11-03","0","1 - CLEAR","GMC","ACADIA (GMC)","2012","0","97 - NOT APPLICABLE"
"19871988","OUTSIDE CITY LIMITS","2023-11-03","0","1 - CLEAR","HONDA","XL125 (HONDA)","1978","0","1 - NOT WORN"
"19849221","GALVESTON","2023-11-04","0","1 - CLEAR","TOYOTA","COROLLA (TOYOTA)","2020","0","97 - NOT APPLICABLE"
"19849221","GALVESTON","2023-11-04","0","1 - CLEAR","SUZUKI","UNKNOWN (SUZUKI)","2006","0","4 - WORN, UNK DAMAGE"
"19849282","GALVESTON","2023-11-04","0","1 - CLEAR","HARLEY-DAVIDSON","FLD (HARLEY-DAVIDSON)","2006","0","2 - WORN, DAMAGED"
"19849282","GALVESTON","2023-11-04","0","1 - CLEAR","HYUNDAI","ACCENT (HYUNDAI)","2017","0","97 - NOT APPLICABLE"
"19849365","IRVING","2023-11-04","0","1 - CLEAR","KAWASAKI","EX650 (KAWASAKI)","2009","0","2 - WORN, DAMAGED"
"19849365","IRVING","2023-11-04","0","1 - CLEAR","No Data","No Data","No Data","0","97 - NOT APPLICABLE"
"19850423","WAXAHACHIE","2023-11-04","0","1 - CLEAR","HARLEY-DAVIDSON","FXD (HARLEY-DAVIDSON)","2015","0","4 - WORN, UNK DAMAGE"
"19850423","WAXAHACHIE","2023-11-04","0","1 - CLEAR","DODGE","JOURNEY (DODGE)","2020","0","97 - NOT APPLICABLE"
"19850503","DALLAS","2023-11-04","0","2 - CLOUDY","No Data","No Data","No Data","0","97 - NOT APPLICABLE"
"19850503","DALLAS","2023-11-04","0","2 - CLOUDY","YAMAHA","MT-01 (YAMAHA)","2019","0","2 - WORN, DAMAGED"
"19850779","LEAGUE CITY","2023-11-04","0","1 - CLEAR","VICTORIA IRON & METAL","NOT APPLICABLE (VICTORIA IRON & METAL)","2002","0","1 - NOT WORN"
"19851911","HOUSTON","2023-11-04","0","1 - CLEAR","OTHER (EXPLAIN IN NARRATIVE)","OTHER (EXPLAIN IN NARRATIVE) (OTHER (EXPLAIN IN NARRATIVE))","No Data","0","4 - WORN, UNK DAMAGE"
"19851911","HOUSTON","2023-11-04","0","1 - CLEAR","CHEVROLET","EXPRESS (CHEVROLET)","2010","0","97 - NOT APPLICABLE"
"19851911","HOUSTON","2023-11-04","0","1 - CLEAR","CHEVROLET","EXPRESS (CHEVROLET)","2010","0","97 - NOT APPLICABLE"
"19851994","OUTSIDE CITY LIMITS","2023-11-04","0","1 - CLEAR","TOYOTA","CAMRY (TOYOTA)","2017","0","97 - NOT APPLICABLE"
"19851994","OUTSIDE CITY LIMITS","2023-11-04","0","1 - CLEAR","HARLEY-DAVIDSON","UNKNOWN (HARLEY-DAVIDSON)","2014","0","4 - WORN, UNK DAMAGE"
"19859629","OUTSIDE CITY LIMITS","2023-11-04","0","1 - CLEAR","KAWASAKI","EX400 (KAWASAKI)","2020","0","4 - WORN, UNK DAMAGE"
"19860878","WACO","2023-11-04","0","1 - CLEAR","CHEVROLET","TRAX (CHEVROLET)","2021","0","97 - NOT APPLICABLE"
"19860878","WACO","2023-11-04","0","1 - CLEAR","CHEVROLET","TRAX (CHEVROLET)","2021","0","97 - NOT APPLICABLE"
"19860878","WACO","2023-11-04","0","1 - CLEAR","SUZUKI","AN650 (SUZUKI)","2003","0","4 - WORN, UNK DAMAGE"
"19865083","OUTSIDE CITY LIMITS","2023-11-04","0","1 - CLEAR","OTHER (EXPLAIN IN NARRATIVE)","OTHER (EXPLAIN IN NARRATIVE) (OTHER (EXPLAIN IN NARRATIVE))","2021","0","1 - NOT WORN"
"19865083","OUTSIDE CITY LIMITS","2023-11-04","0","1 - CLEAR","NISSAN","VAN (NISSAN)","2013","0","97 - NOT APPLICABLE"
"19865083","OUTSIDE CITY LIMITS","2023-11-04","0","1 - CLEAR","NISSAN","VAN (NISSAN)","2013","0","97 - NOT APPLICABLE"
"19865083","OUTSIDE CITY LIMITS","2023-11-04","0","1 - CLEAR","NISSAN","VAN (NISSAN)","2013","0","97 - NOT APPLICABLE"
"19868432","OUTSIDE CITY LIMITS","2023-11-04","0","1 - CLEAR","KAWASAKI","KLX125 (KAWASAKI)","2005","0","1 - NOT WORN"
"19868432","OUTSIDE CITY LIMITS","2023-11-04","0","1 - CLEAR","KAWASAKI","KLX125 (KAWASAKI)","2005","0","1 - NOT WORN"
"19869341","OUTSIDE CITY LIMITS","2023-11-04","1","1 - CLEAR","FREIGHTLINER","UNKNOWN (FREIGHTLINER)","1995","0","97 - NOT APPLICABLE"
"19869341","OUTSIDE CITY LIMITS","2023-11-04","1","1 - CLEAR","HARLEY-DAVIDSON","UNKNOWN (HARLEY-DAVIDSON)","2015","1","1 - NOT WORN"
"19873679","NEW BRAUNFELS","2023-11-04","0","1 - CLEAR","BUICK","LACROSSE (BUICK)","2011","0","97 - NOT APPLICABLE"
"19873679","NEW BRAUNFELS","2023-11-04","0","1 - CLEAR","BUICK","LACROSSE (BUICK)","2011","0","97 - NOT APPLICABLE"
"19873679","NEW BRAUNFELS","2023-11-04","0","1 - CLEAR","HARLEY-DAVIDSON","UNKNOWN (HARLEY-DAVIDSON)","2020","0","2 - WORN, DAMAGED"
"19876560","BAYTOWN","2023-11-04","1","1 - CLEAR","YAMAHA","YZ250 (YAMAHA)","2022","1","1 - NOT WORN"
"19876560","BAYTOWN","2023-11-04","1","1 - CLEAR","JEEP","CHEROKEE (JEEP)","2017","0","97 - NOT APPLICABLE"
"19890728","SAN MARCOS","2023-11-04","0","1 - CLEAR","FORD","ESCAPE (FORD)","2021","0","97 - NOT APPLICABLE"
"19890728","SAN MARCOS","2023-11-04","0","1 - CLEAR","FORD","ESCAPE (FORD)","2021","0","97 - NOT APPLICABLE"
"19890728","SAN MARCOS","2023-11-04","0","1 - CLEAR","KAWASAKI","UNKNOWN (KAWASAKI)","2023","0","2 - WORN, DAMAGED"
"19849843","PORT ARANSAS","2023-11-05","0","1 - CLEAR","HARLEY-DAVIDSON","FLHTI (HARLEY-DAVIDSON)","2003","0","1 - NOT WORN"
"19850273","SAN ANTONIO","2023-11-05","0","1 - CLEAR","CHEVROLET","TAHOE (CHEVROLET)","2015","0","97 - NOT APPLICABLE"
"19850273","SAN ANTONIO","2023-11-05","0","1 - CLEAR","HONDA","CR80 (HONDA)","2004","0","4 - WORN, UNK DAMAGE"
"19850498","OUTSIDE CITY LIMITS","2023-11-05","0","1 - CLEAR","KAWASAKI","VULCAN 2000 (KAWASAKI)","2004","0","2 - WORN, DAMAGED"
"19850662","OUTSIDE CITY LIMITS","2023-11-05","0","1 - CLEAR","HARLEY-DAVIDSON","FLS (HARLEY-DAVIDSON)","2007","0","1 - NOT WORN"
"19850662","OUTSIDE CITY LIMITS","2023-11-05","0","1 - CLEAR","HARLEY-DAVIDSON","FLS (HARLEY-DAVIDSON)","2007","0","1 - NOT WORN"
"19851065","OUTSIDE CITY LIMITS","2023-11-05","0","1 - CLEAR","HARLEY-DAVIDSON","FXST (HARLEY-DAVIDSON)","2022","0","3 - WORN, NOT DAMAGED"
"19851101","HUTCHINS","2023-11-05","0","1 - CLEAR","KAWASAKI","VULCAN 2000 (KAWASAKI)","1999","0","1 - NOT WORN"
"19851101","HUTCHINS","2023-11-05","0","1 - CLEAR","KAWASAKI","VULCAN 2000 (KAWASAKI)","1999","0","3 - WORN, NOT DAMAGED"
"19852725","TEMPLE","2023-11-05","0","1 - CLEAR","HONDA","CBR600 (HONDA)","2006","0","2 - WORN, DAMAGED"
"19852725","TEMPLE","2023-11-05","0","1 - CLEAR","NISSAN","MURANO (NISSAN)","2021","0","97 - NOT APPLICABLE"
"19852725","TEMPLE","2023-11-05","0","1 - CLEAR","NISSAN","MURANO (NISSAN)","2021","0","97 - NOT APPLICABLE"
"19853099","OUTSIDE CITY LIMITS","2023-11-05","0","1 - CLEAR","MITSUBISHI","GALANT (MITSUBISHI)","2006","0","97 - NOT APPLICABLE"
"19853099","OUTSIDE CITY LIMITS","2023-11-05","0","1 - CLEAR","ALL OTHER MAKES","UNKNOWN (ALL OTHER MAKES)","2022","0","1 - NOT WORN"
"19853439","GALVESTON","2023-11-05","1","1 - CLEAR","HARLEY-DAVIDSON","FLH (HARLEY-DAVIDSON)","2016","1","99 - UNKNOWN IF WORN"
"19854824","OUTSIDE CITY LIMITS","2023-11-05","0","1 - CLEAR","HARLEY-DAVIDSON","FLH (HARLEY-DAVIDSON)","2016","0","2 - WORN, DAMAGED"
"19858104","LACY-LAKEVIEW","2023-11-05","0","1 - CLEAR","No Data","No Data","No Data","0","99 - UNKNOWN IF WORN"
"19858104","LACY-LAKEVIEW","2023-11-05","0","1 - CLEAR","No Data","No Data","No Data","0","3 - WORN, NOT DAMAGED"
"19860606","ARLINGTON","2023-11-05","0","1 - CLEAR","KAWASAKI","NINJA ZX (KAWASAKI)","2017","0","2 - WORN, DAMAGED"
"19860606","ARLINGTON","2023-11-05","0","1 - CLEAR","GMC","SIERRA C1500 (GMC)","2005","0","97 - NOT APPLICABLE"
"19864095","COLLEGE STATION","2023-11-05","0","1 - CLEAR","HONDA","CRF250 (HONDA)","2017","0","1 - NOT WORN"
"19868806","OUTSIDE CITY LIMITS","2023-11-05","0","1 - CLEAR","KAWASAKI","KZ650 (KAWASAKI)","2023","0","1 - NOT WORN"
"19874101","GARLAND","2023-11-05","0","1 - CLEAR","UNKNOWN","UNKNOWN (UNKNOWN)","No Data","0","97 - NOT APPLICABLE"
"19874101","GARLAND","2023-11-05","0","1 - CLEAR","HONDA","CMX500 (HONDA)","2018","0","4 - WORN, UNK DAMAGE"
"19908132","OUTSIDE CITY LIMITS","2023-11-05","1","1 - CLEAR","CHEVROLET","S10 (CHEVROLET)","2001","0","97 - NOT APPLICABLE"
"19908132","OUTSIDE CITY LIMITS","2023-11-05","1","1 - CLEAR","HARLEY-DAVIDSON","XL883 (HARLEY-DAVIDSON)","2001","1","1 - NOT WORN"
"19860583","FORT WORTH","2023-11-06","0","1 - CLEAR","YAMAHA","XVS1300 (YAMAHA)","2002","0","1 - NOT WORN"
"19860583","FORT WORTH","2023-11-06","0","1 - CLEAR","TOYOTA","COROLLA (TOYOTA)","2018","0","97 - NOT APPLICABLE"
"19869570","PEARLAND","2023-11-06","1","1 - CLEAR","CHEVROLET","SILVERADO C2500 (CHEVROLET)","2011","0","97 - NOT APPLICABLE"
"19869570","PEARLAND","2023-11-06","1","1 - CLEAR","KAWASAKI","EX650 (KAWASAKI)","2022","1","2 - WORN, DAMAGED"
"19903044","HOUSTON","2023-11-06","1","1 - CLEAR","HARLEY-DAVIDSON","FLTR (HARLEY-DAVIDSON)","1998","1","1 - NOT WORN"
"19853931","DALLAS","2023-11-07","0","1 - CLEAR","HONDA","CBR600 (HONDA)","2007","0","2 - WORN, DAMAGED"
"19853931","DALLAS","2023-11-07","0","1 - CLEAR","UNKNOWN","UNKNOWN (UNKNOWN)","No Data","0","97 - NOT APPLICABLE"
"19854175","DALLAS","2023-11-07","0","1 - CLEAR","HONDA","ACCORD (HONDA)","2022","0","97 - NOT APPLICABLE"
"19854175","DALLAS","2023-11-07","0","1 - CLEAR","ROYAL ENFIELD MOTORS","INT 650 (ROYAL ENFIELD MOTORS)","2022","0","2 - WORN, DAMAGED"
"19855387","CARROLLTON","2023-11-07","0","1 - CLEAR","HYUNDAI","ACCENT (HYUNDAI)","2017","0","97 - NOT APPLICABLE"
"19855387","CARROLLTON","2023-11-07","0","1 - CLEAR","HONDA","GROM (HONDA)","2023","0","1 - NOT WORN"
"19855509","ALVIN","2023-11-07","0","1 - CLEAR","TOYOTA","SEQUOIA (TOYOTA)","2008","0","97 - NOT APPLICABLE"
"19855509","ALVIN","2023-11-07","0","1 - CLEAR","HARLEY-DAVIDSON","FXD (HARLEY-DAVIDSON)","2013","0","4 - WORN, UNK DAMAGE"
"19855523","SAN ANTONIO","2023-11-07","0","1 - CLEAR","SUBARU","CROSSTREK (SUBARU)","2011","0","97 - NOT APPLICABLE"
"19855523","SAN ANTONIO","2023-11-07","0","1 - CLEAR","SUBARU","CROSSTREK (SUBARU)","2011","0","97 - NOT APPLICABLE"
"19855523","SAN ANTONIO","2023-11-07","0","1 - CLEAR","HARLEY-DAVIDSON","FXDX (HARLEY-DAVIDSON)","2011","0","1 - NOT WORN"
"19857444","GEORGETOWN","2023-11-07","0","2 - CLOUDY","FORD","RANGER (FORD)","2019","0","97 - NOT APPLICABLE"
"19857444","GEORGETOWN","2023-11-07","0","2 - CLOUDY","YAMAHA","SR400 (YAMAHA)","2015","0","3 - WORN, NOT DAMAGED"
"19859843","SAGINAW","2023-11-07","0","1 - CLEAR","HONDA","GROM (HONDA)","No Data","0","1 - NOT WORN"
"19859843","SAGINAW","2023-11-07","0","1 - CLEAR","FORD","FREESTAR (FORD)","2005","0","97 - NOT APPLICABLE"
"19859867","OUTSIDE CITY LIMITS","2023-11-07","1","1 - CLEAR","HARLEY-DAVIDSON","XL1200 (HARLEY-DAVIDSON)","2007","1","1 - NOT WORN"
"19862362","WEBSTER","2023-11-07","0","1 - CLEAR","HONDA","CBR1000 (HONDA)","2021","0","99 - UNKNOWN IF WORN"
"19862362","WEBSTER","2023-11-07","0","1 - CLEAR","KAWASAKI","NINJA ZX (KAWASAKI)","2021","0","99 - UNKNOWN IF WORN"
"19863330","SMITHVILLE","2023-11-07","0","1 - CLEAR","FORD","F150 (FORD)","2016","0","97 - NOT APPLICABLE"
"19863330","SMITHVILLE","2023-11-07","0","1 - CLEAR","HONDA","SXS500 (HONDA)","2007","0","1 - NOT WORN"
"19863495","OUTSIDE CITY LIMITS","2023-11-07","0","1 - CLEAR","CHEVROLET","TAHOE (CHEVROLET)","2022","0","97 - NOT APPLICABLE"
"19863495","OUTSIDE CITY LIMITS","2023-11-07","0","1 - CLEAR","YAMAHA","YZFR7 (YAMAHA)","2022","0","2 - WORN, DAMAGED"
"19908529","LAGO VISTA","2023-11-07","0","1 - CLEAR","TOYOTA","PRIUS (TOYOTA)","2011","0","97 - NOT APPLICABLE"
"19908529","LAGO VISTA","2023-11-07","0","1 - CLEAR","TOYOTA","PRIUS (TOYOTA)","2011","0","97 - NOT APPLICABLE"
"19908529","LAGO VISTA","2023-11-07","0","1 - CLEAR","SUZUKI","GSX-R600 (SUZUKI)","2005","0","1 - NOT WORN"
"19857571","HIDALGO","2023-11-08","0","1 - CLEAR","FORD","ESCAPE (FORD)","2019","0","97 - NOT APPLICABLE"
"19857571","HIDALGO","2023-11-08","0","1 - CLEAR","KAWASAKI","ER400 (KAWASAKI)","2023","0","2 - WORN, DAMAGED"
"19857703","AUSTIN","2023-11-08","0","1 - CLEAR","KAWASAKI","UNKNOWN (KAWASAKI)","2024","0","2 - WORN, DAMAGED"
"19857703","AUSTIN","2023-11-08","0","1 - CLEAR","MAZDA","6 (MAZDA)","2010","0","97 - NOT APPLICABLE"
"19859325","SAN ANTONIO","2023-11-08","0","1 - CLEAR","HARLEY-DAVIDSON","FXLR (HARLEY-DAVIDSON)","2021","0","1 - NOT WORN"
"19859325","SAN ANTONIO","2023-11-08","0","1 - CLEAR","CHEVROLET","IMPALA (CHEVROLET)","2015","0","97 - NOT APPLICABLE"
"19859517","MURPHY","2023-11-08","0","1 - CLEAR","HARLEY-DAVIDSON","FXD (HARLEY-DAVIDSON)","2016","0","4 - WORN, UNK DAMAGE"
"19863438","LONGVIEW","2023-11-08","1","1 - CLEAR","GMC","YUKON XL (GMC)","2017","0","97 - NOT APPLICABLE"
"19863438","LONGVIEW","2023-11-08","1","1 - CLEAR","KAWASAKI","ER650 (KAWASAKI)","2022","1","2 - WORN, DAMAGED"
"19864740","KILLEEN","2023-11-08","0","1 - CLEAR","HONDA","ACCORD (HONDA)","2019","0","97 - NOT APPLICABLE"
"19864740","KILLEEN","2023-11-08","0","1 - CLEAR","SUZUKI","GSX1300 (SUZUKI)","2008","0","4 - WORN, UNK DAMAGE"
"19866016","OUTSIDE CITY LIMITS","2023-11-08","0","1 - CLEAR","HARLEY-DAVIDSON","XL1200 (HARLEY-DAVIDSON)","2000","0","1 - NOT WORN"
"19866016","OUTSIDE CITY LIMITS","2023-11-08","0","1 - CLEAR","CHEVROLET","EQUINOX (CHEVROLET)","2020","0","97 - NOT APPLICABLE"
"19866016","OUTSIDE CITY LIMITS","2023-11-08","0","1 - CLEAR","CHEVROLET","EQUINOX (CHEVROLET)","2020","0","97 - NOT APPLICABLE"
"19866016","OUTSIDE CITY LIMITS","2023-11-08","0","1 - CLEAR","CHEVROLET","EQUINOX (CHEVROLET)","2020","0","97 - NOT APPLICABLE"
"19866016","OUTSIDE CITY LIMITS","2023-11-08","0","1 - CLEAR","CHEVROLET","EQUINOX (CHEVROLET)","2020","0","97 - NOT APPLICABLE"
"19869656","OUTSIDE CITY LIMITS","2023-11-08","0","1 - CLEAR","HARLEY-DAVIDSON","FXDC (HARLEY-DAVIDSON)","2005","0","3 - WORN, NOT DAMAGED"
"19869656","OUTSIDE CITY LIMITS","2023-11-08","0","1 - CLEAR","GMC","ACADIA (GMC)","2019","0","97 - NOT APPLICABLE"
"19868610","PORT ARTHUR","2023-11-09","0","1 - CLEAR","HONDA","VTX1300 (HONDA)","2007","0","1 - NOT WORN"
"19885530","OUTSIDE CITY LIMITS","2023-11-09","0","1 - CLEAR","FORD","EXPLORER (FORD)","2012","0","97 - NOT APPLICABLE"
"19885530","OUTSIDE CITY LIMITS","2023-11-09","0","1 - CLEAR","FORD","EXPLORER (FORD)","2012","0","97 - NOT APPLICABLE"
"19885530","OUTSIDE CITY LIMITS","2023-11-09","0","1 - CLEAR","OTHER (EXPLAIN IN NARRATIVE)","OTHER (EXPLAIN IN NARRATIVE) (OTHER (EXPLAIN IN NARRATIVE))","2020","0","1 - NOT WORN"
"19887629","SAN ANTONIO","2023-11-09","0","1 - CLEAR","YAMAHA","UNKNOWN (YAMAHA)","1996","0","1 - NOT WORN"
"19887629","SAN ANTONIO","2023-11-09","0","1 - CLEAR","YAMAHA","UNKNOWN (YAMAHA)","1996","0","3 - WORN, NOT DAMAGED"
"19867456","LONGVIEW","2023-11-10","0","1 - CLEAR","SUZUKI","GSX-R600 (SUZUKI)","2007","0","3 - WORN, NOT DAMAGED"
"19867456","LONGVIEW","2023-11-10","0","1 - CLEAR","NISSAN","ALTIMA (NISSAN)","2019","0","97 - NOT APPLICABLE"
"19873878","FORT WORTH","2023-11-10","0","2 - CLOUDY","UNKNOWN","UNKNOWN (UNKNOWN)","2000","0","99 - UNKNOWN IF WORN"
"19873878","FORT WORTH","2023-11-10","0","2 - CLOUDY","CHEVROLET","SILVERADO (CHEVROLET)","2008","0","97 - NOT APPLICABLE"
"19873878","FORT WORTH","2023-11-10","0","2 - CLOUDY","CHEVROLET","SILVERADO (CHEVROLET)","2008","0","97 - NOT APPLICABLE"
"19878349","OUTSIDE CITY LIMITS","2023-11-10","0","2 - CLOUDY","HONDA","UNKNOWN (HONDA)","2012","0","3 - WORN, NOT DAMAGED"
"19880697","AUSTIN","2023-11-10","0","3 - RAIN","HARLEY-DAVIDSON","XL1200 (HARLEY-DAVIDSON)","2022","0","1 - NOT WORN"
"19885098","OUTSIDE CITY LIMITS","2023-11-10","0","1 - CLEAR","YAMAHA","BW350 (YAMAHA)","2014","0","1 - NOT WORN"
"19885098","OUTSIDE CITY LIMITS","2023-11-10","0","1 - CLEAR","YAMAHA","BW350 (YAMAHA)","2014","0","1 - NOT WORN"
"19885098","OUTSIDE CITY LIMITS","2023-11-10","0","1 - CLEAR","YAMAHA","BW350 (YAMAHA)","2014","0","1 - NOT WORN"
"19900426","DALLAS","2023-11-10","0","1 - CLEAR","No Data","No Data","No Data","0","97 - NOT APPLICABLE"
"19900426","DALLAS","2023-11-10","0","1 - CLEAR","SUZUKI","GSX-R600 (SUZUKI)","2002","0","2 - WORN, DAMAGED"
"19862384","TEXAS CITY","2023-11-11","0","1 - CLEAR","DUCATI","848 (DUCATI)","2009","0","99 - UNKNOWN IF WORN"
"19863552","PEARSALL","2023-11-11","0","2 - CLOUDY","HARLEY-DAVIDSON","FLHC (HARLEY-DAVIDSON)","2020","0","1 - NOT WORN"
"19866960","ARLINGTON","2023-11-11","1","1 - CLEAR","LEXUS","ES 300 (LEXUS)","1999","0","97 - NOT APPLICABLE"
"19866960","ARLINGTON","2023-11-11","1","1 - CLEAR","HONDA","VTX1300 (HONDA)","2006","1","1 - NOT WORN"
"19870236","WAXAHACHIE","2023-11-11","0","1 - CLEAR","HONDA","UNKNOWN (HONDA)","2006","0","2 - WORN, DAMAGED"
"19876870","OUTSIDE CITY LIMITS","2023-11-11","0","2 - CLOUDY","HARLEY-DAVIDSON","FXDP (HARLEY-DAVIDSON)","2001","0","2 - WORN, DAMAGED"
"19882590","OUTSIDE CITY LIMITS","2023-11-11","1","2 - CLOUDY","YAMAHA","MT09 (YAMAHA)","2019","1","2 - WORN, DAMAGED"
"19882590","OUTSIDE CITY LIMITS","2023-11-11","1","2 - CLOUDY","DODGE","AVENGER (DODGE)","2008","0","97 - NOT APPLICABLE"
"19869993","OUTSIDE CITY LIMITS","2023-11-12","2","1 - CLEAR","HARLEY-DAVIDSON","FLT (HARLEY-DAVIDSON)","2023","1","3 - WORN, NOT DAMAGED"
"19869993","OUTSIDE CITY LIMITS","2023-11-12","2","1 - CLEAR","HARLEY-DAVIDSON","FLT (HARLEY-DAVIDSON)","2023","1","3 - WORN, NOT DAMAGED"
"19869993","OUTSIDE CITY LIMITS","2023-11-12","2","1 - CLEAR","DODGE","RAM 1500 (DODGE)","2001","0","97 - NOT APPLICABLE"
"19881665","DALLAS","2023-11-12","0","1 - CLEAR","UNKNOWN","UNKNOWN (UNKNOWN)","No Data","0","97 - NOT APPLICABLE"
"19881665","DALLAS","2023-11-12","0","1 - CLEAR","DUCATI","PANIGALE (DUCATI)","2020","0","2 - WORN, DAMAGED"
"19882948","OUTSIDE CITY LIMITS","2023-11-12","0","1 - CLEAR","YAMAHA","XVS1100 (YAMAHA)","2006","0","2 - WORN, DAMAGED"
"19887546","OUTSIDE CITY LIMITS","2023-11-12","0","2 - CLOUDY","INDIAN MOTORCYCLE CO.","SCOUT (INDIAN MOTORCYCLE CO.)","2019","0","3 - WORN, NOT DAMAGED"
"19915308","BARTONVILLE","2023-11-12","0","1 - CLEAR","YAMAHA","UNKNOWN (YAMAHA)","1978","0","2 - WORN, DAMAGED"
"19880602","TRINITY","2023-11-13","0","1 - CLEAR","HARLEY-DAVIDSON","ELW (HARLEY-DAVIDSON)","No Data","0","2 - WORN, DAMAGED"
"19883261","OUTSIDE CITY LIMITS","2023-11-13","0","1 - CLEAR","SUZUKI","GSX-S750 (SUZUKI)","2006","0","2 - WORN, DAMAGED"
"19883261","OUTSIDE CITY LIMITS","2023-11-13","0","1 - CLEAR","FORD","F750 (FORD)","2015","0","97 - NOT APPLICABLE"
"19892243","DALLAS","2023-11-13","1","2 - CLOUDY","FORD","F150 (FORD)","2013","0","97 - NOT APPLICABLE"
"19892243","DALLAS","2023-11-13","1","2 - CLOUDY","KAWASAKI","ZX636 (KAWASAKI)","2022","1","2 - WORN, DAMAGED"
"19866565","OUTSIDE CITY LIMITS","2023-11-14","0","1 - CLEAR","HARLEY-DAVIDSON","FLH (HARLEY-DAVIDSON)","2021","0","2 - WORN, DAMAGED"
"19868217","WAXAHACHIE","2023-11-14","0","1 - CLEAR","KTM","790 (KTM)","2020","0","2 - WORN, DAMAGED"
"19872654","PLANO","2023-11-14","1","2 - CLOUDY","KAWASAKI","ZX636 (KAWASAKI)","2021","1","2 - WORN, DAMAGED"
"19876799","HOUSTON","2023-11-14","0","1 - CLEAR","UNKNOWN","UNKNOWN (UNKNOWN)","2022","0","1 - NOT WORN"
"19876799","HOUSTON","2023-11-14","0","1 - CLEAR","DODGE","RAM 1500 (DODGE)","2005","0","97 - NOT APPLICABLE"
"19878956","HOUSTON","2023-11-14","0","1 - CLEAR","YAMAHA","MT09 (YAMAHA)","2018","0","3 - WORN, NOT DAMAGED"
"19878956","HOUSTON","2023-11-14","0","1 - CLEAR","HARLEY-DAVIDSON","FXD (HARLEY-DAVIDSON)","2010","0","1 - NOT WORN"
"19878956","HOUSTON","2023-11-14","0","1 - CLEAR","CHEVROLET","SILVERADO (CHEVROLET)","2011","0","97 - NOT APPLICABLE"
"19879867","DALLAS","2023-11-14","0","2 - CLOUDY","KAWASAKI","UNKNOWN (KAWASAKI)","2023","0","2 - WORN, DAMAGED"
"19879867","DALLAS","2023-11-14","0","2 - CLOUDY","No Data","No Data","No Data","0","97 - NOT APPLICABLE"
"19881636","STEPHENVILLE","2023-11-14","0","1 - CLEAR","NISSAN","MURANO (NISSAN)","2011","0","97 - NOT APPLICABLE"
"19881636","STEPHENVILLE","2023-11-14","0","1 - CLEAR","HARLEY-DAVIDSON","FLST (HARLEY-DAVIDSON)","2015","0","1 - NOT WORN"
"19885766","OUTSIDE CITY LIMITS","2023-11-14","1","1 - CLEAR","FORD","EDGE (FORD)","2010","0","97 - NOT APPLICABLE"
"19885766","OUTSIDE CITY LIMITS","2023-11-14","1","1 - CLEAR","HARLEY-DAVIDSON","FLS (HARLEY-DAVIDSON)","2015","1","1 - NOT WORN"
"19869540","AUSTIN","2023-11-15","1","1 - CLEAR","YAMAHA","UNKNOWN (YAMAHA)","2021","1","2 - WORN, DAMAGED"
"19869540","AUSTIN","2023-11-15","1","1 - CLEAR","BMW","3 SERIES (BMW)","2009","0","97 - NOT APPLICABLE"
"19869540","AUSTIN","2023-11-15","1","1 - CLEAR","BMW","3 SERIES (BMW)","2009","0","97 - NOT APPLICABLE"
"19871044","OUTSIDE CITY LIMITS","2023-11-15","0","1 - CLEAR","HARLEY-DAVIDSON","UNKNOWN (HARLEY-DAVIDSON)","2004","0","1 - NOT WORN"
"19871082","OUTSIDE CITY LIMITS","2023-11-15","0","1 - CLEAR","CAN-AM","SPYDER ROADSTER (CAN-AM)","2018","0","4 - WORN, UNK DAMAGE"
"19873660","OUTSIDE CITY LIMITS","2023-11-15","0","1 - CLEAR","HARLEY-DAVIDSON","FLS (HARLEY-DAVIDSON)","2016","0","2 - WORN, DAMAGED"
"19877910","CONROE","2023-11-15","0","2 - CLOUDY","GMC","YUKON (GMC)","2008","0","97 - NOT APPLICABLE"
"19877910","CONROE","2023-11-15","0","2 - CLOUDY","GMC","YUKON (GMC)","2008","0","97 - NOT APPLICABLE"
"19877910","CONROE","2023-11-15","0","2 - CLOUDY","GMC","YUKON (GMC)","2008","0","97 - NOT APPLICABLE"
"19877910","CONROE","2023-11-15","0","2 - CLOUDY","HARLEY-DAVIDSON","FLH (HARLEY-DAVIDSON)","2011","0","2 - WORN, DAMAGED"
"19880916","OUTSIDE CITY LIMITS","2023-11-15","0","1 - CLEAR","FORD","No Data","No Data","0","97 - NOT APPLICABLE"
"19880916","OUTSIDE CITY LIMITS","2023-11-15","0","1 - CLEAR","BMW","S 1000 (BMW)","2014","0","99 - UNKNOWN IF WORN"
"19889146","OUTSIDE CITY LIMITS","2023-11-15","0","1 - CLEAR","DODGE","DAKOTA (DODGE)","2001","0","97 - NOT APPLICABLE"
"19889146","OUTSIDE CITY LIMITS","2023-11-15","0","1 - CLEAR","HONDA","VT600 (HONDA)","2002","0","2 - WORN, DAMAGED"
"19894189","LAREDO","2023-11-15","0","1 - CLEAR","KAWASAKI","UNKNOWN (KAWASAKI)","2009","0","1 - NOT WORN"
"19894624","OUTSIDE CITY LIMITS","2023-11-15","0","1 - CLEAR","HARLEY-DAVIDSON","FXDWG (HARLEY-DAVIDSON)","2007","0","4 - WORN, UNK DAMAGE"
"19895031","OUTSIDE CITY LIMITS","2023-11-15","0","1 - CLEAR","KTM","ROAD (KTM)","2014","0","2 - WORN, DAMAGED"
"19875695","EL PASO","2023-11-16","0","1 - CLEAR","HARLEY-DAVIDSON","FXD (HARLEY-DAVIDSON)","2007","0","2 - WORN, DAMAGED"
"19875727","OUTSIDE CITY LIMITS","2023-11-16","0","2 - CLOUDY","SUZUKI","GSX (SUZUKI)","2018","0","2 - WORN, DAMAGED"
"19877172","MESQUITE","2023-11-16","1","1 - CLEAR","BMW","S 1000 (BMW)","2013","1","2 - WORN, DAMAGED"
"19877172","MESQUITE","2023-11-16","1","1 - CLEAR","MAZDA","CX-9 (MAZDA)","2021","0","97 - NOT APPLICABLE"
"19877172","MESQUITE","2023-11-16","1","1 - CLEAR","MAZDA","CX-9 (MAZDA)","2021","0","97 - NOT APPLICABLE"
"19880070","SUGAR LAND","2023-11-16","0","1 - CLEAR","KAWASAKI","ZX1000 (KAWASAKI)","2007","0","2 - WORN, DAMAGED"
"19883555","SAN ANTONIO","2023-11-16","0","1 - CLEAR","KAWASAKI","EX400 (KAWASAKI)","2023","0","4 - WORN, UNK DAMAGE"
"19883555","SAN ANTONIO","2023-11-16","0","1 - CLEAR","RAM","2500 (RAM)","2023","0","97 - NOT APPLICABLE"
"19883555","SAN ANTONIO","2023-11-16","0","1 - CLEAR","RAM","2500 (RAM)","2023","0","97 - NOT APPLICABLE"
"19886498","LA MARQUE","2023-11-16","0","1 - CLEAR","KAWASAKI","VULCAN 2000 (KAWASAKI)","2008","0","1 - NOT WORN"
"19886498","LA MARQUE","2023-11-16","0","1 - CLEAR","KAWASAKI","VULCAN 2000 (KAWASAKI)","2008","0","1 - NOT WORN"
"19874210","SAN ANGELO","2023-11-17","0","1 - CLEAR","HARLEY-DAVIDSON","UNKNOWN (HARLEY-DAVIDSON)","2009","0","1 - NOT WORN"
"19874210","SAN ANGELO","2023-11-17","0","1 - CLEAR","HARLEY-DAVIDSON","UNKNOWN (HARLEY-DAVIDSON)","2009","0","1 - NOT WORN"
"19875717","EL PASO","2023-11-17","1","1 - CLEAR","SUZUKI","GSX-R600 (SUZUKI)","2012","1","1 - NOT WORN"
"19875717","EL PASO","2023-11-17","1","1 - CLEAR","DODGE","RAM 1500 (DODGE)","2021","0","97 - NOT APPLICABLE"
"19876473","OUTSIDE CITY LIMITS","2023-11-17","0","2 - CLOUDY","LAND ROVER","RANGE ROVER (LAND ROVER)","2014","0","97 - NOT APPLICABLE"
"19876473","OUTSIDE CITY LIMITS","2023-11-17","0","2 - CLOUDY","YAMAHA","XVS1300 (YAMAHA)","2007","0","2 - WORN, DAMAGED"
"19876473","OUTSIDE CITY LIMITS","2023-11-17","0","2 - CLOUDY","YAMAHA","XVS1300 (YAMAHA)","2007","0","2 - WORN, DAMAGED"
"19877801","SAN MARCOS","2023-11-17","0","1 - CLEAR","TOYOTA","COROLLA (TOYOTA)","2016","0","97 - NOT APPLICABLE"
"19877801","SAN MARCOS","2023-11-17","0","1 - CLEAR","TOYOTA","COROLLA (TOYOTA)","2016","0","97 - NOT APPLICABLE"
"19877801","SAN MARCOS","2023-11-17","0","1 - CLEAR","HARLEY-DAVIDSON","FXDB (HARLEY-DAVIDSON)","2007","0","1 - NOT WORN"
"19877931","HUTCHINS","2023-11-17","0","3 - RAIN","HARLEY-DAVIDSON","FLH (HARLEY-DAVIDSON)","2010","0","1 - NOT WORN"
"19884726","NESBITT","2023-11-17","0","1 - CLEAR","GMC","SIERRA (GMC)","2007","0","97 - NOT APPLICABLE"
"19884726","NESBITT","2023-11-17","0","1 - CLEAR","SUZUKI","UNKNOWN (SUZUKI)","2002","0","1 - NOT WORN"
"19886738","OUTSIDE CITY LIMITS","2023-11-17","0","1 - CLEAR","HARLEY-DAVIDSON","UNKNOWN (HARLEY-DAVIDSON)","2004","0","1 - NOT WORN"
"19886738","OUTSIDE CITY LIMITS","2023-11-17","0","1 - CLEAR","MINI","COOPER (MINI)","2016","0","97 - NOT APPLICABLE"
"19875945","JACKSONVILLE","2023-11-18","0","1 - CLEAR","SUZUKI","AN400 (SUZUKI)","2007","0","1 - NOT WORN"
"19875945","JACKSONVILLE","2023-11-18","0","1 - CLEAR","SUZUKI","AN400 (SUZUKI)","2007","0","1 - NOT WORN"
"19876828","LEANDER","2023-11-18","1","1 - CLEAR","KIA","FORTE (KIA)","2012","0","97 - NOT APPLICABLE"
"19876828","LEANDER","2023-11-18","1","1 - CLEAR","HARLEY-DAVIDSON","UNKNOWN (HARLEY-DAVIDSON)","2021","1","1 - NOT WORN"
"19877215","WATAUGA","2023-11-18","0","1 - CLEAR","KAWASAKI","NINJA ZX (KAWASAKI)","2023","0","3 - WORN, NOT DAMAGED"
"19877215","WATAUGA","2023-11-18","0","1 - CLEAR","NISSAN","PATHFINDER (NISSAN)","2020","0","97 - NOT APPLICABLE"
"19877215","WATAUGA","2023-11-18","0","1 - CLEAR","NISSAN","PATHFINDER (NISSAN)","2020","0","97 - NOT APPLICABLE"
"19877215","WATAUGA","2023-11-18","0","1 - CLEAR","NISSAN","PATHFINDER (NISSAN)","2020","0","97 - NOT APPLICABLE"
"19877215","WATAUGA","2023-11-18","0","1 - CLEAR","NISSAN","PATHFINDER (NISSAN)","2020","0","97 - NOT APPLICABLE"
"19877215","WATAUGA","2023-11-18","0","1 - CLEAR","NISSAN","PATHFINDER (NISSAN)","2020","0","97 - NOT APPLICABLE"
"19877805","SAN MARCOS","2023-11-18","0","1 - CLEAR","POLARIS","SLINGSHOT (POLARIS)","2020","0","1 - NOT WORN"
"19877805","SAN MARCOS","2023-11-18","0","1 - CLEAR","SUBARU","CROSSTREK (SUBARU)","2022","0","97 - NOT APPLICABLE"
"19880425","PAYNE SPRINGS","2023-11-18","0","2 - CLOUDY","NISSAN","SENTRA (NISSAN)","2009","0","97 - NOT APPLICABLE"
"19880425","PAYNE SPRINGS","2023-11-18","0","2 - CLOUDY","NISSAN","SENTRA (NISSAN)","2009","0","97 - NOT APPLICABLE"
"19880425","PAYNE SPRINGS","2023-11-18","0","2 - CLOUDY","HARLEY-DAVIDSON","FLS (HARLEY-DAVIDSON)","2001","0","1 - NOT WORN"
"19881466","OUTSIDE CITY LIMITS","2023-11-18","0","1 - CLEAR","HARLEY-DAVIDSON","XG750 (HARLEY-DAVIDSON)","2017","0","2 - WORN, DAMAGED"
"19882101","LEAGUE CITY","2023-11-18","1","1 - CLEAR","RAM","1500 (RAM)","2019","0","97 - NOT APPLICABLE"
"19882101","LEAGUE CITY","2023-11-18","1","1 - CLEAR","RAM","1500 (RAM)","2019","0","97 - NOT APPLICABLE"
"19882101","LEAGUE CITY","2023-11-18","1","1 - CLEAR","YAMAHA","FZ1 (YAMAHA)","2008","1","2 - WORN, DAMAGED"
"19882101","LEAGUE CITY","2023-11-18","1","1 - CLEAR","YAMAHA","FZ1 (YAMAHA)","2008","0","4 - WORN, UNK DAMAGE"
"19882101","LEAGUE CITY","2023-11-18","1","1 - CLEAR","FORD","BRONCO (FORD)","2022","0","97 - NOT APPLICABLE"
"19882101","LEAGUE CITY","2023-11-18","1","1 - CLEAR","FORD","BRONCO (FORD)","2022","0","97 - NOT APPLICABLE"
"19882333","OUTSIDE CITY LIMITS","2023-11-18","0","1 - CLEAR","HARLEY-DAVIDSON","FLH (HARLEY-DAVIDSON)","2009","0","2 - WORN, DAMAGED"
"19882333","OUTSIDE CITY LIMITS","2023-11-18","0","1 - CLEAR","HARLEY-DAVIDSON","FLH (HARLEY-DAVIDSON)","2013","0","3 - WORN, NOT DAMAGED"
"19888960","OUTSIDE CITY LIMITS","2023-11-18","0","1 - CLEAR","ALL OTHER MAKES","UNKNOWN (ALL OTHER MAKES)","2008","0","1 - NOT WORN"
"19888960","OUTSIDE CITY LIMITS","2023-11-18","0","1 - CLEAR","ALL OTHER MAKES","UNKNOWN (ALL OTHER MAKES)","2008","0","1 - NOT WORN"
"19890684","OUTSIDE CITY LIMITS","2023-11-18","0","1 - CLEAR","HARLEY-DAVIDSON","FLH (HARLEY-DAVIDSON)","2014","0","1 - NOT WORN"
"19909691","DALLAS","2023-11-18","1","1 - CLEAR","HONDA","VTX1300 (HONDA)","2005","1","4 - WORN, UNK DAMAGE"
"19909691","DALLAS","2023-11-18","1","1 - CLEAR","FORD","F350 (FORD)","2012","0","97 - NOT APPLICABLE"
"19909691","DALLAS","2023-11-18","1","1 - CLEAR","FORD","F350 (FORD)","2012","0","97 - NOT APPLICABLE"
"19877530","AMARILLO","2023-11-19","0","1 - CLEAR","PONTIAC","VIBE (PONTIAC)","2005","0","97 - NOT APPLICABLE"
"19877530","AMARILLO","2023-11-19","0","1 - CLEAR","PONTIAC","VIBE (PONTIAC)","2005","0","97 - NOT APPLICABLE"
"19877530","AMARILLO","2023-11-19","0","1 - CLEAR","HARLEY-DAVIDSON","FLD (HARLEY-DAVIDSON)","2014","0","1 - NOT WORN"
"19878298","OUTSIDE CITY LIMITS","2023-11-19","0","2 - CLOUDY","CHEVROLET","TAHOE (CHEVROLET)","2000","0","97 - NOT APPLICABLE"
"19878298","OUTSIDE CITY LIMITS","2023-11-19","0","2 - CLOUDY","CHEVROLET","TAHOE (CHEVROLET)","2000","0","97 - NOT APPLICABLE"
"19878298","OUTSIDE CITY LIMITS","2023-11-19","0","2 - CLOUDY","CHEVROLET","TAHOE (CHEVROLET)","2000","0","97 - NOT APPLICABLE"
"19878298","OUTSIDE CITY LIMITS","2023-11-19","0","2 - CLOUDY","CHEVROLET","TAHOE (CHEVROLET)","2000","0","97 - NOT APPLICABLE"
"19878298","OUTSIDE CITY LIMITS","2023-11-19","0","2 - CLOUDY","HARLEY-DAVIDSON","FXD (HARLEY-DAVIDSON)","2007","0","2 - WORN, DAMAGED"
"19878298","OUTSIDE CITY LIMITS","2023-11-19","0","2 - CLOUDY","HARLEY-DAVIDSON","FXD (HARLEY-DAVIDSON)","2007","0","2 - WORN, DAMAGED"
"19879042","LUBBOCK","2023-11-19","0","2 - CLOUDY","HARLEY-DAVIDSON","UNKNOWN (HARLEY-DAVIDSON)","2012","0","1 - NOT WORN"
"19882940","OUTSIDE CITY LIMITS","2023-11-19","0","1 - CLEAR","FORD","F150 (FORD)","1997","0","97 - NOT APPLICABLE"
"19882940","OUTSIDE CITY LIMITS","2023-11-19","0","1 - CLEAR","HARLEY-DAVIDSON","UNKNOWN (HARLEY-DAVIDSON)","2009","0","1 - NOT WORN"
"19891764","SEGUIN","2023-11-19","0","3 - RAIN","CHEVROLET","SILVERADO (CHEVROLET)","2020","0","97 - NOT APPLICABLE"
"19891764","SEGUIN","2023-11-19","0","3 - RAIN","CHEVROLET","SILVERADO (CHEVROLET)","2020","0","97 - NOT APPLICABLE"
"19891764","SEGUIN","2023-11-19","0","3 - RAIN","CHEVROLET","SILVERADO (CHEVROLET)","2020","0","97 - NOT APPLICABLE"
"19891764","SEGUIN","2023-11-19","0","3 - RAIN","CHEVROLET","SILVERADO (CHEVROLET)","2020","0","97 - NOT APPLICABLE"
"19891764","SEGUIN","2023-11-19","0","3 - RAIN","KAWASAKI","UNKNOWN (KAWASAKI)","2015","0","2 - WORN, DAMAGED"
"19891764","SEGUIN","2023-11-19","0","3 - RAIN","YAMAHA","MT-01 (YAMAHA)","2023","0","2 - WORN, DAMAGED"
"19903822","PORT NECHES","2023-11-19","1","1 - CLEAR","HARLEY-DAVIDSON","FLH (HARLEY-DAVIDSON)","2004","0","1 - NOT WORN"
"19903822","PORT NECHES","2023-11-19","1","1 - CLEAR","HARLEY-DAVIDSON","FLH (HARLEY-DAVIDSON)","2004","1","1 - NOT WORN"
"19903822","PORT NECHES","2023-11-19","1","1 - CLEAR","KTM","UNKNOWN (KTM)","2001","0","1 - NOT WORN"
"19914669","OUTSIDE CITY LIMITS","2023-11-19","1","1 - CLEAR","YAMAHA","YZFR6 (YAMAHA)","2014","1","2 - WORN, DAMAGED"
"19915750","EL PASO","2023-11-19","1","1 - CLEAR","SUZUKI","GSX-R600 (SUZUKI)","2013","1","1 - NOT WORN"
"19883329","INGLESIDE","2023-11-20","0","1 - CLEAR","SUZUKI","UNKNOWN (SUZUKI)","2001","0","3 - WORN, NOT DAMAGED"
"19883329","INGLESIDE","2023-11-20","0","1 - CLEAR","SUZUKI","UNKNOWN (SUZUKI)","2001","0","1 - NOT WORN"
"19917193","SOCORRO","2023-11-20","1","1 - CLEAR","HARLEY-DAVIDSON","FLS (HARLEY-DAVIDSON)","2007","1","1 - NOT WORN"
"19880647","OUTSIDE CITY LIMITS","2023-11-21","0","2 - CLOUDY","SUZUKI","GSX-S1000 (SUZUKI)","2008","0","2 - WORN, DAMAGED"
"19898551","PFLUGERVILLE","2023-11-21","0","1 - CLEAR","TOYOTA","COROLLA (TOYOTA)","2018","0","97 - NOT APPLICABLE"
"19898551","PFLUGERVILLE","2023-11-21","0","1 - CLEAR","KAWASAKI","EX300 (KAWASAKI)","2013","0","2 - WORN, DAMAGED"
"19931150","FORT WORTH","2023-11-21","1","1 - CLEAR","HONDA","VTX1300 (HONDA)","2007","1","2 - WORN, DAMAGED"
"19931150","FORT WORTH","2023-11-21","1","1 - CLEAR","NISSAN","VERSA (NISSAN)","2011","0","97 - NOT APPLICABLE"
"19931150","FORT WORTH","2023-11-21","1","1 - CLEAR","CHEVROLET","TAHOE (CHEVROLET)","2020","0","97 - NOT APPLICABLE"
"19932677","HOUSTON","2023-11-21","1","2 - CLOUDY","KAWASAKI","EX300 (KAWASAKI)","2023","1","2 - WORN, DAMAGED"
"19932677","HOUSTON","2023-11-21","1","2 - CLOUDY","HONDA","CIVIC (HONDA)","2017","0","97 - NOT APPLICABLE"
"19932677","HOUSTON","2023-11-21","1","2 - CLOUDY","HONDA","CIVIC (HONDA)","2017","0","97 - NOT APPLICABLE"
"19932677","HOUSTON","2023-11-21","1","2 - CLOUDY","JEEP","GRAND CHEROKEE (JEEP)","2015","0","97 - NOT APPLICABLE"
"19932677","HOUSTON","2023-11-21","1","2 - CLOUDY","TOYOTA","COROLLA (TOYOTA)","2021","0","97 - NOT APPLICABLE"
"19932677","HOUSTON","2023-11-21","1","2 - CLOUDY","TOYOTA","COROLLA (TOYOTA)","2021","0","97 - NOT APPLICABLE"
"19977764","HOUSTON","2023-11-21","1","1 - CLEAR","KAWASAKI","EX650 (KAWASAKI)","2021","1","2 - WORN, DAMAGED"
"19977764","HOUSTON","2023-11-21","1","1 - CLEAR","UNKNOWN","UNKNOWN (UNKNOWN)","No Data","0","97 - NOT APPLICABLE"
"19977764","HOUSTON","2023-11-21","1","1 - CLEAR","ISUZU","NRR (ISUZU)","2008","0","97 - NOT APPLICABLE"
"19977764","HOUSTON","2023-11-21","1","1 - CLEAR","FORD","F150 (FORD)","2014","0","97 - NOT APPLICABLE"
"19977764","HOUSTON","2023-11-21","1","1 - CLEAR","SUZUKI","UNKNOWN (SUZUKI)","2015","0","2 - WORN, DAMAGED"
"19886659","FOREST HILL (TARRANT)","2023-11-22","0","1 - CLEAR","KAWASAKI","NINJA ZX (KAWASAKI)","2000","0","2 - WORN, DAMAGED"
"19886659","FOREST HILL (TARRANT)","2023-11-22","0","1 - CLEAR","HONDA","CIVIC (HONDA)","2017","0","97 - NOT APPLICABLE"
"19886659","FOREST HILL (TARRANT)","2023-11-22","0","1 - CLEAR","HONDA","CIVIC (HONDA)","2017","0","97 - NOT APPLICABLE"
"19886659","FOREST HILL (TARRANT)","2023-11-22","0","1 - CLEAR","RAM","1500 (RAM)","2020","0","97 - NOT APPLICABLE"
"19888431","OUTSIDE CITY LIMITS","2023-11-22","0","2 - CLOUDY","CHEVROLET","SILVERADO (CHEVROLET)","2019","0","97 - NOT APPLICABLE"
"19888431","OUTSIDE CITY LIMITS","2023-11-22","0","2 - CLOUDY","CHEVROLET","SILVERADO (CHEVROLET)","2019","0","97 - NOT APPLICABLE"
"19888431","OUTSIDE CITY LIMITS","2023-11-22","0","2 - CLOUDY","YAMAHA","XVS1300 (YAMAHA)","2007","0","2 - WORN, DAMAGED"
"19894006","OUTSIDE CITY LIMITS","2023-11-22","0","1 - CLEAR","TOYOTA","CAMRY (TOYOTA)","2009","0","97 - NOT APPLICABLE"
"19894006","OUTSIDE CITY LIMITS","2023-11-22","0","1 - CLEAR","TOYOTA","CAMRY (TOYOTA)","2009","0","97 - NOT APPLICABLE"
"19894006","OUTSIDE CITY LIMITS","2023-11-22","0","1 - CLEAR","YAMAHA","YZFR6 (YAMAHA)","2009","0","1 - NOT WORN"
"19899764","UHLAND","2023-11-22","0","1 - CLEAR","SUZUKI","GSX-R600 (SUZUKI)","2007","0","2 - WORN, DAMAGED"
"19899764","UHLAND","2023-11-22","0","1 - CLEAR","KENWORTH","T880 (KENWORTH)","2006","0","97 - NOT APPLICABLE"
"19902588","OUTSIDE CITY LIMITS","2023-11-22","0","1 - CLEAR","KAWASAKI","EX650 (KAWASAKI)","2024","0","2 - WORN, DAMAGED"
"19902588","OUTSIDE CITY LIMITS","2023-11-22","0","1 - CLEAR","TESLA","MODEL 3 (TESLA)","2018","0","97 - NOT APPLICABLE"
"19906492","ARLINGTON","2023-11-22","1","1 - CLEAR","HARLEY-DAVIDSON","UNKNOWN (HARLEY-DAVIDSON)","2016","1","2 - WORN, DAMAGED"
"19906492","ARLINGTON","2023-11-22","1","1 - CLEAR","LAND ROVER","RANGE ROVER (LAND ROVER)","2006","0","97 - NOT APPLICABLE"
"19906492","ARLINGTON","2023-11-22","1","1 - CLEAR","INTERNATIONAL","MV607 (INTERNATIONAL)","2024","0","97 - NOT APPLICABLE"
"19906492","ARLINGTON","2023-11-22","1","1 - CLEAR","INTERNATIONAL","MV607 (INTERNATIONAL)","2024","0","97 - NOT APPLICABLE"
"19889023","AMARILLO","2023-11-23","0","1 - CLEAR","HARLEY-DAVIDSON","ELW (HARLEY-DAVIDSON)","2011","0","1 - NOT WORN"
"19894336","OUTSIDE CITY LIMITS","2023-11-23","1","2 - CLOUDY","FORD","F150 (FORD)","1995","0","97 - NOT APPLICABLE"
"19894336","OUTSIDE CITY LIMITS","2023-11-23","1","2 - CLOUDY","HARLEY-DAVIDSON","FXFB (HARLEY-DAVIDSON)","2018","1","1 - NOT WORN"
"19894353","RIO GRANDE CITY","2023-11-23","0","1 - CLEAR","GMC","CANYON (GMC)","2021","0","97 - NOT APPLICABLE"
"19894353","RIO GRANDE CITY","2023-11-23","0","1 - CLEAR","KAWASAKI","EN500 (KAWASAKI)","2009","0","1 - NOT WORN"
"19907127","OUTSIDE CITY LIMITS","2023-11-23","0","1 - CLEAR","HARLEY-DAVIDSON","FLHRCI (HARLEY-DAVIDSON)","2002","0","3 - WORN, NOT DAMAGED"
"19887184","WACO","2023-11-24","0","1 - CLEAR","HARLEY-DAVIDSON","FLD (HARLEY-DAVIDSON)","2005","0","1 - NOT WORN"
"19887184","WACO","2023-11-24","0","1 - CLEAR","FORD","F150 (FORD)","2013","0","97 - NOT APPLICABLE"
"19888956","BELTON","2023-11-24","0","1 - CLEAR","FORD","F650 (FORD)","2015","0","97 - NOT APPLICABLE"
"19888956","BELTON","2023-11-24","0","1 - CLEAR","HONDA","VT750 (HONDA)","1999","0","1 - NOT WORN"
"19889166","OUTSIDE CITY LIMITS","2023-11-24","0","1 - CLEAR","YAMAHA","UNKNOWN (YAMAHA)","2008","0","3 - WORN, NOT DAMAGED"
"19893084","KILLEEN","2023-11-24","1","1 - CLEAR","CHEVROLET","EQUINOX (CHEVROLET)","2018","0","97 - NOT APPLICABLE"
"19893084","KILLEEN","2023-11-24","1","1 - CLEAR","CHEVROLET","EQUINOX (CHEVROLET)","2018","0","97 - NOT APPLICABLE"
"19893084","KILLEEN","2023-11-24","1","1 - CLEAR","CHEVROLET","SILVERADO (CHEVROLET)","2022","0","97 - NOT APPLICABLE"
"19893084","KILLEEN","2023-11-24","1","1 - CLEAR","CHEVROLET","SILVERADO (CHEVROLET)","2022","0","97 - NOT APPLICABLE"
"19893084","KILLEEN","2023-11-24","1","1 - CLEAR","KAWASAKI","VN900 (KAWASAKI)","2008","0","2 - WORN, DAMAGED"
"19893084","KILLEEN","2023-11-24","1","1 - CLEAR","KAWASAKI","VN900 (KAWASAKI)","2008","1","2 - WORN, DAMAGED"
"19894811","OUTSIDE CITY LIMITS","2023-11-24","1","1 - CLEAR","SUZUKI","GSX-R1000 (SUZUKI)","2007","1","2 - WORN, DAMAGED"
"19895912","OUTSIDE CITY LIMITS","2023-11-24","0","1 - CLEAR","SUZUKI","GSX-R1000 (SUZUKI)","2007","0","3 - WORN, NOT DAMAGED"
"19902055","FLOWER MOUND","2023-11-24","0","1 - CLEAR","GMC","SIERRA (GMC)","2011","0","97 - NOT APPLICABLE"
"19902055","FLOWER MOUND","2023-11-24","0","1 - CLEAR","GMC","SIERRA (GMC)","2011","0","97 - NOT APPLICABLE"
"19902055","FLOWER MOUND","2023-11-24","0","1 - CLEAR","SUZUKI","UNKNOWN (SUZUKI)","2023","0","2 - WORN, DAMAGED"
"19902224","HOUSTON","2023-11-24","1","1 - CLEAR","SUZUKI","GSX (SUZUKI)","2018","1","3 - WORN, NOT DAMAGED"
"19902224","HOUSTON","2023-11-24","1","1 - CLEAR","CHEVROLET","SILVERADO (CHEVROLET)","2006","0","97 - NOT APPLICABLE"
"19887451","HOUSTON","2023-11-25","0","1 - CLEAR","JEEP","CHEROKEE (JEEP)","2017","0","97 - NOT APPLICABLE"
"19887451","HOUSTON","2023-11-25","0","1 - CLEAR","YAMAHA","MT-01 (YAMAHA)","2021","0","2 - WORN, DAMAGED"
"19901819","OUTSIDE CITY LIMITS","2023-11-25","0","2 - CLOUDY","HARLEY-DAVIDSON","UNKNOWN (HARLEY-DAVIDSON)","1991","0","1 - NOT WORN"
"19902645","ROCKWALL","2023-11-25","1","1 - CLEAR","HARLEY-DAVIDSON","UNKNOWN (HARLEY-DAVIDSON)","2014","1","2 - WORN, DAMAGED"
"19922696","RICHWOOD","2023-11-25","1","1 - CLEAR","MITSUBISHI","LANCER (MITSUBISHI)","2014","0","97 - NOT APPLICABLE"
"19922696","RICHWOOD","2023-11-25","1","1 - CLEAR","HARLEY-DAVIDSON","FLH (HARLEY-DAVIDSON)","2010","1","1 - NOT WORN"
"19889709","OUTSIDE CITY LIMITS","2023-11-26","0","2 - CLOUDY","YAMAHA","UNKNOWN (YAMAHA)","2012","0","3 - WORN, NOT DAMAGED"
"19893921","PALACIOS","2023-11-26","1","2 - CLOUDY","HONDA","UNKNOWN (HONDA)","2008","1","1 - NOT WORN"
"19893921","PALACIOS","2023-11-26","1","2 - CLOUDY","CHEVROLET","CAVALIER (CHEVROLET)","2005","0","97 - NOT APPLICABLE"
"19894569","WACO","2023-11-26","0","1 - CLEAR","HARLEY-DAVIDSON","UNKNOWN (HARLEY-DAVIDSON)","2007","0","3 - WORN, NOT DAMAGED"
"19894569","WACO","2023-11-26","0","1 - CLEAR","HARLEY-DAVIDSON","UNKNOWN (HARLEY-DAVIDSON)","2010","0","3 - WORN, NOT DAMAGED"
"19894817","SAN MARCOS","2023-11-26","0","1 - CLEAR","HYUNDAI","SONATA (HYUNDAI)","2015","0","97 - NOT APPLICABLE"
"19894817","SAN MARCOS","2023-11-26","0","1 - CLEAR","SUZUKI","GSX-R1000 (SUZUKI)","2006","0","3 - WORN, NOT DAMAGED"
"19898259","DALLAS","2023-11-26","1","1 - CLEAR","SUZUKI","GSX1300 (SUZUKI)","2023","1","1 - NOT WORN"
"19898259","DALLAS","2023-11-26","1","1 - CLEAR","BUICK","VERANO (BUICK)","2012","0","97 - NOT APPLICABLE"
"19898259","DALLAS","2023-11-26","1","1 - CLEAR","BUICK","VERANO (BUICK)","2012","0","97 - NOT APPLICABLE"
"19889884","ANGLETON","2023-11-27","0","1 - CLEAR","NISSAN","ROGUE (NISSAN)","2012","0","97 - NOT APPLICABLE"
"19889884","ANGLETON","2023-11-27","0","1 - CLEAR","HONDA","VFR750 (HONDA)","1995","0","4 - WORN, UNK DAMAGE"
"19891836","PASADENA","2023-11-27","0","2 - CLOUDY","HARLEY-DAVIDSON","FLHP (HARLEY-DAVIDSON)","2021","0","3 - WORN, NOT DAMAGED"
"19894154","OUTSIDE CITY LIMITS","2023-11-27","1","1 - CLEAR","HARLEY-DAVIDSON","XL1200 (HARLEY-DAVIDSON)","2017","1","1 - NOT WORN"
"19894154","OUTSIDE CITY LIMITS","2023-11-27","1","1 - CLEAR","FORD","MUSTANG (FORD)","1994","0","97 - NOT APPLICABLE"
"19894379","SAN ANTONIO","2023-11-27","0","1 - CLEAR","YAMAHA","UNKNOWN (YAMAHA)","2013","0","3 - WORN, NOT DAMAGED"
"19895479","HELOTES","2023-11-27","1","1 - CLEAR","HARLEY-DAVIDSON","FLT (HARLEY-DAVIDSON)","2018","1","2 - WORN, DAMAGED"
"19897193","SOCORRO","2023-11-27","0","1 - CLEAR","HONDA","VTX1300 (HONDA)","2004","0","1 - NOT WORN"
"19911700","OUTSIDE CITY LIMITS","2023-11-27","1","2 - CLOUDY","KIA","FORTE (KIA)","2018","0","97 - NOT APPLICABLE"
"19911700","OUTSIDE CITY LIMITS","2023-11-27","1","2 - CLOUDY","YAMAHA","FZ6 (YAMAHA)","2005","1","2 - WORN, DAMAGED"
"19896016","OUTSIDE CITY LIMITS","2023-11-28","0","1 - CLEAR","HYUNDAI","SONATA (HYUNDAI)","2006","0","97 - NOT APPLICABLE"
"19896016","OUTSIDE CITY LIMITS","2023-11-28","0","1 - CLEAR","YAMAHA","UNKNOWN (YAMAHA)","2001","0","2 - WORN, DAMAGED"
"19896016","OUTSIDE CITY LIMITS","2023-11-28","0","1 - CLEAR","KIA","OPTIMA (KIA)","2014","0","97 - NOT APPLICABLE"
"19896016","OUTSIDE CITY LIMITS","2023-11-28","0","1 - CLEAR","NISSAN","MURANO (NISSAN)","2015","0","97 - NOT APPLICABLE"
"19896407","HOUSTON","2023-11-28","1","2 - CLOUDY","OTHER (EXPLAIN IN NARRATIVE)","OTHER (EXPLAIN IN NARRATIVE) (OTHER (EXPLAIN IN NARRATIVE))","2022","1","1 - NOT WORN"
"19902198","ABILENE","2023-11-28","0","1 - CLEAR","FORD","ESCAPE (FORD)","2017","0","97 - NOT APPLICABLE"
"19902198","ABILENE","2023-11-28","0","1 - CLEAR","HARLEY-DAVIDSON","XLH1200 (HARLEY-DAVIDSON)","2009","0","2 - WORN, DAMAGED"
"19906016","NIEDERWALD","2023-11-28","1","1 - CLEAR","TOYOTA","4RUNNER (TOYOTA)","2007","0","97 - NOT APPLICABLE"
"19906016","NIEDERWALD","2023-11-28","1","1 - CLEAR","KAWASAKI","ZX600 (KAWASAKI)","2024","1","2 - WORN, DAMAGED"
"19919714","GARLAND","2023-11-28","0","1 - CLEAR","LEXUS","GS 350 (LEXUS)","2015","0","97 - NOT APPLICABLE"
"19919714","GARLAND","2023-11-28","0","1 - CLEAR","SUZUKI","GSX (SUZUKI)","2007","0","4 - WORN, UNK DAMAGE"
"19895727","AUSTIN","2023-11-29","0","2 - CLOUDY","NISSAN","MURANO (NISSAN)","2005","0","97 - NOT APPLICABLE"
"19895727","AUSTIN","2023-11-29","0","2 - CLOUDY","KAWASAKI","UNKNOWN (KAWASAKI)","2020","0","4 - WORN, UNK DAMAGE"
"19895727","AUSTIN","2023-11-29","0","2 - CLOUDY","FORD","F150 (FORD)","2023","0","97 - NOT APPLICABLE"
"19895727","AUSTIN","2023-11-29","0","2 - CLOUDY","GMC","YUKON (GMC)","2020","0","97 - NOT APPLICABLE"
"19902890","DALLAS","2023-11-29","0","1 - CLEAR","FORD","FUSION (FORD)","2017","0","97 - NOT APPLICABLE"
"19902890","DALLAS","2023-11-29","0","1 - CLEAR","KAWASAKI","EX650 (KAWASAKI)","2024","0","99 - UNKNOWN IF WORN"
"19906035","FORT WORTH","2023-11-29","0","1 - CLEAR","NISSAN","ALTIMA (NISSAN)","2023","0","97 - NOT APPLICABLE"
"19906035","FORT WORTH","2023-11-29","0","1 - CLEAR","NISSAN","ALTIMA (NISSAN)","2023","0","97 - NOT APPLICABLE"
"19906035","FORT WORTH","2023-11-29","0","1 - CLEAR","NISSAN","ALTIMA (NISSAN)","2023","0","97 - NOT APPLICABLE"
"19906035","FORT WORTH","2023-11-29","0","1 - CLEAR","KAWASAKI","EX400 (KAWASAKI)","2023","0","1 - NOT WORN"
"19910164","OUTSIDE CITY LIMITS","2023-11-29","0","1 - CLEAR","HARLEY-DAVIDSON","UNKNOWN (HARLEY-DAVIDSON)","2005","0","2 - WORN, DAMAGED"
"19910164","OUTSIDE CITY LIMITS","2023-11-29","0","1 - CLEAR","MERCEDES-BENZ","ML-CLASS (MERCEDES-BENZ)","2001","0","97 - NOT APPLICABLE"
"19896608","ODESSA","2023-11-30","0","1 - CLEAR","HARLEY-DAVIDSON","FLTRXS (HARLEY-DAVIDSON)","2021","0","1 - NOT WORN"
"19916518","MCALLEN","2023-11-30","0","1 - CLEAR","LEXUS","NX (LEXUS)","2021","0","97 - NOT APPLICABLE"
"19916518","MCALLEN","2023-11-30","0","1 - CLEAR","HARLEY-DAVIDSON","FLHX (HARLEY-DAVIDSON)","2018","0","1 - NOT WORN"
"19903471","COLLEGE STATION","2023-12-01","0","1 - CLEAR","HONDA","CB650 (HONDA)","1980","0","2 - WORN, DAMAGED"
"19907209","LA MARQUE","2023-12-01","0","3 - RAIN","HARLEY-DAVIDSON","FLHR (HARLEY-DAVIDSON)","2018","0","3 - WORN, NOT DAMAGED"
"19907772","LANCASTER","2023-12-01","0","1 - CLEAR","YAMAHA","YZF1000 (YAMAHA)","2023","0","2 - WORN, DAMAGED"
"19936471","PLEASANTON","2023-12-01","0","1 - CLEAR","CHEVROLET","SILVERADO (CHEVROLET)","2022","0","97 - NOT APPLICABLE"
"19936471","PLEASANTON","2023-12-01","0","1 - CLEAR","YAMAHA","UNKNOWN (YAMAHA)","2004","0","3 - WORN, NOT DAMAGED"
"19899552","ABILENE","2023-12-02","0","1 - CLEAR","VOLKSWAGEN","BEETLE (VOLKSWAGEN)","2015","0","97 - NOT APPLICABLE"
"19899552","ABILENE","2023-12-02","0","1 - CLEAR","HARLEY-DAVIDSON","FLH (HARLEY-DAVIDSON)","2008","0","1 - NOT WORN"
"19900043","HOUSTON","2023-12-02","0","1 - CLEAR","HONDA","MB50 (HONDA)","2008","0","3 - WORN, NOT DAMAGED"
"19900043","HOUSTON","2023-12-02","0","1 - CLEAR","CHEVROLET","EQUINOX (CHEVROLET)","2024","0","97 - NOT APPLICABLE"
"19900043","HOUSTON","2023-12-02","0","1 - CLEAR","CHEVROLET","EQUINOX (CHEVROLET)","2024","0","97 - NOT APPLICABLE"
"19900269","OUTSIDE CITY LIMITS","2023-12-02","0","1 - CLEAR","BMW","R65 (BMW)","1984","0","3 - WORN, NOT DAMAGED"
"19901923","OUTSIDE CITY LIMITS","2023-12-02","1","1 - CLEAR","INDIAN MOTORCYCLE CO.","UNKNOWN (INDIAN MOTORCYCLE CO.)","2022","1","2 - WORN, DAMAGED"
"19902340","COLLEGE STATION","2023-12-02","0","1 - CLEAR","SUZUKI","GSX-R1000 (SUZUKI)","2005","0","2 - WORN, DAMAGED"
"19902340","COLLEGE STATION","2023-12-02","0","1 - CLEAR","HYUNDAI","KONA (HYUNDAI)","2020","0","97 - NOT APPLICABLE"
"19902340","COLLEGE STATION","2023-12-02","0","1 - CLEAR","NISSAN","ROGUE (NISSAN)","2016","0","97 - NOT APPLICABLE"
"19902340","COLLEGE STATION","2023-12-02","0","1 - CLEAR","JEEP","COMPASS (JEEP)","2011","0","97 - NOT APPLICABLE"
"19902340","COLLEGE STATION","2023-12-02","0","1 - CLEAR","JEEP","COMPASS (JEEP)","2011","0","97 - NOT APPLICABLE"
"19902697","TYLER","2023-12-02","0","1 - CLEAR","FORD","EXPLORER (FORD)","2013","0","97 - NOT APPLICABLE"
"19902697","TYLER","2023-12-02","0","1 - CLEAR","FORD","EXPLORER (FORD)","2013","0","97 - NOT APPLICABLE"
"19902697","TYLER","2023-12-02","0","1 - CLEAR","FORD","EXPLORER (FORD)","2013","0","97 - NOT APPLICABLE"
"19902697","TYLER","2023-12-02","0","1 - CLEAR","FORD","EXPLORER (FORD)","2013","0","97 - NOT APPLICABLE"
"19902697","TYLER","2023-12-02","0","1 - CLEAR","HARLEY-DAVIDSON","FXS (HARLEY-DAVIDSON)","2007","0","2 - WORN, DAMAGED"
"19904031","OUTSIDE CITY LIMITS","2023-12-02","0","1 - CLEAR","HARLEY-DAVIDSON","FLHXS (HARLEY-DAVIDSON)","2023","0","2 - WORN, DAMAGED"
"19904584","CEDAR PARK","2023-12-02","0","1 - CLEAR","TESLA","MODEL X (TESLA)","2020","0","97 - NOT APPLICABLE"
"19904584","CEDAR PARK","2023-12-02","0","1 - CLEAR","TESLA","MODEL X (TESLA)","2020","0","97 - NOT APPLICABLE"
"19904584","CEDAR PARK","2023-12-02","0","1 - CLEAR","TESLA","MODEL X (TESLA)","2020","0","97 - NOT APPLICABLE"
"19904584","CEDAR PARK","2023-12-02","0","1 - CLEAR","SUZUKI","GSX-R750 (SUZUKI)","2024","0","1 - NOT WORN"
"19906006","FORT WORTH","2023-12-02","0","1 - CLEAR","LINCOLN","MARK MKS (LINCOLN)","2013","0","97 - NOT APPLICABLE"
"19906006","FORT WORTH","2023-12-02","0","1 - CLEAR","UNKNOWN","UNKNOWN (UNKNOWN)","2000","0","99 - UNKNOWN IF WORN"
"19907197","SANTA FE","2023-12-02","0","1 - CLEAR","NISSAN","ALTIMA (NISSAN)","2014","0","97 - NOT APPLICABLE"
"19907197","SANTA FE","2023-12-02","0","1 - CLEAR","KAWASAKI","NINJA ZX (KAWASAKI)","2020","0","2 - WORN, DAMAGED"
"19918454","LUBBOCK","2023-12-02","0","1 - CLEAR","CHRYSLER","300 (CHRYSLER)","2016","0","97 - NOT APPLICABLE"
"19918454","LUBBOCK","2023-12-02","0","1 - CLEAR","CHRYSLER","300 (CHRYSLER)","2016","0","97 - NOT APPLICABLE"
"19918454","LUBBOCK","2023-12-02","0","1 - CLEAR","CHRYSLER","300 (CHRYSLER)","2016","0","97 - NOT APPLICABLE"
"19918454","LUBBOCK","2023-12-02","0","1 - CLEAR","CHRYSLER","300 (CHRYSLER)","2016","0","97 - NOT APPLICABLE"
"19918454","LUBBOCK","2023-12-02","0","1 - CLEAR","HONDA","CBR300 (HONDA)","2001","0","4 - WORN, UNK DAMAGE"
"19918454","LUBBOCK","2023-12-02","0","1 - CLEAR","TOYOTA","TACOMA (TOYOTA)","2021","0","97 - NOT APPLICABLE"
"19919349","OUTSIDE CITY LIMITS","2023-12-02","1","1 - CLEAR","HARLEY-DAVIDSON","FLH (HARLEY-DAVIDSON)","2006","1","1 - NOT WORN"
"19926778","OUTSIDE CITY LIMITS","2023-12-02","0","1 - CLEAR","HARLEY-DAVIDSON","UNKNOWN (HARLEY-DAVIDSON)","2019","0","2 - WORN, DAMAGED"
"19900714","MANSFIELD","2023-12-03","0","1 - CLEAR","HARLEY-DAVIDSON","FLH80 (HARLEY-DAVIDSON)","2002","0","1 - NOT WORN"
"19900714","MANSFIELD","2023-12-03","0","1 - CLEAR","HARLEY-DAVIDSON","FLH80 (HARLEY-DAVIDSON)","2002","0","1 - NOT WORN"
"19900714","MANSFIELD","2023-12-03","0","1 - CLEAR","MAZDA","3 (MAZDA)","2016","0","97 - NOT APPLICABLE"
"19901292","LEWISVILLE","2023-12-03","0","1 - CLEAR","HARLEY-DAVIDSON","FLH (HARLEY-DAVIDSON)","2018","0","2 - WORN, DAMAGED"
"19902186","OUTSIDE CITY LIMITS","2023-12-03","0","1 - CLEAR","KTM","UNKNOWN (KTM)","2018","0","2 - WORN, DAMAGED"
"19904286","CONROE","2023-12-03","0","1 - CLEAR","SUZUKI","GSX1300 (SUZUKI)","2009","0","2 - WORN, DAMAGED"
"19905383","HOUSTON","2023-12-03","1","1 - CLEAR","TOYOTA","CORONA (TOYOTA)","2010","0","97 - NOT APPLICABLE"
"19905383","HOUSTON","2023-12-03","1","1 - CLEAR","HONDA","GL1200 (HONDA)","2004","1","2 - WORN, DAMAGED"
"19911027","DALLAS","2023-12-03","0","1 - CLEAR","CHEVROLET","SILVERADO (CHEVROLET)","2017","0","97 - NOT APPLICABLE"
"19911027","DALLAS","2023-12-03","0","1 - CLEAR","CHEVROLET","SILVERADO (CHEVROLET)","2017","0","97 - NOT APPLICABLE"
"19911027","DALLAS","2023-12-03","0","1 - CLEAR","HONDA","CRF250 (HONDA)","2013","0","1 - NOT WORN"
"19911705","OUTSIDE CITY LIMITS","2023-12-03","1","1 - CLEAR","YAMAHA","YZFR3 (YAMAHA)","2016","1","2 - WORN, DAMAGED"
"19911705","OUTSIDE CITY LIMITS","2023-12-03","1","1 - CLEAR","NISSAN","PATHFINDER (NISSAN)","2015","0","97 - NOT APPLICABLE"
"19911705","OUTSIDE CITY LIMITS","2023-12-03","1","1 - CLEAR","NISSAN","PATHFINDER (NISSAN)","2015","0","97 - NOT APPLICABLE"
"19911705","OUTSIDE CITY LIMITS","2023-12-03","1","1 - CLEAR","NISSAN","PATHFINDER (NISSAN)","2015","0","97 - NOT APPLICABLE"
"19914476","OUTSIDE CITY LIMITS","2023-12-03","0","1 - CLEAR","HARLEY-DAVIDSON","FLH (HARLEY-DAVIDSON)","2007","0","3 - WORN, NOT DAMAGED"
"19914476","OUTSIDE CITY LIMITS","2023-12-03","0","1 - CLEAR","HARLEY-DAVIDSON","FLS (HARLEY-DAVIDSON)","2021","0","2 - WORN, DAMAGED"
"19914555","AUSTIN","2023-12-03","0","1 - CLEAR","VOLKSWAGEN","JETTA (VOLKSWAGEN)","2015","0","97 - NOT APPLICABLE"
"19914555","AUSTIN","2023-12-03","0","1 - CLEAR","SUZUKI","UNKNOWN (SUZUKI)","2019","0","2 - WORN, DAMAGED"
"19916192","OUTSIDE CITY LIMITS","2023-12-03","0","1 - CLEAR","HARLEY-DAVIDSON","FLSTF (HARLEY-DAVIDSON)","1996","0","2 - WORN, DAMAGED"
"19916879","FORT WORTH","2023-12-03","0","1 - CLEAR","No Data","No Data","No Data","0","97 - NOT APPLICABLE"
"19916879","FORT WORTH","2023-12-03","0","1 - CLEAR","CAN-AM","RYKER (CAN-AM)","2022","0","99 - UNKNOWN IF WORN"
"19922102","HOUSTON","2023-12-03","0","1 - CLEAR","KAWASAKI","NINJA ZX (KAWASAKI)","2022","0","2 - WORN, DAMAGED"
"19922102","HOUSTON","2023-12-03","0","1 - CLEAR","FORD","F150 (FORD)","2017","0","97 - NOT APPLICABLE"
"19903707","OUTSIDE CITY LIMITS","2023-12-04","1","1 - CLEAR","HARLEY-DAVIDSON","FLH (HARLEY-DAVIDSON)","2012","1","99 - UNKNOWN IF WORN"
"19909673","FORT WORTH","2023-12-04","1","1 - CLEAR","KAWASAKI","EX650 (KAWASAKI)","2020","1","2 - WORN, DAMAGED"
"19909673","FORT WORTH","2023-12-04","1","1 - CLEAR","MAZDA","MAZDA3I (MAZDA)","2011","0","97 - NOT APPLICABLE"
"19913323","HUDSON","2023-12-04","0","1 - CLEAR","HARLEY-DAVIDSON","XLH883 (HARLEY-DAVIDSON)","2004","0","4 - WORN, UNK DAMAGE"
"19918802","BROWNSVILLE","2023-12-04","0","2 - CLOUDY","GMC","TERRAIN (GMC)","2015","0","97 - NOT APPLICABLE"
"19918802","BROWNSVILLE","2023-12-04","0","2 - CLOUDY","GMC","TERRAIN (GMC)","2015","0","97 - NOT APPLICABLE"
"19918802","BROWNSVILLE","2023-12-04","0","2 - CLOUDY","SUZUKI","UNKNOWN (SUZUKI)","2007","0","1 - NOT WORN"
"19923677","HOUSTON","2023-12-04","0","1 - CLEAR","NISSAN","ALTIMA (NISSAN)","2014","0","97 - NOT APPLICABLE"
"19923677","HOUSTON","2023-12-04","0","1 - CLEAR","HARLEY-DAVIDSON","FLH (HARLEY-DAVIDSON)","2014","0","1 - NOT WORN"
"19926779","OUTSIDE CITY LIMITS","2023-12-04","1","1 - CLEAR","HARLEY-DAVIDSON","UNKNOWN (HARLEY-DAVIDSON)","2002","1","1 - NOT WORN"
"19905941","TERRELL","2023-12-05","0","1 - CLEAR","HYUNDAI","SANTA FE (HYUNDAI)","2023","0","97 - NOT APPLICABLE"
"19905941","TERRELL","2023-12-05","0","1 - CLEAR","HYUNDAI","SANTA FE (HYUNDAI)","2023","0","97 - NOT APPLICABLE"
"19905941","TERRELL","2023-12-05","0","1 - CLEAR","HONDA","UNKNOWN (HONDA)","2006","0","4 - WORN, UNK DAMAGE"
"19906519","PASADENA","2023-12-05","0","1 - CLEAR","BUELL","BLAST (BUELL)","2005","0","1 - NOT WORN"
"19909516","VICTORIA","2023-12-05","1","1 - CLEAR","DODGE","RAM 1500 (DODGE)","2005","0","97 - NOT APPLICABLE"
"19909516","VICTORIA","2023-12-05","1","1 - CLEAR","HARLEY-DAVIDSON","FLHCS (HARLEY-DAVIDSON)","2022","1","2 - WORN, DAMAGED"
"19921137","FORT WORTH","2023-12-05","0","1 - CLEAR","KAWASAKI","UNKNOWN (KAWASAKI)","2021","0","2 - WORN, DAMAGED"
"19921137","FORT WORTH","2023-12-05","0","1 - CLEAR","FORD","FOCUS (FORD)","2012","0","97 - NOT APPLICABLE"
"19921137","FORT WORTH","2023-12-05","0","1 - CLEAR","FORD","FOCUS (FORD)","2012","0","97 - NOT APPLICABLE"
"19935096","FORT WORTH","2023-12-05","0","1 - CLEAR","KENWORTH","T680 (KENWORTH)","2012","0","97 - NOT APPLICABLE"
"19935096","FORT WORTH","2023-12-05","0","1 - CLEAR","YAMAHA","XSR700 (YAMAHA)","2023","0","2 - WORN, DAMAGED"
"19996294","OUTSIDE CITY LIMITS","2023-12-05","1","1 - CLEAR","HARLEY-DAVIDSON","XL1200 (HARLEY-DAVIDSON)","2022","1","2 - WORN, DAMAGED"
"19996294","OUTSIDE CITY LIMITS","2023-12-05","1","1 - CLEAR","KIA","SPORTAGE (KIA)","2020","0","97 - NOT APPLICABLE"
"19908639","KELLER","2023-12-06","0","1 - CLEAR","NISSAN","ROGUE (NISSAN)","2015","0","97 - NOT APPLICABLE"
"19908639","KELLER","2023-12-06","0","1 - CLEAR","SUZUKI","UNKNOWN (SUZUKI)","1981","0","4 - WORN, UNK DAMAGE"
"19908639","KELLER","2023-12-06","0","1 - CLEAR","SUZUKI","UNKNOWN (SUZUKI)","1981","0","4 - WORN, UNK DAMAGE"
"19908858","OUTSIDE CITY LIMITS","2023-12-06","0","1 - CLEAR","YAMAHA","YZFR6 (YAMAHA)","2003","0","2 - WORN, DAMAGED"
"19908858","OUTSIDE CITY LIMITS","2023-12-06","0","1 - CLEAR","TOYOTA","CAMRY (TOYOTA)","2019","0","97 - NOT APPLICABLE"
"19908948","OUTSIDE CITY LIMITS","2023-12-06","1","1 - CLEAR","HARLEY-DAVIDSON","XLH1200 (HARLEY-DAVIDSON)","2016","1","2 - WORN, DAMAGED"
"19908948","OUTSIDE CITY LIMITS","2023-12-06","1","1 - CLEAR","TOYOTA","4RUNNER (TOYOTA)","2020","0","97 - NOT APPLICABLE"
"19908948","OUTSIDE CITY LIMITS","2023-12-06","1","1 - CLEAR","TOYOTA","4RUNNER (TOYOTA)","2020","0","97 - NOT APPLICABLE"
"19909838","ABILENE","2023-12-06","0","2 - CLOUDY","HARLEY-DAVIDSON","FLHTP (HARLEY-DAVIDSON)","2009","0","1 - NOT WORN"
"19909838","ABILENE","2023-12-06","0","2 - CLOUDY","HARLEY-DAVIDSON","FLHTP (HARLEY-DAVIDSON)","2009","0","2 - WORN, DAMAGED"
"19909838","ABILENE","2023-12-06","0","2 - CLOUDY","GMC","YUKON XL (GMC)","2020","0","97 - NOT APPLICABLE"
"19909838","ABILENE","2023-12-06","0","2 - CLOUDY","GMC","YUKON XL (GMC)","2020","0","97 - NOT APPLICABLE"
"19909838","ABILENE","2023-12-06","0","2 - CLOUDY","GMC","YUKON XL (GMC)","2020","0","97 - NOT APPLICABLE"
"19909838","ABILENE","2023-12-06","0","2 - CLOUDY","GMC","YUKON XL (GMC)","2020","0","97 - NOT APPLICABLE"
"19909838","ABILENE","2023-12-06","0","2 - CLOUDY","GMC","YUKON XL (GMC)","2020","0","97 - NOT APPLICABLE"
"19916348","KELLER","2023-12-06","1","1 - CLEAR","HONDA","CMX300 (HONDA)","2017","1","2 - WORN, DAMAGED"
"19919095","FORT WORTH","2023-12-06","0","1 - CLEAR","HARLEY-DAVIDSON","FLT (HARLEY-DAVIDSON)","2022","0","2 - WORN, DAMAGED"
"19919095","FORT WORTH","2023-12-06","0","1 - CLEAR","NISSAN","ALTIMA (NISSAN)","2012","0","97 - NOT APPLICABLE"
"19921463","MUSTANG RIDGE","2023-12-06","0","1 - CLEAR","HARLEY-DAVIDSON","FXDL (HARLEY-DAVIDSON)","1997","0","1 - NOT WORN"
"19921463","MUSTANG RIDGE","2023-12-06","0","1 - CLEAR","HARLEY-DAVIDSON","FXDL (HARLEY-DAVIDSON)","1997","0","2 - WORN, DAMAGED"
"19921463","MUSTANG RIDGE","2023-12-06","0","1 - CLEAR","HONDA","CR-V (HONDA)","2006","0","97 - NOT APPLICABLE"
"19909302","MESQUITE","2023-12-07","0","1 - CLEAR","KAWASAKI","ZX636 (KAWASAKI)","2024","0","2 - WORN, DAMAGED"
"19909302","MESQUITE","2023-12-07","0","1 - CLEAR","No Data","No Data","No Data","0","97 - NOT APPLICABLE"
"19910629","OUTSIDE CITY LIMITS","2023-12-07","0","2 - CLOUDY","KENWORTH","T680 (KENWORTH)","1998","0","97 - NOT APPLICABLE"
"19910629","OUTSIDE CITY LIMITS","2023-12-07","0","2 - CLOUDY","HONDA","CBR1100 (HONDA)","2015","0","2 - WORN, DAMAGED"
"19911238","AZLE","2023-12-07","0","1 - CLEAR","HARLEY-DAVIDSON","FLHRXS (HARLEY-DAVIDSON)","2022","0","1 - NOT WORN"
"19911238","AZLE","2023-12-07","0","1 - CLEAR","CHEVROLET","MALIBU (CHEVROLET)","2016","0","97 - NOT APPLICABLE"
"19911238","AZLE","2023-12-07","0","1 - CLEAR","CHEVROLET","MALIBU (CHEVROLET)","2016","0","97 - NOT APPLICABLE"
"19913857","GRAPEVINE","2023-12-07","0","1 - CLEAR","NISSAN","ALTIMA (NISSAN)","2006","0","97 - NOT APPLICABLE"
"19913857","GRAPEVINE","2023-12-07","0","1 - CLEAR","BMW","K1300 (BMW)","2014","0","4 - WORN, UNK DAMAGE"
"19915751","OUTSIDE CITY LIMITS","2023-12-07","1","1 - CLEAR","FORD","F150 (FORD)","2020","0","97 - NOT APPLICABLE"
"19915751","OUTSIDE CITY LIMITS","2023-12-07","1","1 - CLEAR","FORD","F150 (FORD)","2020","0","97 - NOT APPLICABLE"
"19915751","OUTSIDE CITY LIMITS","2023-12-07","1","1 - CLEAR","YAMAHA","UNKNOWN (YAMAHA)","2000","1","99 - UNKNOWN IF WORN"
"19917120","OUTSIDE CITY LIMITS","2023-12-07","0","1 - CLEAR","HONDA","CBR600 (HONDA)","2006","0","1 - NOT WORN"
"19922751","BROWNSVILLE","2023-12-07","0","1 - CLEAR","JEEP","COMMANDER (JEEP)","2007","0","97 - NOT APPLICABLE"
"19922751","BROWNSVILLE","2023-12-07","0","1 - CLEAR","ALL OTHER MAKES","UNKNOWN (ALL OTHER MAKES)","2022","0","2 - WORN, DAMAGED"
"19923117","LUBBOCK","2023-12-07","1","1 - CLEAR","CHEVROLET","SILVERADO (CHEVROLET)","2013","0","97 - NOT APPLICABLE"
"19923117","LUBBOCK","2023-12-07","1","1 - CLEAR","INDIAN MOTORCYCLE CO.","SCOUT (INDIAN MOTORCYCLE CO.)","2021","1","2 - WORN, DAMAGED"
"19937400","OUTSIDE CITY LIMITS","2023-12-07","0","1 - CLEAR","HONDA","UNKNOWN (HONDA)","2012","0","3 - WORN, NOT DAMAGED"
"19937400","OUTSIDE CITY LIMITS","2023-12-07","0","1 - CLEAR","BMW","430I (BMW)","2019","0","97 - NOT APPLICABLE"
"19911974","WAXAHACHIE","2023-12-08","0","1 - CLEAR","HARLEY-DAVIDSON","FLH (HARLEY-DAVIDSON)","2018","0","2 - WORN, DAMAGED"
"19911974","WAXAHACHIE","2023-12-08","0","1 - CLEAR","DODGE","CHARGER (DODGE)","2019","0","97 - NOT APPLICABLE"
"19911974","WAXAHACHIE","2023-12-08","0","1 - CLEAR","FORD","F250 (FORD)","2021","0","97 - NOT APPLICABLE"
"19911974","WAXAHACHIE","2023-12-08","0","1 - CLEAR","FORD","F250 (FORD)","2021","0","97 - NOT APPLICABLE"
"19914091","SHERMAN","2023-12-08","0","1 - CLEAR","SUZUKI","GSX-R750 (SUZUKI)","2009","0","2 - WORN, DAMAGED"
"19921336","OUTSIDE CITY LIMITS","2023-12-08","0","1 - CLEAR","HARLEY-DAVIDSON","FLHTKL (HARLEY-DAVIDSON)","2017","0","1 - NOT WORN"
"19924033","ATLANTA","2023-12-08","0","1 - CLEAR","CHEVROLET","MALIBU (CHEVROLET)","2015","0","97 - NOT APPLICABLE"
"19924033","ATLANTA","2023-12-08","0","1 - CLEAR","CHEVROLET","MALIBU (CHEVROLET)","2015","0","97 - NOT APPLICABLE"
"19924033","ATLANTA","2023-12-08","0","1 - CLEAR","KAWASAKI","UNKNOWN (KAWASAKI)","2006","0","4 - WORN, UNK DAMAGE"
"19928699","PLANO","2023-12-08","0","1 - CLEAR","YAMAHA","YZFR6 (YAMAHA)","2008","0","1 - NOT WORN"
"19928699","PLANO","2023-12-08","0","1 - CLEAR","DODGE","RAM 1500 (DODGE)","2020","0","97 - NOT APPLICABLE"
"19928699","PLANO","2023-12-08","0","1 - CLEAR","DODGE","RAM 1500 (DODGE)","2020","0","97 - NOT APPLICABLE"
"19937839","OUTSIDE CITY LIMITS","2023-12-08","0","1 - CLEAR","FORD","EXPLORER (FORD)","2013","0","97 - NOT APPLICABLE"
"19937839","OUTSIDE CITY LIMITS","2023-12-08","0","1 - CLEAR","FORD","EXPLORER (FORD)","2013","0","97 - NOT APPLICABLE"
"19937839","OUTSIDE CITY LIMITS","2023-12-08","0","1 - CLEAR","HARLEY-DAVIDSON","FLH (HARLEY-DAVIDSON)","2015","0","2 - WORN, DAMAGED"
"19937839","OUTSIDE CITY LIMITS","2023-12-08","0","1 - CLEAR","HARLEY-DAVIDSON","FLH (HARLEY-DAVIDSON)","2015","0","3 - WORN, NOT DAMAGED"
"19938850","OUTSIDE CITY LIMITS","2023-12-08","0","1 - CLEAR","HARLEY-DAVIDSON","FLH (HARLEY-DAVIDSON)","2006","0","3 - WORN, NOT DAMAGED"
"19938850","OUTSIDE CITY LIMITS","2023-12-08","0","1 - CLEAR","CHEVROLET","SILVERADO C1500 (CHEVROLET)","2006","0","97 - NOT APPLICABLE"
"19938850","OUTSIDE CITY LIMITS","2023-12-08","0","1 - CLEAR","CHEVROLET","SILVERADO C1500 (CHEVROLET)","2006","0","97 - NOT APPLICABLE"
"19938850","OUTSIDE CITY LIMITS","2023-12-08","0","1 - CLEAR","CHEVROLET","SILVERADO C1500 (CHEVROLET)","2006","0","97 - NOT APPLICABLE"
"19939360","OUTSIDE CITY LIMITS","2023-12-08","0","1 - CLEAR","HARLEY-DAVIDSON","FLTR (HARLEY-DAVIDSON)","2007","0","2 - WORN, DAMAGED"
"19942275","CORPUS CHRISTI","2023-12-08","1","1 - CLEAR","HARLEY-DAVIDSON","FLH (HARLEY-DAVIDSON)","2023","1","3 - WORN, NOT DAMAGED"
"19942275","CORPUS CHRISTI","2023-12-08","1","1 - CLEAR","FORD","F350 (FORD)","2020","0","97 - NOT APPLICABLE"
"19912695","SAN ANTONIO","2023-12-09","0","1 - CLEAR","YAMAHA","YZF1000 (YAMAHA)","2023","0","2 - WORN, DAMAGED"
"19912695","SAN ANTONIO","2023-12-09","0","1 - CLEAR","No Data","No Data","No Data","0","97 - NOT APPLICABLE"
"19912886","OUTSIDE CITY LIMITS","2023-12-09","0","1 - CLEAR","HONDA","UNKNOWN (HONDA)","2004","0","2 - WORN, DAMAGED"
"19914562","AUSTIN","2023-12-09","0","1 - CLEAR","KAWASAKI","VULCAN 2000 (KAWASAKI)","2012","0","3 - WORN, NOT DAMAGED"
"19914562","AUSTIN","2023-12-09","0","1 - CLEAR","TOYOTA","PRIUS (TOYOTA)","2015","0","97 - NOT APPLICABLE"
"19921672","OUTSIDE CITY LIMITS","2023-12-09","0","1 - CLEAR","TOYOTA","COROLLA (TOYOTA)","2012","0","97 - NOT APPLICABLE"
"19921672","OUTSIDE CITY LIMITS","2023-12-09","0","1 - CLEAR","KAWASAKI","ZX600 (KAWASAKI)","2023","0","4 - WORN, UNK DAMAGE"
"19923371","OUTSIDE CITY LIMITS","2023-12-09","0","1 - CLEAR","HONDA","GL1200 (HONDA)","2018","0","3 - WORN, NOT DAMAGED"
"19929601","ROWLETT","2023-12-09","0","1 - CLEAR","HARLEY-DAVIDSON","UNKNOWN (HARLEY-DAVIDSON)","2007","0","99 - UNKNOWN IF WORN"
"19929601","ROWLETT","2023-12-09","0","1 - CLEAR","NISSAN","SENTRA (NISSAN)","2019","0","97 - NOT APPLICABLE"
"19930385","OUTSIDE CITY LIMITS","2023-12-09","0","1 - CLEAR","HARLEY-DAVIDSON","UNKNOWN (HARLEY-DAVIDSON)","2011","0","1 - NOT WORN"
"19932663","OUTSIDE CITY LIMITS","2023-12-09","0","1 - CLEAR","HARLEY-DAVIDSON","FLSTCI (HARLEY-DAVIDSON)","2003","0","2 - WORN, DAMAGED"
"19933301","GLADEWATER","2023-12-09","0","1 - CLEAR","HARLEY-DAVIDSON","UNKNOWN (HARLEY-DAVIDSON)","2012","0","4 - WORN, UNK DAMAGE"
"19933301","GLADEWATER","2023-12-09","0","1 - CLEAR","HARLEY-DAVIDSON","UNKNOWN (HARLEY-DAVIDSON)","2012","0","4 - WORN, UNK DAMAGE"
"19933301","GLADEWATER","2023-12-09","0","1 - CLEAR","GMC","YUKON XL (GMC)","2016","0","97 - NOT APPLICABLE"
"19938035","DALLAS","2023-12-09","0","2 - CLOUDY","HARLEY-DAVIDSON","FLT (HARLEY-DAVIDSON)","2017","0","1 - NOT WORN"
"19938035","DALLAS","2023-12-09","0","2 - CLOUDY","CHRYSLER","300 (CHRYSLER)","2023","0","97 - NOT APPLICABLE"
"19938035","DALLAS","2023-12-09","0","2 - CLOUDY","CHRYSLER","300 (CHRYSLER)","2023","0","97 - NOT APPLICABLE"
"19961186","DALLAS","2023-12-09","1","1 - CLEAR","KAWASAKI","ZX1000 (KAWASAKI)","2021","1","2 - WORN, DAMAGED"
"19961186","DALLAS","2023-12-09","1","1 - CLEAR","INTERNATIONAL","MV607 (INTERNATIONAL)","2021","0","97 - NOT APPLICABLE"
"19921453","GRAPEVINE","2023-12-10","0","1 - CLEAR","HARLEY-DAVIDSON","UNKNOWN (HARLEY-DAVIDSON)","2007","0","1 - NOT WORN"
"19932941","HOUSTON","2023-12-10","1","1 - CLEAR","TRIUMPH MOTORCYCLE","SPEED TWIN (TRIUMPH MOTORCYCLE)","2014","1","2 - WORN, DAMAGED"
"19932941","HOUSTON","2023-12-10","1","1 - CLEAR","TOYOTA","CAMRY (TOYOTA)","2017","0","97 - NOT APPLICABLE"
"19917284","AUSTIN","2023-12-11","0","1 - CLEAR","CHEVROLET","MALIBU (CHEVROLET)","2006","0","97 - NOT APPLICABLE"
"19917284","AUSTIN","2023-12-11","0","1 - CLEAR","CHEVROLET","MALIBU (CHEVROLET)","2006","0","97 - NOT APPLICABLE"
"19917284","AUSTIN","2023-12-11","0","1 - CLEAR","KAWASAKI","UNKNOWN (KAWASAKI)","2008","0","2 - WORN, DAMAGED"
"19918671","SHERMAN","2023-12-11","0","1 - CLEAR","HARLEY-DAVIDSON","FLD (HARLEY-DAVIDSON)","2023","0","2 - WORN, DAMAGED"
"19929317","HOUSTON","2023-12-11","0","1 - CLEAR","FORD","ECONOLINE (FORD)","2010","0","97 - NOT APPLICABLE"
"19929317","HOUSTON","2023-12-11","0","1 - CLEAR","FORD","ECONOLINE (FORD)","2010","0","97 - NOT APPLICABLE"
"19929317","HOUSTON","2023-12-11","0","1 - CLEAR","HARLEY-DAVIDSON","FLT (HARLEY-DAVIDSON)","2023","0","4 - WORN, UNK DAMAGE"
"19937459","OUTSIDE CITY LIMITS","2023-12-11","0","1 - CLEAR","YAMAHA","YZFR3 (YAMAHA)","2015","0","1 - NOT WORN"
"19937459","OUTSIDE CITY LIMITS","2023-12-11","0","1 - CLEAR","MAZDA","B-SERIES PICKUP (MAZDA)","1999","0","97 - NOT APPLICABLE"
"19920119","WYLIE","2023-12-12","0","1 - CLEAR","YAMAHA","FZ6 (YAMAHA)","2009","0","2 - WORN, DAMAGED"
"19920119","WYLIE","2023-12-12","0","1 - CLEAR","CHEVROLET","TAHOE (CHEVROLET)","2016","0","97 - NOT APPLICABLE"
"19925077","OUTSIDE CITY LIMITS","2023-12-12","0","2 - CLOUDY","HONDA","VT750 (HONDA)","2019","0","2 - WORN, DAMAGED"
"19925077","OUTSIDE CITY LIMITS","2023-12-12","0","2 - CLOUDY","CHEVROLET","IMPALA (CHEVROLET)","2012","0","97 - NOT APPLICABLE"
"19941125","OUTSIDE CITY LIMITS","2023-12-12","0","1 - CLEAR","SUZUKI","GSX250R (SUZUKI)","2020","0","99 - UNKNOWN IF WORN"
"19941125","OUTSIDE CITY LIMITS","2023-12-12","0","1 - CLEAR","FORD","F150 (FORD)","2023","0","97 - NOT APPLICABLE"
"19923569","FARMERSVILLE","2023-12-13","0","1 - CLEAR","FORD","ESCAPE (FORD)","2008","0","97 - NOT APPLICABLE"
"19923569","FARMERSVILLE","2023-12-13","0","1 - CLEAR","FORD","ESCAPE (FORD)","2008","0","97 - NOT APPLICABLE"
"19923569","FARMERSVILLE","2023-12-13","0","1 - CLEAR","FORD","ESCAPE (FORD)","2008","0","97 - NOT APPLICABLE"
"19923569","FARMERSVILLE","2023-12-13","0","1 - CLEAR","VICTORY MOTORCYCLES","UNKNOWN (VICTORY MOTORCYCLES)","2013","0","4 - WORN, UNK DAMAGE"
"19937985","SOCORRO","2023-12-13","1","1 - CLEAR","CHEVROLET","CAMARO (CHEVROLET)","2023","0","97 - NOT APPLICABLE"
"19937985","SOCORRO","2023-12-13","1","1 - CLEAR","HONDA","CBR600 (HONDA)","2003","1","4 - WORN, UNK DAMAGE"
"19945437","WAXAHACHIE","2023-12-13","0","1 - CLEAR","HARLEY-DAVIDSON","XLH1100 (HARLEY-DAVIDSON)","2014","0","1 - NOT WORN"
"19954370","HOUSTON","2023-12-13","0","2 - CLOUDY","YAMAHA","VMX12 (YAMAHA)","2002","0","4 - WORN, UNK DAMAGE"
"19922228","TAYLOR","2023-12-14","1","1 - CLEAR","CHEVROLET","S10 (CHEVROLET)","2000","0","97 - NOT APPLICABLE"
"19922228","TAYLOR","2023-12-14","1","1 - CLEAR","HONDA","UNKNOWN (HONDA)","2005","1","1 - NOT WORN"
"19923227","OUTSIDE CITY LIMITS","2023-12-14","0","1 - CLEAR","HARLEY-DAVIDSON","XL883 (HARLEY-DAVIDSON)","2007","0","1 - NOT WORN"
"19926603","SAN ANTONIO","2023-12-14","0","1 - CLEAR","HONDA","UNKNOWN (HONDA)","1998","0","1 - NOT WORN"
"19945206","OUTSIDE CITY LIMITS","2023-12-14","1","1 - CLEAR","HONDA","ACCORD (HONDA)","2019","0","97 - NOT APPLICABLE"
"19945206","OUTSIDE CITY LIMITS","2023-12-14","1","1 - CLEAR","KAWASAKI","VN800 (KAWASAKI)","2000","1","1 - NOT WORN"
"19932188","DENTON","2023-12-15","0","1 - CLEAR","TOYOTA","COROLLA (TOYOTA)","2006","0","97 - NOT APPLICABLE"
"19932188","DENTON","2023-12-15","0","1 - CLEAR","TOYOTA","COROLLA (TOYOTA)","2006","0","97 - NOT APPLICABLE"
"19932188","DENTON","2023-12-15","0","1 - CLEAR","KAWASAKI","EX650 (KAWASAKI)","2023","0","2 - WORN, DAMAGED"
"19932995","OUTSIDE CITY LIMITS","2023-12-15","0","2 - CLOUDY","KAWASAKI","NINJA ZX (KAWASAKI)","2014","0","3 - WORN, NOT DAMAGED"
"19932995","OUTSIDE CITY LIMITS","2023-12-15","0","2 - CLOUDY","CADILLAC","ESCALADE (CADILLAC)","2004","0","97 - NOT APPLICABLE"
"19932995","OUTSIDE CITY LIMITS","2023-12-15","0","2 - CLOUDY","CADILLAC","ESCALADE (CADILLAC)","2004","0","97 - NOT APPLICABLE"
"19925658","LAGO VISTA","2023-12-16","0","1 - CLEAR","CAN-AM","RYKER (CAN-AM)","2022","0","3 - WORN, NOT DAMAGED"
"19930534","HARLINGEN","2023-12-16","0","1 - CLEAR","NISSAN","SENTRA (NISSAN)","2014","0","97 - NOT APPLICABLE"
"19930534","HARLINGEN","2023-12-16","0","1 - CLEAR","NISSAN","SENTRA (NISSAN)","2014","0","97 - NOT APPLICABLE"
"19930534","HARLINGEN","2023-12-16","0","1 - CLEAR","HARLEY-DAVIDSON","FXS (HARLEY-DAVIDSON)","2023","0","1 - NOT WORN"
"19934034","HOUSTON","2023-12-16","0","1 - CLEAR","NISSAN","ROGUE (NISSAN)","2011","0","97 - NOT APPLICABLE"
"19934034","HOUSTON","2023-12-16","0","1 - CLEAR","NISSAN","ROGUE (NISSAN)","2011","0","97 - NOT APPLICABLE"
"19934034","HOUSTON","2023-12-16","0","1 - CLEAR","HONDA","CBR250 (HONDA)","2013","0","2 - WORN, DAMAGED"
"19934034","HOUSTON","2023-12-16","0","1 - CLEAR","HONDA","CBR250 (HONDA)","2013","0","1 - NOT WORN"
"19935416","OUTSIDE CITY LIMITS","2023-12-16","0","1 - CLEAR","YAMAHA","FJ1100 (YAMAHA)","2000","0","2 - WORN, DAMAGED"
"19940726","PLANO","2023-12-16","0","1 - CLEAR","CHEVROLET","SILVERADO (CHEVROLET)","2013","0","97 - NOT APPLICABLE"
"19940726","PLANO","2023-12-16","0","1 - CLEAR","KAWASAKI","EX400 (KAWASAKI)","2023","0","4 - WORN, UNK DAMAGE"
"19953577","OUTSIDE CITY LIMITS","2023-12-16","0","1 - CLEAR","POLARIS","SLINGSHOT (POLARIS)","2023","0","1 - NOT WORN"
"19928337","THE COLONY","2023-12-17","0","1 - CLEAR","NISSAN","SENTRA (NISSAN)","2019","0","97 - NOT APPLICABLE"
"19928337","THE COLONY","2023-12-17","0","1 - CLEAR","NISSAN","SENTRA (NISSAN)","2019","0","97 - NOT APPLICABLE"
"19928337","THE COLONY","2023-12-17","0","1 - CLEAR","ALL OTHER MAKES","UNKNOWN (ALL OTHER MAKES)","2023","0","2 - WORN, DAMAGED"
"19933737","PLEASANTON","2023-12-17","0","1 - CLEAR","HARLEY-DAVIDSON","UNKNOWN (HARLEY-DAVIDSON)","2013","0","2 - WORN, DAMAGED"
"19933737","PLEASANTON","2023-12-17","0","1 - CLEAR","HARLEY-DAVIDSON","UNKNOWN (HARLEY-DAVIDSON)","2013","0","2 - WORN, DAMAGED"
"19938202","SAN ANTONIO","2023-12-17","1","1 - CLEAR","YAMAHA","SRX600 (YAMAHA)","2013","1","2 - WORN, DAMAGED"
"19960106","OUTSIDE CITY LIMITS","2023-12-17","1","2 - CLOUDY","FORD","CROWN VICTORIA (FORD)","1999","0","97 - NOT APPLICABLE"
"19960106","OUTSIDE CITY LIMITS","2023-12-17","1","2 - CLOUDY","HARLEY-DAVIDSON","XL883 (HARLEY-DAVIDSON)","2007","1","2 - WORN, DAMAGED"
"19929781","TEMPLE","2023-12-18","0","1 - CLEAR","HONDA","CBR1000 (HONDA)","2023","0","2 - WORN, DAMAGED"
"19929781","TEMPLE","2023-12-18","0","1 - CLEAR","GMC","YUKON (GMC)","2003","0","97 - NOT APPLICABLE"
"19929781","TEMPLE","2023-12-18","0","1 - CLEAR","GMC","YUKON (GMC)","2003","0","97 - NOT APPLICABLE"
"19929781","TEMPLE","2023-12-18","0","1 - CLEAR","GMC","YUKON (GMC)","2003","0","97 - NOT APPLICABLE"
"19930264","GEORGETOWN","2023-12-18","0","1 - CLEAR","NISSAN","ALTIMA (NISSAN)","2023","0","97 - NOT APPLICABLE"
"19930264","GEORGETOWN","2023-12-18","0","1 - CLEAR","NISSAN","ALTIMA (NISSAN)","2023","0","97 - NOT APPLICABLE"
"19930264","GEORGETOWN","2023-12-18","0","1 - CLEAR","TRIUMPH MOTORCYCLE","TRIDENT 600 (TRIUMPH MOTORCYCLE)","2022","0","2 - WORN, DAMAGED"
"19930291","DAYTON","2023-12-18","0","1 - CLEAR","YAMAHA","YZFR3 (YAMAHA)","2015","0","4 - WORN, UNK DAMAGE"
"19930291","DAYTON","2023-12-18","0","1 - CLEAR","TOYOTA","CAMRY (TOYOTA)","2022","0","97 - NOT APPLICABLE"
"19930672","AUSTIN","2023-12-18","0","1 - CLEAR","KIA","SEDONA (KIA)","2012","0","97 - NOT APPLICABLE"
"19930672","AUSTIN","2023-12-18","0","1 - CLEAR","HONDA","UNKNOWN (HONDA)","2002","0","3 - WORN, NOT DAMAGED"
"19930868","OUTSIDE CITY LIMITS","2023-12-18","0","1 - CLEAR","CHEVROLET","EQUINOX (CHEVROLET)","2017","0","97 - NOT APPLICABLE"
"19930868","OUTSIDE CITY LIMITS","2023-12-18","0","1 - CLEAR","INDIAN MOTORCYCLE CO.","CHALLENGER (INDIAN MOTORCYCLE CO.)","2020","0","2 - WORN, DAMAGED"
"19934104","HOUSTON","2023-12-18","0","1 - CLEAR","HONDA","ACCORD (HONDA)","2005","0","97 - NOT APPLICABLE"
"19934104","HOUSTON","2023-12-18","0","1 - CLEAR","GMC","C1500 (GMC)","2004","0","97 - NOT APPLICABLE"
"19934104","HOUSTON","2023-12-18","0","1 - CLEAR","KAWASAKI","EX650 (KAWASAKI)","2016","0","4 - WORN, UNK DAMAGE"
"19937237","HICKORY CREEK","2023-12-18","0","1 - CLEAR","APRILIA","UNKNOWN (APRILIA)","2022","0","2 - WORN, DAMAGED"
"19940275","OUTSIDE CITY LIMITS","2023-12-18","1","1 - CLEAR","BUELL","FIREBOLT (BUELL)","2003","1","1 - NOT WORN"
"19940275","OUTSIDE CITY LIMITS","2023-12-18","1","1 - CLEAR","BUELL","FIREBOLT (BUELL)","2003","0","1 - NOT WORN"
"19940275","OUTSIDE CITY LIMITS","2023-12-18","1","1 - CLEAR","TOYOTA","VENZA (TOYOTA)","2009","0","97 - NOT APPLICABLE"
"19940275","OUTSIDE CITY LIMITS","2023-12-18","1","1 - CLEAR","TOYOTA","VENZA (TOYOTA)","2009","0","97 - NOT APPLICABLE"
"19940275","OUTSIDE CITY LIMITS","2023-12-18","1","1 - CLEAR","TOYOTA","VENZA (TOYOTA)","2009","0","97 - NOT APPLICABLE"
"19940275","OUTSIDE CITY LIMITS","2023-12-18","1","1 - CLEAR","TOYOTA","VENZA (TOYOTA)","2009","0","97 - NOT APPLICABLE"
"19943201","OUTSIDE CITY LIMITS","2023-12-18","0","2 - CLOUDY","JEEP","GLADIATOR (JEEP)","2020","0","97 - NOT APPLICABLE"
"19943201","OUTSIDE CITY LIMITS","2023-12-18","0","2 - CLOUDY","INDIAN MOTORCYCLE CO.","CHIEFTAIN (INDIAN MOTORCYCLE CO.)","2015","0","2 - WORN, DAMAGED"
"19947109","HOUSTON","2023-12-18","0","1 - CLEAR","LINCOLN","UNKNOWN (LINCOLN)","2022","0","97 - NOT APPLICABLE"
"19947109","HOUSTON","2023-12-18","0","1 - CLEAR","YAMAHA","YZF1000 (YAMAHA)","2014","0","99 - UNKNOWN IF WORN"
"19948304","LAGO VISTA","2023-12-18","0","1 - CLEAR","NISSAN","ROGUE (NISSAN)","2021","0","97 - NOT APPLICABLE"
"19948304","LAGO VISTA","2023-12-18","0","1 - CLEAR","HONDA","UNKNOWN (HONDA)","2007","0","99 - UNKNOWN IF WORN"
"19950366","OUTSIDE CITY LIMITS","2023-12-18","1","1 - CLEAR","INTERNATIONAL","UNKNOWN (INTERNATIONAL)","2014","0","97 - NOT APPLICABLE"
"19950366","OUTSIDE CITY LIMITS","2023-12-18","1","1 - CLEAR","SUZUKI","DL1000 (SUZUKI)","2014","1","3 - WORN, NOT DAMAGED"
"19953233","CARROLLTON","2023-12-18","0","1 - CLEAR","FORD","FUSION (FORD)","2013","0","97 - NOT APPLICABLE"
"19953233","CARROLLTON","2023-12-18","0","1 - CLEAR","BASHAN","BASHAN MOTORCYCLE (BASHAN)","2022","0","4 - WORN, UNK DAMAGE"
"19933744","DALLAS","2023-12-19","0","1 - CLEAR","HARLEY-DAVIDSON","UNKNOWN (HARLEY-DAVIDSON)","2011","0","1 - NOT WORN"
"19934370","HOUSTON","2023-12-20","0","1 - CLEAR","YAMAHA","UNKNOWN (YAMAHA)","2015","0","2 - WORN, DAMAGED"
"19934370","HOUSTON","2023-12-20","0","1 - CLEAR","FORD","TRANSIT (FORD)","2016","0","97 - NOT APPLICABLE"
"19934370","HOUSTON","2023-12-20","0","1 - CLEAR","FORD","TRANSIT (FORD)","2016","0","97 - NOT APPLICABLE"
"19934370","HOUSTON","2023-12-20","0","1 - CLEAR","FORD","TRANSIT (FORD)","2016","0","97 - NOT APPLICABLE"
"19934370","HOUSTON","2023-12-20","0","1 - CLEAR","FORD","TRANSIT (FORD)","2016","0","97 - NOT APPLICABLE"
"19934554","LUBBOCK","2023-12-20","0","1 - CLEAR","RAM","2500 (RAM)","2021","0","97 - NOT APPLICABLE"
"19934554","LUBBOCK","2023-12-20","0","1 - CLEAR","YAMAHA","XVS1100 (YAMAHA)","2008","0","1 - NOT WORN"
"19939941","ARLINGTON","2023-12-20","0","1 - CLEAR","YAMAHA","YZF600 (YAMAHA)","2011","0","2 - WORN, DAMAGED"
"19939941","ARLINGTON","2023-12-20","0","1 - CLEAR","CHEVROLET","TRAILBLAZER (CHEVROLET)","2023","0","97 - NOT APPLICABLE"
"19939941","ARLINGTON","2023-12-20","0","1 - CLEAR","CADILLAC","ESCALADE (CADILLAC)","2023","0","97 - NOT APPLICABLE"
"19946252","ODESSA","2023-12-20","1","1 - CLEAR","KAWASAKI","KLX140 (KAWASAKI)","2023","1","1 - NOT WORN"
"19946252","ODESSA","2023-12-20","1","1 - CLEAR","CHEVROLET","SILVERADO (CHEVROLET)","2014","0","97 - NOT APPLICABLE"
"19946252","ODESSA","2023-12-20","1","1 - CLEAR","CHEVROLET","SILVERADO (CHEVROLET)","2014","0","97 - NOT APPLICABLE"
"19950177","HOUSTON","2023-12-20","0","1 - CLEAR","HONDA","CBR1000 (HONDA)","2018","0","4 - WORN, UNK DAMAGE"
"19950177","HOUSTON","2023-12-20","0","1 - CLEAR","FORD","F-150 HERITAGE (FORD)","2010","0","97 - NOT APPLICABLE"
"19950177","HOUSTON","2023-12-20","0","1 - CLEAR","FORD","F-150 HERITAGE (FORD)","2010","0","97 - NOT APPLICABLE"
"19950177","HOUSTON","2023-12-20","0","1 - CLEAR","FORD","F-150 HERITAGE (FORD)","2010","0","97 - NOT APPLICABLE"
"19951440","BAYTOWN","2023-12-20","0","1 - CLEAR","HONDA","VT750 (HONDA)","2002","0","1 - NOT WORN"
"19951440","BAYTOWN","2023-12-20","0","1 - CLEAR","UNKNOWN","UNKNOWN (UNKNOWN)","No Data","0","97 - NOT APPLICABLE"
"19966158","OUTSIDE CITY LIMITS","2023-12-21","0","1 - CLEAR","HONDA","GROM (HONDA)","2024","0","1 - NOT WORN"
"19938862","PASADENA","2023-12-22","0","1 - CLEAR","HARLEY-DAVIDSON","FLT (HARLEY-DAVIDSON)","2010","0","99 - UNKNOWN IF WORN"
"19938862","PASADENA","2023-12-22","0","1 - CLEAR","HONDA","ACCORD (HONDA)","2014","0","97 - NOT APPLICABLE"
"19938862","PASADENA","2023-12-22","0","1 - CLEAR","HONDA","ACCORD (HONDA)","2014","0","97 - NOT APPLICABLE"
"19938862","PASADENA","2023-12-22","0","1 - CLEAR","HONDA","ACCORD (HONDA)","2014","0","97 - NOT APPLICABLE"
"19943505","OUTSIDE CITY LIMITS","2023-12-22","0","1 - CLEAR","HONDA","VT750 (HONDA)","2005","0","1 - NOT WORN"
"19943505","OUTSIDE CITY LIMITS","2023-12-22","0","1 - CLEAR","HONDA","VT750 (HONDA)","2005","0","2 - WORN, DAMAGED"
"19943505","OUTSIDE CITY LIMITS","2023-12-22","0","1 - CLEAR","TOYOTA","RAV4 (TOYOTA)","2018","0","97 - NOT APPLICABLE"
"19944445","SAGINAW","2023-12-22","0","1 - CLEAR","MAZDA","MAZDA3 (MAZDA)","2015","0","97 - NOT APPLICABLE"
"19944445","SAGINAW","2023-12-22","0","1 - CLEAR","MAZDA","MAZDA3 (MAZDA)","2015","0","97 - NOT APPLICABLE"
"19944445","SAGINAW","2023-12-22","0","1 - CLEAR","HARLEY-DAVIDSON","FLH (HARLEY-DAVIDSON)","2020","0","1 - NOT WORN"
"19944445","SAGINAW","2023-12-22","0","1 - CLEAR","HARLEY-DAVIDSON","FLH (HARLEY-DAVIDSON)","2020","0","3 - WORN, NOT DAMAGED"
"19944445","SAGINAW","2023-12-22","0","1 - CLEAR","NISSAN","ALTIMA (NISSAN)","2017","0","97 - NOT APPLICABLE"
"19944445","SAGINAW","2023-12-22","0","1 - CLEAR","NISSAN","ALTIMA (NISSAN)","2017","0","97 - NOT APPLICABLE"
"19944711","SEGUIN","2023-12-22","0","1 - CLEAR","HONDA","ATC250 (HONDA)","2019","0","1 - NOT WORN"
"19944711","SEGUIN","2023-12-22","0","1 - CLEAR","UNKNOWN","UNKNOWN (UNKNOWN)","No Data","0","97 - NOT APPLICABLE"
"19948186","OUTSIDE CITY LIMITS","2023-12-22","0","1 - CLEAR","YAMAHA","FZ6 (YAMAHA)","2004","0","2 - WORN, DAMAGED"
"19948186","OUTSIDE CITY LIMITS","2023-12-22","0","1 - CLEAR","NISSAN","MAXIMA (NISSAN)","2018","0","97 - NOT APPLICABLE"
"19958040","DALLAS","2023-12-22","0","1 - CLEAR","TOYOTA","SIENNA (TOYOTA)","2016","0","97 - NOT APPLICABLE"
"19958040","DALLAS","2023-12-22","0","1 - CLEAR","TOYOTA","SIENNA (TOYOTA)","2016","0","97 - NOT APPLICABLE"
"19958040","DALLAS","2023-12-22","0","1 - CLEAR","TOYOTA","SIENNA (TOYOTA)","2016","0","97 - NOT APPLICABLE"
"19958040","DALLAS","2023-12-22","0","1 - CLEAR","TOYOTA","SIENNA (TOYOTA)","2016","0","97 - NOT APPLICABLE"
"19958040","DALLAS","2023-12-22","0","1 - CLEAR","KAWASAKI","ZX1000 (KAWASAKI)","2023","0","2 - WORN, DAMAGED"
"19942490","LONGVIEW","2023-12-23","0","2 - CLOUDY","HARLEY-DAVIDSON","FLD (HARLEY-DAVIDSON)","2003","0","1 - NOT WORN"
"19942490","LONGVIEW","2023-12-23","0","2 - CLOUDY","FORD","F150 (FORD)","2010","0","97 - NOT APPLICABLE"
"19942490","LONGVIEW","2023-12-23","0","2 - CLOUDY","FORD","F150 (FORD)","2010","0","97 - NOT APPLICABLE"
"19957372","OUTSIDE CITY LIMITS","2023-12-23","0","1 - CLEAR","POLARIS","SPORTSMAN (POLARIS)","2023","0","1 - NOT WORN"
"19957372","OUTSIDE CITY LIMITS","2023-12-23","0","1 - CLEAR","POLARIS","SPORTSMAN (POLARIS)","2023","0","1 - NOT WORN"
"19985366","HOUSTON","2023-12-23","0","1 - CLEAR","MOTO GUZZI","V7 (MOTO GUZZI)","2022","0","2 - WORN, DAMAGED"
"19985366","HOUSTON","2023-12-23","0","1 - CLEAR","INFINITI","Q60 (INFINITI)","2020","0","97 - NOT APPLICABLE"
"19941474","AUSTIN","2023-12-24","0","1 - CLEAR","JEEP","CHEROKEE (JEEP)","2016","0","97 - NOT APPLICABLE"
"19941474","AUSTIN","2023-12-24","0","1 - CLEAR","HARLEY-DAVIDSON","UNKNOWN (HARLEY-DAVIDSON)","2022","0","3 - WORN, NOT DAMAGED"
"19945796","OUTSIDE CITY LIMITS","2023-12-24","0","1 - CLEAR","NISSAN","SENTRA (NISSAN)","2018","0","97 - NOT APPLICABLE"
"19945796","OUTSIDE CITY LIMITS","2023-12-24","0","1 - CLEAR","NISSAN","SENTRA (NISSAN)","2018","0","97 - NOT APPLICABLE"
"19945796","OUTSIDE CITY LIMITS","2023-12-24","0","1 - CLEAR","KAWASAKI","EX300 (KAWASAKI)","2016","0","1 - NOT WORN"
"19948292","BASTROP","2023-12-24","0","1 - CLEAR","HARLEY-DAVIDSON","FLH (HARLEY-DAVIDSON)","2015","0","2 - WORN, DAMAGED"
"19951337","OUTSIDE CITY LIMITS","2023-12-24","0","1 - CLEAR","YAMAHA","YZFR1 (YAMAHA)","2002","0","2 - WORN, DAMAGED"
"19951337","OUTSIDE CITY LIMITS","2023-12-24","0","1 - CLEAR","HONDA","CIVIC (HONDA)","2021","0","97 - NOT APPLICABLE"
"19956901","KILGORE","2023-12-24","0","2 - CLOUDY","KAWASAKI","VN1600 (KAWASAKI)","2007","0","1 - NOT WORN"
"19962451","HITCHCOCK","2023-12-24","0","3 - RAIN","HARLEY-DAVIDSON","FXST (HARLEY-DAVIDSON)","2020","0","1 - NOT WORN"
"19962451","HITCHCOCK","2023-12-24","0","3 - RAIN","DODGE","RAM 1500 (DODGE)","2017","0","97 - NOT APPLICABLE"
"19944965","EULESS","2023-12-25","0","1 - CLEAR","YAMAHA","YZF1000 (YAMAHA)","2021","0","2 - WORN, DAMAGED"
"19944965","EULESS","2023-12-25","0","1 - CLEAR","LEXUS","ES (LEXUS)","2005","0","97 - NOT APPLICABLE"
"19944965","EULESS","2023-12-25","0","1 - CLEAR","LEXUS","ES (LEXUS)","2005","0","97 - NOT APPLICABLE"
"19944965","EULESS","2023-12-25","0","1 - CLEAR","LEXUS","ES (LEXUS)","2005","0","97 - NOT APPLICABLE"
"19945188","SAN ANTONIO","2023-12-25","1","1 - CLEAR","CHEVROLET","SILVERADO (CHEVROLET)","2021","0","97 - NOT APPLICABLE"
"19945188","SAN ANTONIO","2023-12-25","1","1 - CLEAR","GENUINE SCOOTER CO.","ROUGHHOUSE (GENUINE SCOOTER CO.)","2006","1","1 - NOT WORN"
"19948422","PHARR","2023-12-25","0","1 - CLEAR","HARLEY-DAVIDSON","XL1200 (HARLEY-DAVIDSON)","2016","0","2 - WORN, DAMAGED"
"19980785","OUTSIDE CITY LIMITS","2023-12-25","1","2 - CLOUDY","HONDA","UNKNOWN (HONDA)","1997","1","3 - WORN, NOT DAMAGED"
"19951078","OUTSIDE CITY LIMITS","2023-12-26","0","1 - CLEAR","HARLEY-DAVIDSON","FLH (HARLEY-DAVIDSON)","2023","0","1 - NOT WORN"
"19951141","DALLAS","2023-12-26","0","1 - CLEAR","SUZUKI","GSX-R600 (SUZUKI)","2019","0","2 - WORN, DAMAGED"
"19951141","DALLAS","2023-12-26","0","1 - CLEAR","CADILLAC","ATS (CADILLAC)","2014","0","97 - NOT APPLICABLE"
"19964561","OUTSIDE CITY LIMITS","2023-12-26","0","1 - CLEAR","UNKNOWN","UNKNOWN (UNKNOWN)","2018","0","1 - NOT WORN"
"19947896","MURPHY","2023-12-27","0","1 - CLEAR","KAWASAKI","EX400 (KAWASAKI)","2018","0","1 - NOT WORN"
"19950799","CONVERSE","2023-12-27","0","1 - CLEAR","HARLEY-DAVIDSON","FXDWG (HARLEY-DAVIDSON)","2012","0","2 - WORN, DAMAGED"
"19950799","CONVERSE","2023-12-27","0","1 - CLEAR","HARLEY-DAVIDSON","FLT (HARLEY-DAVIDSON)","2020","0","2 - WORN, DAMAGED"
"19950799","CONVERSE","2023-12-27","0","1 - CLEAR","FORD","MAVERICK (FORD)","2023","0","97 - NOT APPLICABLE"
"19950799","CONVERSE","2023-12-27","0","1 - CLEAR","FORD","MAVERICK (FORD)","2023","0","97 - NOT APPLICABLE"
"19950799","CONVERSE","2023-12-27","0","1 - CLEAR","FORD","MAVERICK (FORD)","2023","0","97 - NOT APPLICABLE"
"19955260","LAKEWAY","2023-12-27","0","1 - CLEAR","YAMAHA","YZFR1 (YAMAHA)","2012","0","4 - WORN, UNK DAMAGE"
"19955260","LAKEWAY","2023-12-27","0","1 - CLEAR","DODGE","RAM 1500 (DODGE)","2002","0","97 - NOT APPLICABLE"
"19955958","HENDERSON","2023-12-27","0","1 - CLEAR","HONDA","UNKNOWN (HONDA)","2010","0","2 - WORN, DAMAGED"
"19955958","HENDERSON","2023-12-27","0","1 - CLEAR","DODGE","RAM 1500 (DODGE)","2011","0","97 - NOT APPLICABLE"
"19955958","HENDERSON","2023-12-27","0","1 - CLEAR","DODGE","RAM 1500 (DODGE)","2011","0","97 - NOT APPLICABLE"
"19963191","BROWNSVILLE","2023-12-27","0","2 - CLOUDY","FORD","F150 (FORD)","2007","0","97 - NOT APPLICABLE"
"19963191","BROWNSVILLE","2023-12-27","0","2 - CLOUDY","KAWASAKI","UNKNOWN (KAWASAKI)","2011","0","1 - NOT WORN"
"20176292","HOUSTON","2023-12-27","0","1 - CLEAR","KAWASAKI","EX300 (KAWASAKI)","2014","0","2 - WORN, DAMAGED"
"19950706","HOUSTON","2023-12-28","0","1 - CLEAR","YAMAHA","UNKNOWN (YAMAHA)","2013","0","4 - WORN, UNK DAMAGE"
"19959635","COLLEGE STATION","2023-12-28","0","1 - CLEAR","KAWASAKI","EX300 (KAWASAKI)","2017","0","2 - WORN, DAMAGED"
"19961445","OUTSIDE CITY LIMITS","2023-12-28","1","1 - CLEAR","SUZUKI","GSX (SUZUKI)","2022","1","2 - WORN, DAMAGED"
"19961445","OUTSIDE CITY LIMITS","2023-12-28","1","1 - CLEAR","FORD","F150 (FORD)","2003","0","97 - NOT APPLICABLE"
"19964110","OUTSIDE CITY LIMITS","2023-12-28","1","1 - CLEAR","OTHER (EXPLAIN IN NARRATIVE)","OTHER (EXPLAIN IN NARRATIVE) (OTHER (EXPLAIN IN NARRATIVE))","2012","1","1 - NOT WORN"
"19964110","OUTSIDE CITY LIMITS","2023-12-28","1","1 - CLEAR","FORD","F750 (FORD)","2016","0","97 - NOT APPLICABLE"
"19949830","LAREDO","2023-12-29","0","1 - CLEAR","FORD","TAURUS (FORD)","2008","0","97 - NOT APPLICABLE"
"19949830","LAREDO","2023-12-29","0","1 - CLEAR","BUELL","UNKNOWN (BUELL)","2006","0","1 - NOT WORN"
"19951569","PARIS","2023-12-29","1","1 - CLEAR","HONDA","UNKNOWN (HONDA)","2018","1","2 - WORN, DAMAGED"
"19952068","SAN ANTONIO","2023-12-29","0","1 - CLEAR","TOYOTA","AVALON (TOYOTA)","2006","0","97 - NOT APPLICABLE"
"19952068","SAN ANTONIO","2023-12-29","0","1 - CLEAR","HARLEY-DAVIDSON","FXSTI (HARLEY-DAVIDSON)","2004","0","2 - WORN, DAMAGED"
"19955859","OUTSIDE CITY LIMITS","2023-12-29","0","1 - CLEAR","KAWASAKI","NINJA ZX (KAWASAKI)","2023","0","2 - WORN, DAMAGED"
"19955859","OUTSIDE CITY LIMITS","2023-12-29","0","1 - CLEAR","FORD","F150 (FORD)","2006","0","97 - NOT APPLICABLE"
"19958398","OUTSIDE CITY LIMITS","2023-12-29","1","1 - CLEAR","MERCURY","MARINER (MERCURY)","2005","0","97 - NOT APPLICABLE"
"19958398","OUTSIDE CITY LIMITS","2023-12-29","1","1 - CLEAR","SUZUKI","GSX (SUZUKI)","2005","1","2 - WORN, DAMAGED"
"19950743","ALVIN","2023-12-30","0","1 - CLEAR","HARLEY-DAVIDSON","FXDL (HARLEY-DAVIDSON)","2004","0","1 - NOT WORN"
"19951090","FRISCO","2023-12-30","0","1 - CLEAR","KAWASAKI","ZX636 (KAWASAKI)","2024","0","3 - WORN, NOT DAMAGED"
"19951090","FRISCO","2023-12-30","0","1 - CLEAR","FORD","MUSTANG (FORD)","2019","0","97 - NOT APPLICABLE"
"19951090","FRISCO","2023-12-30","0","1 - CLEAR","FORD","MUSTANG (FORD)","2019","0","97 - NOT APPLICABLE"
"19954776","DALLAS","2023-12-30","0","1 - CLEAR","SUZUKI","GSX-R600 (SUZUKI)","2005","0","3 - WORN, NOT DAMAGED"
"19954776","DALLAS","2023-12-30","0","1 - CLEAR","DUCATI","SUPERSPORT (DUCATI)","2022","0","2 - WORN, DAMAGED"
"19961849","DALLAS","2023-12-30","0","1 - CLEAR","HYUNDAI","SANTA FE (HYUNDAI)","2010","0","97 - NOT APPLICABLE"
"19961849","DALLAS","2023-12-30","0","1 - CLEAR","HARLEY-DAVIDSON","FLSTC (HARLEY-DAVIDSON)","2010","0","2 - WORN, DAMAGED"
"19963766","OUTSIDE CITY LIMITS","2023-12-30","0","2 - CLOUDY","ALL OTHER MAKES","UNKNOWN (ALL OTHER MAKES)","2023","0","3 - WORN, NOT DAMAGED"
"19966612","DUMAS","2023-12-30","1","1 - CLEAR","APRILIA","RSV (APRILIA)","2022","1","1 - NOT WORN"
"19966612","DUMAS","2023-12-30","1","1 - CLEAR","KIA","TELLURIDE (KIA)","2022","0","97 - NOT APPLICABLE"
"19966612","DUMAS","2023-12-30","1","1 - CLEAR","KIA","TELLURIDE (KIA)","2022","0","97 - NOT APPLICABLE"
"19992847","OUTSIDE CITY LIMITS","2023-12-30","0","1 - CLEAR","HARLEY-DAVIDSON","ELW (HARLEY-DAVIDSON)","2010","0","2 - WORN, DAMAGED"
"19992847","OUTSIDE CITY LIMITS","2023-12-30","0","1 - CLEAR","HYUNDAI","KONA (HYUNDAI)","2021","0","97 - NOT APPLICABLE"
"19992847","OUTSIDE CITY LIMITS","2023-12-30","0","1 - CLEAR","HYUNDAI","KONA (HYUNDAI)","2021","0","97 - NOT APPLICABLE"
"19992847","OUTSIDE CITY LIMITS","2023-12-30","0","1 - CLEAR","HYUNDAI","KONA (HYUNDAI)","2021","0","97 - NOT APPLICABLE"
"19992847","OUTSIDE CITY LIMITS","2023-12-30","0","1 - CLEAR","HYUNDAI","KONA (HYUNDAI)","2021","0","97 - NOT APPLICABLE"
"19951591","PHARR","2023-12-31","0","1 - CLEAR","CHRYSLER","TOWN & COUNTRY (CHRYSLER)","2007","0","97 - NOT APPLICABLE"
"19951591","PHARR","2023-12-31","0","1 - CLEAR","INDIAN MOTORCYCLE CO.","CHIEF (INDIAN MOTORCYCLE CO.)","2023","0","1 - NOT WORN"
"19952120","SAN ANGELO","2023-12-31","0","1 - CLEAR","HARLEY-DAVIDSON","FXD (HARLEY-DAVIDSON)","2012","0","1 - NOT WORN"
"19952120","SAN ANGELO","2023-12-31","0","1 - CLEAR","HARLEY-DAVIDSON","FXD (HARLEY-DAVIDSON)","2012","0","1 - NOT WORN"
"19952120","SAN ANGELO","2023-12-31","0","1 - CLEAR","LINCOLN","MKX (LINCOLN)","2016","0","97 - NOT APPLICABLE"
"19952120","SAN ANGELO","2023-12-31","0","1 - CLEAR","LINCOLN","MKX (LINCOLN)","2016","0","97 - NOT APPLICABLE"
"19952120","SAN ANGELO","2023-12-31","0","1 - CLEAR","BUICK","ENCLAVE (BUICK)","2015","0","97 - NOT APPLICABLE"
"19952120","SAN ANGELO","2023-12-31","0","1 - CLEAR","BUICK","ENCLAVE (BUICK)","2015","0","97 - NOT APPLICABLE"
"19954166","DALLAS","2023-12-31","0","1 - CLEAR","KAWASAKI","ZX600 (KAWASAKI)","2024","0","3 - WORN, NOT DAMAGED"
"19954166","DALLAS","2023-12-31","0","1 - CLEAR","CHEVROLET","TAHOE (CHEVROLET)","2008","0","97 - NOT APPLICABLE"
"19956021","OUTSIDE CITY LIMITS","2023-12-31","0","1 - CLEAR","HARLEY-DAVIDSON","FLST (HARLEY-DAVIDSON)","2011","0","2 - WORN, DAMAGED"
"19957334","WAXAHACHIE","2023-12-31","0","1 - CLEAR","INFINITI","G35 (INFINITI)","2008","0","97 - NOT APPLICABLE"
"19957334","WAXAHACHIE","2023-12-31","0","1 - CLEAR","HONDA","GROM (HONDA)","2022","0","2 - WORN, DAMAGED"
"19959786","HOUSTON","2023-12-31","0","1 - CLEAR","CHEVROLET","SILVERADO (CHEVROLET)","2014","0","97 - NOT APPLICABLE"
"19959786","HOUSTON","2023-12-31","0","1 - CLEAR","HARLEY-DAVIDSON","FLSTC (HARLEY-DAVIDSON)","2006","0","1 - NOT WORN"
"19959786","HOUSTON","2023-12-31","0","1 - CLEAR","HARLEY-DAVIDSON","FLSTC (HARLEY-DAVIDSON)","2006","0","1 - NOT WORN"
"19962032","MIDLAND","2023-12-31","0","1 - CLEAR","KTM","690 (KTM)","2017","0","1 - NOT WORN"
"19962730","DALLAS","2023-12-31","0","1 - CLEAR","UNKNOWN","UNKNOWN (UNKNOWN)","No Data","0","97 - NOT APPLICABLE"
"19962730","DALLAS","2023-12-31","0","1 - CLEAR","ALL OTHER MAKES","UNKNOWN (ALL OTHER MAKES)","No Data","0","99 - UNKNOWN IF WORN"
"19975391","DALLAS","2023-12-31","1","2 - CLOUDY","KAWASAKI","NINJA ZX (KAWASAKI)","2013","1","2 - WORN, DAMAGED"
"19979856","HOUSTON","2023-12-31","0","1 - CLEAR","YAMAHA","YZFR1 (YAMAHA)","2022","0","2 - WORN, DAMAGED"
"20002081","HOUSTON","2023-12-31","0","1 - CLEAR","YAMAHA","UNKNOWN (YAMAHA)","2016","0","4 - WORN, UNK DAMAGE"
"20002081","HOUSTON","2023-12-31","0","1 - CLEAR","YAMAHA","UNKNOWN (YAMAHA)","2016","0","2 - WORN, DAMAGED"
"20002081","HOUSTON","2023-12-31","0","1 - CLEAR","NISSAN","MURANO (NISSAN)","2012","0","97 - NOT APPLICABLE"
